{"result_id": "001040", "URL": "https://freeworldnews.tv/watch?id=612387284a5b1f663eb13459", "timestamp": "2023-04-25 11:44:41 CEST+0200", "meta": {"description": "Dr. Sean Brooks breaks down how the mRNA COVID vaccines are going to kill you! \n\n  At an Ohio school board hearing, a man who identified himself as Dr. Sean Brooks, Ph.D., made several statements concerning COVID-19 immunizations.\n Brooks identifies himself at one point in the video, which you can watch here.\n\nHe said, \u201cDr. Sean Brooks, Ph.D., Oxford. I have 48 publications including 23 books. I\u2019ve studied health medicine, anatomy, and physiology for approximately 21 years.\u201d\n\nHe warned parents and board members that those who received the vaccine would die and become sterile.\n\n   Dr. Sean Brooks has a Ph.D. in Education and has a podcast where he discusses American Education.", "lang": "en", "keywords": "", "favicon": "/images/app-icon/apple-icon-180.png", "canonical": "https://freeworldnews.tv/watch?id=612387284a5b1f663eb13459", "encoding": "utf-8"}, "image": null, "domain": "freeworldnews.tv", "title": "(VIRAL VIDEO) Dr. Sean Brooks Warns Vaccinated Will Die Soon!", "cleaned_text": "Confirm to receive notifications when channels you've subscribed to upload new videos.\n\nYou can activate this any time from the settings page.", "opengraph": {"locale": "en_US", "video": "https://assets.infowarsmedia.com/videos/37514874-7c90-441d-887c-be1dcca0886a.mp4", "video:secure_url": "https://assets.infowarsmedia.com/videos/37514874-7c90-441d-887c-be1dcca0886a.mp4", "video:type": "video/mp4", "video:width": "1280", "video:height": "720", "url": "https://madmaxworld.tv/watch?id=612387284a5b1f663eb13459", "type": "video.movie", "title": "(VIRAL VIDEO) Dr. Sean Brooks Warns Vaccinated Will Die Soon!", "description": "Dr. Sean Brooks breaks down how the mRNA COVID vaccines are going to kill you! \n\n  At an Ohio school board hearing, a man who identified himself as Dr. Sean Brooks, Ph.D., made several statements concerning COVID-19 immunizations.\n Brooks identifies himself at one point in the video, which you can watch here.\n\nHe said, \u201cDr. Sean Brooks, Ph.D., Oxford. I have 48 publications including 23 books. I\u2019ve studied health medicine, anatomy, and physiology for approximately 21 years.\u201d\n\nHe warned parents and board members that those who received the vaccine would die and become sterile.\n\n   Dr. Sean Brooks has a Ph.D. in Education and has a podcast where he discusses American Education.", "image": "https://assets.infowarsmedia.com/images/d2288a25-b853-4e68-a4c0-25f3deb6f2ce-large.jpg", "image:alt": "(VIRAL VIDEO) Dr. Sean Brooks Warns Vaccinated Will Die Soon!", "site_name": "Banned.Video"}, "tags": [], "tweets": [], "movies": [], "links": [], "authors": [], "publish_date": null}