{"result_id": "003010", "URL": "https://79days.news/watch?id=5fcfd9de36e1a46b3ed347fe", "timestamp": "2023-04-25 11:45:14 CEST+0200", "meta": {"description": "Even though judgments are severely limited, $218 Million has been awarded in arbitration by Fauci\u2019s \u201cvaccine court\u201d.  And, does the WHO considering a \u201cchallenge test\u201d for the COVID vaccines, show that THEY think the effectiveness numbers on vaccine are total BS?\n\nFor viral content, in-depth insights and breaking news be sure to follow David Knight on Parler and Twitter @Libertytarian", "lang": "en", "keywords": "", "favicon": "/images/app-icon/apple-icon-180.png", "canonical": "https://79days.news/watch?id=5fcfd9de36e1a46b3ed347fe", "encoding": "utf-8"}, "image": null, "domain": "79days.news", "title": "$218M In Vaccine Injuries; WHO Considers \u201cChallenge Test\u201d For COVID Vaccine", "cleaned_text": "Confirm to receive notifications when channels you've subscribed to upload new videos.\n\nYou can activate this any time from the settings page.", "opengraph": {"locale": "en_US", "video": "https://assets.infowarsmedia.com/videos/54dcc347-7e37-45db-83c4-a4c90d275833.mp4", "video:secure_url": "https://assets.infowarsmedia.com/videos/54dcc347-7e37-45db-83c4-a4c90d275833.mp4", "video:type": "video/mp4", "video:width": "1280", "video:height": "720", "url": "https://madmaxworld.tv/watch?id=5fcfd9de36e1a46b3ed347fe", "type": "video.movie", "title": "$218M In Vaccine Injuries; WHO Considers \u201cChallenge Test\u201d For COVID Vaccine", "description": "Even though judgments are severely limited, $218 Million has been awarded in arbitration by Fauci\u2019s \u201cvaccine court\u201d.  And, does the WHO considering a \u201cchallenge test\u201d for the COVID vaccines, show that THEY think the effectiveness numbers on vaccine are total BS?\n\nFor viral content, in-depth insights and breaking news be sure to follow David Knight on Parler and Twitter @Libertytarian", "image": "https://assets.infowarsmedia.com/images/2ffc8529-aea0-437c-a234-db67d04eeb9e-large.jpg", "image:alt": "$218M In Vaccine Injuries; WHO Considers \u201cChallenge Test\u201d For COVID Vaccine", "site_name": "Banned.Video"}, "tags": [], "tweets": [], "movies": [], "links": [], "authors": [], "publish_date": null}