{"result_id": "003006", "URL": "https://www.79days.news/watch?id=61e0ea4ed5672471accd24e3", "timestamp": "2023-04-25 11:45:12 CEST+0200", "meta": {"description": "Owen explains what impact the Supreme Court decision will have.", "lang": "en", "keywords": "", "favicon": "/images/app-icon/apple-icon-180.png", "canonical": "https://www.79days.news/watch?id=61e0ea4ed5672471accd24e3", "encoding": "utf-8"}, "image": null, "domain": "www.79days.news", "title": "What The Supreme Court Decision On Vaccine Mandates Actually Means", "cleaned_text": "Confirm to receive notifications when channels you've subscribed to upload new videos.\n\nYou can activate this any time from the settings page.", "opengraph": {"locale": "en_US", "video": "https://assets.infowarsmedia.com/videos/6cee3380-4f16-44e7-ac98-fc820f552b97.mp4", "video:secure_url": "https://assets.infowarsmedia.com/videos/6cee3380-4f16-44e7-ac98-fc820f552b97.mp4", "video:type": "video/mp4", "video:width": "1280", "video:height": "720", "url": "https://madmaxworld.tv/watch?id=61e0ea4ed5672471accd24e3", "type": "video.movie", "title": "What The Supreme Court Decision On Vaccine Mandates Actually Means", "description": "Owen explains what impact the Supreme Court decision will have.", "image": "https://assets.infowarsmedia.com/images/d409f34c-7c3c-4640-aaa9-b655c840ddd5-large.jpg", "image:alt": "What The Supreme Court Decision On Vaccine Mandates Actually Means", "site_name": "Banned.Video"}, "tags": [], "tweets": [], "movies": [], "links": [], "authors": [], "publish_date": null}