{"result_id": "016013", "URL": "https://altermedzentrum.com/studie-geimpften-blut-mindestens-ein-monat-lang-mit-mrna-kontaminiert/", "timestamp": "2023-04-25 11:57:32 CEST+0200", "meta": {"description": "", "lang": "de", "keywords": "", "favicon": "https://altermedzentrum.com/wp-content/uploads/2018/10/cropped-ay-32x32.jpg", "canonical": "https://altermedzentrum.com/studie-geimpften-blut-mindestens-ein-monat-lang-mit-mrna-kontaminiert/", "encoding": "UTF-8"}, "image": null, "domain": "altermedzentrum.com", "title": "Studie: Geimpften-Blut mindestens ein Monat lang mit mRNA kontaminiert", "cleaned_text": "Studie: Geimpften-Blut mindestens ein Monat lang mit mRNA kontaminiert\n\nNoch vier Wochen nach der Verabreichung einer mRNA-Spritze gegen Covid-19 kann das Blut mit mRNA-Vakzinsequenzen kontaminiert sein. Dies zeigt eine Studie zu Spenderblut. Dies widerspricht der bislang verbreiteten Behauptung, die mRNA l\u00f6se sich rasch auf \u2026\n\nDie mRNA-Sequenzen aus den experimentellen Covid-Impfstoffen lassen sich nicht nur in der Muttermilch und in Organen nachweisen, sondern auch noch wochenlang sp\u00e4ter im Blut. Dies zeigen Untersuchungen von Geimpften-Blut durch Wissenschaftler aus D\u00e4nemark, die in der Studie \u201cSARS-CoV-2 spike mRNA vaccine sequences circulate in blood up to 28 days after COVID-19 vaccination\u201d ver\u00f6ffentlicht wurden. Auch dies widerlegt die Behauptungen, wonach die mRNA-Sequenzen aus den Genspritzen \u201cnur an der Injektionsstelle\u201d bleiben und sich innerhalb k\u00fcrzester Zeit aufl\u00f6sen w\u00fcrden.\n\nEigentlich wollten die Wissenschaftler eine ganz andere Untersuchung in Bezug auf Hepatitis durchf\u00fchren. Im Zuge dessen entschieden sich dazu, die Blutproben der gegen Covid-19 Geimpften auch auf mRNA-Sequenzen der Genspritzen zu untersuchen. Dabei stellten sie sicher, mit einer Ungeimpften-Gruppe eine Kontrollgruppe zu haben. Ebenso unterschieden sie zwischen Impfstoff-mRNA und viraler RNA von SARS-CoV-2. Zudem differenzierten sie auch zwischen den Genspritzen von Pfizer und Moderna, die unterschiedliche Nukleotide enthalten. Dabei stellten sie Folgendes fest:\n\n\u2026 von den 108 Patientenproben wiesen 10 Proben (9,3 %) Teil- oder Vollsequenzen der Impfstoff-mRNA-Sequenz auf (Abb. 1), die ein bis 28 Tage nach der Impfung identifiziert wurden. Es bestand eine ~100%ige Identit\u00e4t zwischen den im Plasma gefundenen mRNA-Nukleotidsequenzen und der spezifischen mRNA des verabreichten Impfstoffs. F\u00fcr die 10 Proben waren im Median 5,5 Millionen Rohdatenpaare verf\u00fcgbar (siehe Tabelle S1). Breite und Tiefe der Abdeckung der Impfstoff-mRNA-Sequenzen reichten von Vollst\u00e4ndigkeit bzw. >20 000 bis zu kurzen Fragmenten mit einer Abdeckungstiefe von 100 (Abb. 1). Keine der negativen oder HCV-positiven Kontrollen hatte SARS-CoV-2 \u00fcbereinstimmende Reads.\n\nDie Daten zeigen aber auch, dass man bei Blutspenden von mRNA-Geimpften vorsichtig sein sollte. Insbesondere dann, wenn das Blut S\u00e4uglingen verabreicht wird. Denn \u2013 so die Studie \u2013 rund zehn Prozent aller Blutspenden von Geimpften enthalten solche mRNA-Sequenzen. Es scheint, als ob diesbez\u00fcglich umfangreichere Studien notwendig sind, um die tats\u00e4chlichen Risiken absch\u00e4tzen zu k\u00f6nnen.", "opengraph": {"type": "article", "url": "https://altermedzentrum.com/studie-geimpften-blut-mindestens-ein-monat-lang-mit-mrna-kontaminiert/", "title": "Studie: Geimpften-Blut mindestens ein Monat lang mit mRNA kontaminiert", "description": "Noch vier Wochen nach der Verabreichung einer mRNA-Spritze gegen Covid-19 kann das Blut mit mRNA-Vakzinsequenzen", "site_name": "altermed zentrum", "image": "https://altermedzentrum.com/wp-content/uploads/2023/02/e4opk.jpg", "image:width": "760", "image:height": "525"}, "tags": [], "tweets": [], "movies": [], "links": ["https://www.facebook.com/sharer/sharer.php?u=https%3A%2F%2Faltermedzentrum.com%2Fstudie-geimpften-blut-mindestens-ein-monat-lang-mit-mrna-kontaminiert%2F&t=Studie%3A+Geimpften-Blut+mindestens+ein+Monat+lang+mit+mRNA+kontaminiert", "https://report24.news/kritiker-hatten-recht-impf-mrna-in-muttermilch-nachgewiesen-mainstream-hinterfragt-unbedenklichkeit/", "https://report24.news/prof-bhakdi-beweise-fuer-gefaess-und-organschaeden-durch-mrna-impfstoffe-unwiderlegbar/", "https://onlinelibrary.wiley.com/doi/10.1111/apm.13294", "https://onlinelibrary.wiley.com/doi/10.1111/apm.13294", "https://www.facebook.com/sharer/sharer.php?u=https%3A%2F%2Faltermedzentrum.com%2Fstudie-geimpften-blut-mindestens-ein-monat-lang-mit-mrna-kontaminiert%2F&t=Studie%3A+Geimpften-Blut+mindestens+ein+Monat+lang+mit+mRNA+kontaminiert", "https://api.whatsapp.com/send?text=Studie%3A%20Geimpften-Blut%20mindestens%20ein%20Monat%20lang%20mit%20mRNA%20kontaminiert https%3A%2F%2Faltermedzentrum.com%2Fstudie-geimpften-blut-mindestens-ein-monat-lang-mit-mrna-kontaminiert%2F", "https://www.instagram.com/", "https://altermedzentrum.com/studie-geimpften-blut-mindestens-ein-monat-lang-mit-mrna-kontaminiert/", "https://api.whatsapp.com/send?text=Studie%3A%20Geimpften-Blut%20mindestens%20ein%20Monat%20lang%20mit%20mRNA%20kontaminiert https%3A%2F%2Faltermedzentrum.com%2Fstudie-geimpften-blut-mindestens-ein-monat-lang-mit-mrna-kontaminiert%2F", "https://www.instagram.com/", "https://altermedzentrum.com/studie-geimpften-blut-mindestens-ein-monat-lang-mit-mrna-kontaminiert/"], "authors": [], "publish_date": "Februar 21, 2023"}