{"result_id": "019020", "URL": "https://www.alternativenews.com/Glitch-news.asp", "timestamp": "2023-04-25 11:59:15 CEST+0200", "meta": {"description": "Real-time headlines covering health, government, prepardness, environment, liberty and more", "lang": "en", "keywords": "Health, Government, Spirituality, Preparedness, Environment, Weird, Liberty, Press Releases, Finance, Society", "favicon": "//www.alternativenews.com/Images/icon.ico", "canonical": "https://www.alternativenews.com/Glitch-news.asp", "encoding": "iso-8859-1"}, "image": null, "domain": "www.alternativenews.com", "title": "The Independent News Source for Free-Thinking People", "cleaned_text": "", "opengraph": {"title": "AlternativeNews.com - The Independent News Source for Free-Thinking People", "type": "website", "url": "https://www.AlternativeNews.com", "site_name": "AlternativeNews.com", "description": "Real-time headlines covering health, government, prepardness, environment, liberty and more", "image": "https://www.AlternativeNews.com/images/AlternativeNews-640x360.jpg"}, "tags": [], "tweets": [], "movies": [], "links": ["//glitch.news/2019-03-15-dangerous-malware-discovered-that-could-bring-down-the-power-grid.html", "//glitch.news/2019-03-12-red-alert-democrats-are-trying-to-steal-2020-election.html", "//glitch.news/2019-03-08-smartphone-screens-are-dirtier-than-a-toilet-seat.html", "//glitch.news/2019-03-06-5g-trojan-horse-for-harming-humanity.html", "//glitch.news/2019-03-02-three-hours-of-daily-screen-time-significantly-increases-your-childs-chance-of-developing-type-2-diabetes.html", "//glitch.news/2019-02-27-conservative-publishers-targeted-for-censorship-by-facebook-class-action-suit.html", "//glitch.news/2019-02-20-target-shopping-app-uses-algorithm-and-tracking-data-to-trick-customers-into-paying-more.html", "//glitch.news/2019-02-18-apple-now-dominated-by-satanic-influence-to-silence-all-that-is-true.html", "//glitch.news/2019-02-11-under-new-law-twitter-could-now-decide-whether-people-are-allowed-to-own-guns-techno-fascism.html", "//glitch.news/2019-02-06-mit-scientists-confirm-technology-to-beam-voices-into-your-head.html", "//glitch.news/2019-02-01-risks-of-5g-wireless-radiation-are-too-serious-to-ignore.html", "//glitch.news/2019-01-30-microsoft-censorship-tool-newsguard-gives-favorable-ratings-to-sites-that-falsely-accused-convington-catholic.html", "//glitch.news/2019-01-27-federal-government-should-yank-frequencies-from-telecommunications-companies.html", "//glitch.news/2019-01-23-google-downgrade-search-results-for-pro-life-content.html", "//glitch.news/2019-01-16-arrest-google-ceo-sundar-pichai-for-lying-under-oath-to-congress-google.html", "//glitch.news/2019-01-09-ford-vehicles-to-deploy-5g-brain-cancer-technology-in-vehicles.html", "//glitch.news/2019-01-05-cars-already-on-the-road-can-be-hacked.html", "//glitch.news/2019-01-03-amazon-alexa-a-demon-device-to-blackmail-you-for-life.html", "//glitch.news/2018-12-30-us-cybersecurity-experts-major-attacks-on-power-infrastructure.html", "//glitch.news/2018-12-21-possible-dangers-of-5g.html", "//glitch.news/2018-12-16-time-to-break-up-the-tech-giants.html", "//glitch.news/2018-12-11-arrest-google-ceo-sundar-pichai-for-lying-to-congress.html", "//glitch.news/2018-12-06-google-extreme-bias-against-conservative-content.html", "//glitch.news/2018-11-28-is-your-cellphone-a-psychotronic-weapon.html", "//glitch.news/2018-11-11-court-rules-that-your-4th-amendment-right-to-privacy-is-a-privilege.html", "//glitch.news/2019-03-14-amazon-exposed-as-an-extension-of-the-cia-deep-state.html", "//glitch.news/2019-03-10-evil-google-still-building-technology-for-communist-regime-that-harvests-organs.html", "//glitch.news/2019-03-08-major-vulnerabilities-discovered-in-high-performance-computer-chips-could-lead-to-massive-failures.html", "//glitch.news/2019-03-06-google-lied-about-scrapping-plans-to-launch-censored-search-engine-for-china-dragonfly.html", "//glitch.news/2019-03-02-ai-learns-hiding-data-modern-tech-lie-and-cheat.html", "//glitch.news/2019-02-27-internet-thought-police-are-blocking-access-to-human-knowledge.html", "//glitch.news/2019-02-19-tesla-car-autopilot-veers-off-highway-crashes-into-road-signs.html", "//glitch.news/2019-02-14-facebook-is-actually-run-by-the-obama-deep-state.html", "//glitch.news/2019-02-11-apple-demands-natural-news-stop-writing-about-abortions-or-satanism.html", "//glitch.news/2019-02-04-are-modern-telecommunications-fueling-a-global-infertility-crisis.html", "//glitch.news/2019-02-01-google-may-face-racketeering-lawsuits-for-colluding-splc.html", "//glitch.news/2019-01-29-hp-says-will-prohibit-users-from-printing-objects.html", "//glitch.news/2019-01-25-microsoft-now-conspiring-with-pro-monsanto-front-group-newsguard.html", "//glitch.news/2019-01-19-google-employees-consider-the-word-family-to-be-hate-speech.html", "//glitch.news/2019-01-16-quitting-facebook-can-significantly-improve-your-mental-health.html", "//glitch.news/2019-01-08-experts-warn-5g-technology-will-blanket-the-earth-microwave-frequencies.html", "//glitch.news/2019-01-04-apple-bans-christian-app-war-on-christianity.html", "//glitch.news/2019-01-01-radiation-from-cellphones-increases-risk-of-miscarriage.html", "//glitch.news/2018-12-28-att-to-deliberately-hoax-its-own-customers-by-falsely-labeling-4g-phones-with-5g-icon.html", "//glitch.news/2018-12-19-microchip-brain-implants-delete-bad-memories.html", "//glitch.news/2018-12-13-excessive-screen-time-harm-kids-brains.html", "//glitch.news/2018-12-10-amazon-warehouse-robot-pepper-sprays-24-employees.html", "//glitch.news/2018-12-02-google-now-spying-on-students-using-classroom-technology.html", "//glitch.news/2018-11-26-space-storms-will-wipe-out-modern-society.html", "//glitch.news/2018-11-11-environmental-cost-of-making-a-smartphone.html", "//glitch.news/2019-03-13-gop-senator-blasts-google-over-lies-about-consumer-privacy-tracking.html", "//glitch.news/2019-03-10-selfie-wrist-and-why-its-a-real-problem.html", "//glitch.news/2019-03-07-facebook-bans-vaccine-dogma-ban-articles-about-chemotherapy-fluoride.html", "//glitch.news/2019-03-06-conservatives-should-reject-the-outcome-of-the-2020-election-unless-free-speech-is-restored-online.html", "//glitch.news/2019-03-01-handheld-electronic-devices-source-of-toxic-chemicals.html", "//glitch.news/2019-02-27-cell-phone-radiation-and-dental-amalgams-damaging-your-health.html", "//glitch.news/2019-02-19-more-proof-google-works-for-china-taiwan-military-missile-sites.html", "//glitch.news/2019-02-14-twitter-rigging-likes-for-ocasio-cortez.html", "//glitch.news/2019-02-08-important-facts-that-you-need-to-know-about-emf-and-electro-sensitivity.html", "//glitch.news/2019-02-04-snopes-throws-in-the-towel-with-facebook-fact-checking-after-being-caught-fabricating-lies.html", "//glitch.news/2019-01-31-newsguard-browser-plug-in-claims-to-certify-real-news-despite-biased-board-of-directors-deception.html", "//glitch.news/2019-01-29-elon-musks-advanced-technology-spaceship-blown-over-by-a-gust-of-wind.html", "//glitch.news/2019-01-24-bombshell-twitter-ceo-jack-dorsey-admits-social-media-definitely-collaborates-on-censorship.html", "//glitch.news/2019-01-17-big-techs-communist-china-beta-test-for-america-were-caught-in-an-electronic-prison-of-our-own-making.html", "//glitch.news/2019-01-12-tesla-owner-attempts-to-refuel-electric-car-with-gasoline-pump.html", "//glitch.news/2019-01-07-google-is-the-enemy-of-humanity.html", "//glitch.news/2019-01-03-netflix-censors-left-wing-comic-to-appease-saudi-regime-as-tech-giants-go-all-in-with-tyranny.html", "//glitch.news/2018-12-31-youtube-alters-search-results-to-appease-pro-abortion-leftists.html", "//glitch.news/2018-12-24-financial-guru-roubini-bitcoin-biggest-bubble-in-human-history.html", "//glitch.news/2018-12-19-excessive-use-of-social-media-is-turning-us-into-narcissists.html", "//glitch.news/2018-12-12-google-employees-plotted-to-demonetize-conservative-publishers.html", "//glitch.news/2018-12-07-internal-documents-prove-facebook-lawless-data-mining-criminal-operation.html", "//glitch.news/2018-11-30-tech-giants-rapidly-becoming-extension-of-the-state-online-fascism.html", "//glitch.news/2018-11-15-absolute-scientific-proof-that-cell-phone-radiation-causes-cancer.html", "//glitch.news/2018-11-11-evil-tech-giants-need-to-be-split-up-to-protect-humanity.html", "//glitch.news/2019-03-13-tech-neck-what-is-it-and-how-can-you-prevent-it.html", "//glitch.news/2019-03-09-smart-phones-sold-outside-the-u-s-are-more-secure.html", "//glitch.news/2019-03-07-every-wi-fi-router-can-now-be-hacked-with-krack-attack.html", "//glitch.news/2019-03-05-3d-print-of-your-head-is-all-it-takes-to-open-your-phone.html", "//glitch.news/2019-03-01-facebook-whistleblower-reveal-that-mark-zuckerberg-lied-to-congress.html", "//glitch.news/2019-02-23-burglars-can-break-into-your-house-through-smart-home-devices.html", "//glitch.news/2019-02-18-your-tv-could-be-listening-in-on-everything-you-watch.html", "//glitch.news/2019-02-13-we-are-now-living-in-a-dark-age-of-internet-censorship-due-to-dishonest-tech-giants.html", "//glitch.news/2019-02-07-science-is-clear-wi-fi-increases-risk-of-brain-cancer.html", "//glitch.news/2019-02-03-new-ways-your-internet-browsing-history-is-exposed.html", "//glitch.news/2019-01-30-bluetooth-earpieces-can-increase-your-risk-of-dizziness-depression.html", "//glitch.news/2019-01-28-unethical-facebook-caught-tricking-kids-into-spending-their-parents-money-on-in-game-purchases.html", "//glitch.news/2019-01-24-humanity-is-becoming-more-electrosensitive.html", "//glitch.news/2019-01-16-cell-phone-radiation-health-issues-children-unborn-babies.html", "//glitch.news/2019-01-10-google-caught-secretly-recording-conversations-mobile-device.html", "//glitch.news/2019-01-06-how-apple-and-google-obliterated-the-first-amendment.html", "//glitch.news/2019-01-03-2018-remembered-as-year-of-tech-censorship.html", "//glitch.news/2018-12-31-wifi-radiation-could-increase-the-risk-of-miscarriages.html", "//glitch.news/2018-12-24-google-is-so-evil-employees-are-protesting-the-tech-giant.html", "//glitch.news/2018-12-17-christian-group-demands-tech-giants-stop-censorship-or-face-tidal-wave-of-lawsuits.html", "//glitch.news/2018-12-11-left-wing-authors-decrying-online-fascism-of-tech-giants.html", "//glitch.news/2018-12-07-google-covering-up-big-pharma-opioid-deaths.html", "//glitch.news/2018-11-29-safety-of-5g-technology-questions.html", "//glitch.news/2018-11-14-what-digital-devices-are-really-doing-to-our-brains.html", "//glitch.news/2018-11-08-google-admits-in-court-documents-that-it-believes-free-speech-is-disastrous-for-society.html"], "authors": [], "publish_date": null}