{"result_id": "024027", "URL": "https://aim4truth.org/2021/03/11/cat-report-698/amp/", "timestamp": "2023-04-25 12:01:59 CEST+0200", "meta": {"description": "", "lang": "en", "keywords": "", "favicon": "", "canonical": "https://aim4truth.org/2021/03/11/cat-report-698/", "encoding": "utf-8"}, "image": null, "domain": "aim4truth.org", "title": "VAXERS VACCINE EXPOSE \u2013 HUGE LIST OF DEATHS WITHIN A DAY OF INJECTION", "cleaned_text": "The \u2018vaccine\u2019 is a bioweapon of war.\n\nTexas attorney general tells local authorities they have until 6 pm to suspend mask mandates, or he\u2019ll sue\n\nImportant videos below. Please make sure your downline is notified. Thank you AIM Patriot Terry and Jazz for the links.\n\nVIDEO VAXERS VACCINE EXPOSE \u2013 HUGE LIST OF DEATHS WITHIN A DAY OF INJECTION\n\nBreaking: Healthy 39-yo mom dies four days after 2nd dose of Covid-19 vaccine\n\nVIDEO Amazing Polly \u2013 CDC IN COLLUSION WITH VACCINE MANUFACTURERS (SINCE 2004 AT LEAST!)\n\nAs the CEO of this organization I have resigned myself to the fact that Joe Biden is our President and that our taxes and government fees will substantially increase. To compensate for these increases, our prices will also have to increase by about 10%. Nevertheless, we cannot increase our prices right now because of the covid pandemic and slow state of the economy. Therefore, I regrettably will have to lay off sixty of our employees.\n\nThis decision has really been bothering me since I believe we are family here and I couldn\u2019t decide how to choose those who would have to go. So, this is what I did. I walked through our parking lots and found sixty \u2018Biden/ Harris\u2019 bumper stickers on our employees\u2019 cars, and I decided these folks will be the ones I would let go. I can\u2019t think of a more, fairer way to approach the layoff problem.\n\nThey voted for change\u2026\u2026now I have given it to them. I will see the rest of you at the annual company picnic.\n\nGarland Confirmed as Attorney General 70-30, Now Watch the Next Move\n\n\u201cA perfect encapsulation of the Republican votes to confirm showcase a who\u2019s who list of TWENTY DeceptiCons: Blunt, Burr, Capito, Cassidy, Collins, Cornyn, Ernst, Graham, Grassley, Inhofe, Johnson, Lankford, McConnell, Moran, Murkowski, Portman, Romney, Rounds, Thune and Tillis. Please remember these names because CTH keeps getting asked who are Mitch McConnell\u2019s DeceptiCon caucus members. Once again, here they are.\u201d\n\nConcept Incubator Would Grow Your Babies At Home\n\nWhat will $1.9 TRILLION do to the value of the money you have saved? How are you protecting your wealth? Do you really trust the stock market casino to protect your future?\n\nCost To Build A New Home Is Only Going Higher, Plywood Prices Are Just Plain Stupid\n\nWhen the banks collapse, the credit system and supply lines will as well. This will create bare shelves in the grocery stores. We recommend that AIMCats keep their pantries stocked so that they can weather the transition from the Federal Reserve note to whatever the next currency might be. Currencies around the world will be adversely effected by the collapse of the U.S. Dollar.\n\nYear\u2019s Supply Seven Basic Foods to Stockpile Prepper Pantry Year of Food\n\nDon\u2019t forget the gumbo ingredients while you are stocking the pantry! Gumbo 101 with Chef Leah Chase\n\nShungite!!! To Save the Bees (and Us!)\n\nHow 5G Will Kill the Birds, Bees, and Your Loved Ones\n\nThe video (above) reminded us of that time in February 2018 when Douglas and John Barnwell told usabout the amazing properties of shungite. Shungite, C60, Buckyballs, Ormus, and Superconnectivity\n\nAnother great way to save the bees, birds, cats, and humans from dangerous 5g is to\n\nPhysical Silver Ownership Might Just Destroy the Banker\u2019s Matrix\n\nThe Satanic Banker\u2019s Matrix arose on June 19, 1815, the day after Napoleon lost at Waterloo to Lord Wellington. The Rothschild gained ownership of the Bank of London by leveraging \u2018fake news\u2019 in the morning that Napoleon had won the battle.[1] By the time the military delivered the true news, this evil Khazarian[2] cabal now owned the City of London banks and just about all the mined silver under the British Empire throughout the world.\n\nSince than at least eight U.S. Presidents have attempted to end the power of the Khazarian mafia and return the power of silver back to the local people. Each died by poison or lead bullets. This includes the likes of Lincoln and Kennedy were murdered by these Khazarian international bankers.\n\nRemember history is purchased by those who are the victors still holding the silver purse. In fact, all the so called demons from the past, Napoleon, the Czarist Romanovs, Hitler, Mussolini, Hirohito, right up to the modern day Saddam Hussein and Muammar Gaddafi[3], like Presidents Lincoln and Kennedy, they all had introduced either their own alternative currency or a non-usury, non-Rothschild controlled monetary system.\n\nThey each failed because no one individual can return the power to the people. The Khazarian mafia can kill individuals but not mass movements. We The People must return the power of silver to ourselves. How? By each of us gaining possession of a handful of silver coins. If one or two percent of the American population succeeded in this task, 150 to 300 million ounces silver distributed back to the people would bankrupt the Rothschild Khazarian mafia which has pursued one world rule for centuries.\n\nThe Khazarian Rothschild Mafia only fears the power of We The People. It is for this reason the Khazarian mafia spends an enormous amount of its wealth controlling what we think, see, or hear. The Committee of 300 with its \u2018aristocracy,\u2019 its ownership of the U.S. Federal Reserve banking system, insurance companies, giant corporations, foundations, communications networks (including Hollywood), is presided over by fellow Khazarians\u2026a hierarchy of conspirators. This is Hebrew Jews, Muslims and Christians true enemy, the enemy of humanity as a whole.\n\nFormer MI6 intelligence officer and longtime respected author exposing the New World Order John Coleman from his 1992 book Committee of 300[4] summarizes what the future holds, if status quo prevails:\n\nA One World Government and one-unit monetary system under permanent non-elected hereditary oligarchists who self-select from among their numbers in the form of a feudal system as it was in the Middle Ages. In this One World entity, population will be limited by restrictions on the number of children per family, diseases, wars, famines, until 1 billion people who are useful to the ruling class, in areas which will be strictly and clearly defined, remain as the total world population.\n\nThere will be no middle class, only rulers and servants. All laws will be uniform under a legal system of world courts practicing the same unified code of laws, backed up by a One World Government police force and a One World unified military to enforce laws in all former countries where no national boundaries shall exist. The system will be on the basis of a welfare state; those who are obedient and subservient to the One World Government will be rewarded with the means to live; those who are rebellious will simply be starved to death or be declared outlaws, thus a target for anyone who wishes to kill them.\n\nPrivately owned firearms or weapons of any kind will be prohibited.[5]\n\nIf We the People want to take a stand against global genocide, we can begin by the simple task of buying physical silver and putting it aside for humanity\u2019s future. We can bankrupt our enemy.\n\nKnow Thy Enemy\u2026I highly recommend anyone freely reading chapters 27 & 28 of Jocachim Hagopian remarkable series, at the two links: https://pedoempire.org/chapter-27-the-rothschild-banking-dynasty-how-zionist-luciferian-overlords-came-to-rule-the-earth/ and https://pedoempire.org/chapter-28-the-3rd-lord-victor-rothschild-planets-20th-century-overlord-to-zionist-world-dictatorship/ . They can be downloaded freely along with any other chapters of the five book series.\n\n[1] This private intelligence service enabled Nathan to receive in London the news that Napoleon lost at the Battle of Waterloo a full day ahead of the government\u2019s official messengers. With this knowledge, Nathan decided to publicize false rumors that tricked the London Stock Exchange into believing that Napoleon had won. Nathan even started selling his English stocks, causing others to do the same in a frenzy to get rid of their \u201cworthless English money.\u201d The resulting Stock Market crash enabled Nathan Rothschild\u2019s agents to then buy up the London Stock Market dirt cheap and seize control of the Bank of England right before London found out the truth about the battle. See link: http://www.wisdom-square.com/nathan-rothschild-the-mastermind.html\n\n[2] Benjamin Freeman\u2019s 1961 Speech warning America about Khazarians falsely claiming to be Jews with the intention of destroying America. See link: http://www.sweetliberty.org/issues/israel/freedman.htm\n\n[4] The Committee of 300 is a product of the British East India Company\u2019s Council of 300. The East India Company was chartered by the British royal family in 1600. It made vast fortunes in the opium drug trade with China and became the largest company on earth in its time. Today, through many powerful alliances, the Committee of 300 rules the world and is the driving force behind the criminal agenda to create a \u2018New World Order,\u2019 under a \u2018Totalitarian Global Government.\u2019 There is no need to use \u2018they\u2019 or \u2018the enemy\u2019 except as shorthand. We know who \u2018they,\u2019 the enemy, is. See: John Coleman, \u201cThe Committee of 300: A Brief History of World Power\u2026 Venetian Black Nobility, Roots of Today\u2019s ruling Oligarchy,\u201d peerage.org, See link: https://www.peerage.org/genealogy/2000_John_Coleman_The_Committee_of_300_A_brief_history_of_world_power.pdf.\n\n[5] John Coleman, Conspirators\u2019 Hierarchy: The Story of the Committee of 300 (Carson City, Nevada: Joseph Holding Corp., 1992), p.104.\n\nRonan Manley Talks COMEX, CFTC & what comes next", "opengraph": {"type": "article", "title": "VAXERS VACCINE EXPOSE \u2013 HUGE LIST OF DEATHS WITHIN A DAY OF INJECTION", "url": "https://aim4truth.org/2021/03/11/cat-report-698/", "description": "Texas attorney general tells local authorities they have until 6 pm to suspend mask mandates, or he\u2019ll sue Healthy 39-yo mom dies four days after 2nd dose of Covid-19 vaccine VERNON COLEMAN &\u2026", "article:published_time": "2021-03-11T19:13:41+00:00", "article:modified_time": "2021-03-26T21:14:33+00:00", "site_name": "American Intelligence Media", "image": "http://img.youtube.com/vi/_cqM_tlMZeY/0.jpg", "image:secure_url": "https://img.youtube.com/vi/_cqM_tlMZeY/0.jpg", "image:width": "688", "image:height": "848", "locale": "en_US"}, "tags": [], "tweets": [], "movies": [], "links": ["https://www.washingtonexaminer.com/news/texas-paxton-demands-local-authorities-reopen-or-hell-sue", "https://www.bitchute.com/video/cRAu5g5JlE3T/", "https://noqreport.com/2021/03/10/healthy-39-yo-mom-dies-four-days-after-2nd-dose-of-covid-19-vaccine/", "https://www.bitchute.com/video/vCor9oesVCjB/", "https://www.bitchute.com/video/PkabtObIclTp/", "https://www.westernjournal.com/biden-executive-order-requires-taxpayers-fund-gender-transition-surgeries/", "https://thefederalist.com/2021/03/10/whitmers-michigan-state-health-department-refuses-to-release-nursing-home-covid-death-data/", "https://www.breitbart.com/politics/2021/03/10/michigan-democrat-admits-gretchen-whitmer-secret-payments-concerning/", "https://theconservativetreehouse.com/2021/03/10/garland-confirmed-as-attorney-general-70-30-now-watch-the-next-move/", "https://www.senate.gov/legislative/LIS/roll_call_lists/roll_call_vote_cfm.cfm?congress=117&session=1&vote=00114", "https://youtu.be/_cqM_tlMZeY", "https://www.youtube.com/watch?v=_cqM_tlMZeY", "https://youtu.be/-Vr9lBH5EKw", "https://www.youtube.com/watch?v=-Vr9lBH5EKw", "https://youtu.be/cgmdF9l7K9o", "https://www.youtube.com/watch?v=cgmdF9l7K9o", "https://youtu.be/DHIjwC3eqxg", "https://www.youtube.com/watch?v=DHIjwC3eqxg", "https://youtu.be/2Hfj_6EFYKQ", "https://www.youtube.com/watch?v=2Hfj_6EFYKQ", "https://youtu.be/dPakK2wuhcg", "https://www.youtube.com/watch?v=dPakK2wuhcg", "https://youtu.be/DDb1shBZeII", "https://www.youtube.com/watch?v=DDb1shBZeII", "https://patriots4truth.org/2018/02/04/how-5g-will-kill-the-birds-bees-and-your-loved-ones/", "https://youtu.be/wFYrAmt4gEc", "https://www.youtube.com/watch?v=wFYrAmt4gEc", "#_ftn1", "#_ftn2", "#_ftn3", "#_ftn4", "#_ftn5", "https://pedoempire.org/chapter-27-the-rothschild-banking-dynasty-how-zionist-luciferian-overlords-came-to-rule-the-earth/", "https://pedoempire.org/chapter-28-the-3rd-lord-victor-rothschild-planets-20th-century-overlord-to-zionist-world-dictatorship/", "#_ftnref1", "http://www.wisdom-square.com/nathan-rothschild-the-mastermind.html", "#_ftnref2", "http://www.sweetliberty.org/issues/israel/freedman.htm", "#_ftnref3", "https://pedoempire.org/chapter-28-the-3rd-lord-victor-rothschild-planets-20th-century-overlord-to-zionist-world-dictatorship/", "#_ftnref4", "https://www.peerage.org/genealogy/2000_John_Coleman_The_Committee_of_300_A_brief_history_of_world_power.pdf", "#_ftnref5", "https://youtu.be/9W6Wx2C2Mn0", "https://www.youtube.com/watch?v=9W6Wx2C2Mn0", "https://gab.com/Gabriels_Horn"], "authors": [], "publish_date": "2021-03-11T19:13:41+00:00"}