{"result_id": "029005", "URL": "https://www.ancient-origins.net/history-archaeology", "timestamp": "2023-04-25 12:04:02 CEST+0200", "meta": {"description": "", "lang": "en", "keywords": "History & Archaeology, ancient, archaeology, artifacts, myths, legends, history, ancient places", "favicon": "https://www.ancient-origins.net/apple-touch-icon-192x192.png", "canonical": "https://www.ancient-origins.net/history-archaeology", "encoding": "utf-8"}, "image": null, "domain": "www.ancient-origins.net", "title": "History & Archaeology | Ancient Origins", "cleaned_text": "A Norwegian man made a unique discovery back in the 80s while he was digging out a water well. His daughter was recently cleaning the basement of his house when she rediscovered what turned out to be...", "opengraph": {"site_name": "Ancient Origins Reconstructing the story of humanity's past"}, "tags": ["Read more about 2,500-Year-Old Tartessian Anthropomorphic Reliefs Revolutionize Thinking on Ancient Culture", "Read more about Opulent Roman Winery With Fountains of Grape Juice Uncovered", "Read more about Ritual Site Connected to Ancient Andean Cults Discovered in Bolivia", "Read more about Lost Roman Fortlet Rediscovered Near Scotland\u2019s Clydebank", "Read more about Norwegian Basement Yields Norse Iron Treasures, Museologists Ecstatic!", "Read more about Norse Greenlanders Traveled to North America and Europe for Timber for Five Centuries", "Read more about Ancient Formula for Super-Durable Maya Plaster Finally Revealed", "Read more about Lost For Two Millennia: Ancient Necropolis Found Beneath Paris Train Station", "Read more about New Evidence Reveals Full Astronomical Scope of Ancient Mayan Calendar", "Read more about Biggest Viking Treasure Trove in 50 Years Found in Denmark!", "Read more about How the Little Ice Age Caused Greenland Vikings to Jump Ship", "Read more about Archaeologists Uncover 2,000-Year-Old Maya Burials with Decapitation Marks in Mexico", "Read more about 1,000-Year-Old Native American Canoe Recovered in North Carolina Lake", "Read more about Xiongnu Princesses Shaped Mongolian Traditions, New Study Shows", "Read more about Trove of Ancient Artifacts Discovered in Paestum Include Dolphin Statuette of Eros", "Read more about Hidden Contents of 6 Egyptian Animal Coffins Revealed After 2,000 Years"], "tweets": [], "movies": [], "links": [], "authors": [], "publish_date": null}