{"result_id": "030009", "URL": "http://andmagazine.com/", "timestamp": "2023-04-25 12:05:12 CEST+0200", "meta": {"description": "", "lang": "en", "keywords": "", "favicon": "https://andmagazine.com/talk/wp-content/uploads/2018/11/cropped-and_magazine_a_500-32x32.jpg", "canonical": "https://andmagazine.com/talk/", "encoding": "UTF-8"}, "image": null, "domain": "andmagazine.com", "title": "We Won\u2019t Be Silenced \u2013 Why We\u2019re Moving To Substack", "cleaned_text": "AND Magazine is in the process of shifting its content to Substack. We made the decision to make this move[\u2026]", "opengraph": {"locale": "en_US", "type": "website", "title": "We Won\u2019t Be Silenced \u2013 Why We\u2019re Moving To Substack - ", "description": "AND Magazine is in the process of shifting its content to Substack.  We made the decision to make this move after many months of discussion and consideration.\n\n\n\nThe sad reality of maintaining a news and commentary site based on ad revenue is that we are dependent on the goodwill and impartiality of our commercial partners in guaranteeing we receive that", "url": "https://andmagazine.com/talk/2022/02/19/we-wont-be-silenced-why-were-moving-to-substack/", "image": "https://andmagazine.com/talk/wp-content/uploads/2022/02/freedom-of-speech-156029_1280.png", "image:width": "500", "image:height": "500"}, "tags": [], "tweets": [], "movies": [], "links": [], "authors": [], "publish_date": "February 17, 2022"}