{"result_id": "033019", "URL": "https://anti-empire.com/guest-author/the_local/", "timestamp": "2023-04-25 12:06:40 CEST+0200", "meta": {"description": "", "lang": "en", "keywords": "", "favicon": "https://anti-empire.com/wp-content/uploads/2016/11/favifavi.jpg", "canonical": "https://anti-empire.com/guest-author/the_local/", "encoding": "UTF-8"}, "image": null, "domain": "anti-empire.com", "title": "The Local", "cleaned_text": "", "opengraph": {"title": "The Local", "description": "Anti-Empire", "url": "https://anti-empire.com/guest-author/the_local/", "article:published_time": "2020-05-23 01:56:36", "article:modified_time": "0000-00-00 00:00:00", "locale": "en_US", "site_name": "Anti-Empire", "article:publisher": "https://www.facebook.com/CheckpointAsia/", "types": ["article", "website"]}, "tags": ["LOVE IT!", "Mind Virus Gestapo", "The Covid Rouge", "Freedom Shitholes", "Mind Virus-19", "The Flat Curve Society"], "tweets": [], "movies": [], "links": [], "authors": [], "publish_date": "2020-05-23 01:56:36"}