{"result_id": "035026", "URL": "https://www.apost.com/en/blog/cat/health/5/", "timestamp": "2023-04-25 12:07:31 CEST+0200", "meta": {"description": "apost", "lang": "en", "keywords": "", "favicon": "https://image.apost.com/static/img/favicon.ico", "canonical": "https://www.apost.com/en/blog/cat/health/5/", "encoding": "UTF-8"}, "image": null, "domain": "www.apost.com", "title": "health - apost", "cleaned_text": "", "opengraph": {"type": "article"}, "tags": [], "tweets": [], "movies": [], "links": [], "authors": ["apost"], "publish_date": null}