{"result_id": "039005", "URL": "https://www.assassinationscience.com/WhereThingsStand.pdf", "timestamp": "2023-04-25 12:09:56 CEST+0200", "meta": {"description": "", "lang": null, "keywords": "", "favicon": "", "canonical": "https://www.assassinationscience.com/WhereThingsStand.pdf", "encoding": null}, "image": null, "domain": "www.assassinationscience.com", "title": "", "cleaned_text": "", "opengraph": {}, "tags": [], "tweets": [], "movies": [], "links": [], "authors": [], "publish_date": null}