{"result_id": "040018", "URL": "https://www.australiannationalreview.com/global-issues/mcintyre-report-political-talk-show-episode-159-latest-data-shows-13-million-covid-vaccine-deaths-already-biden-ordered-nordstream-to-be-blown-up-part-3/", "timestamp": "2023-04-25 12:10:46 CEST+0200", "meta": {"description": "", "lang": "en", "keywords": "", "favicon": "https://www.australiannationalreview.com/wp-content/uploads/2021/07/favicon-4-512x512-1-150x150.png", "canonical": "https://www.australiannationalreview.com/global-issues/mcintyre-report-political-talk-show-episode-159-latest-data-shows-13-million-covid-vaccine-deaths-already-biden-ordered-nordstream-to-be-blown-up-part-3/", "encoding": "UTF-8"}, "image": null, "domain": "www.australiannationalreview.com", "title": "McIntyre Report Political Talk Show- Episode 159, \u2063Latest Data shows 13 million Covid Vaccine deaths already -Biden ordered Nordstream to be blown up - Part 3", "cleaned_text": "McIntyre Report Political Talk Show-Episode 159\n\n Latest Data shows 13 million Covid Vaccine deaths already -Biden ordered Nordstream to be blown up \u2013 Part 3", "opengraph": {"locale": "en_US", "type": "article", "title": "Australian National Review - McIntyre Report Political Talk Show- Episode 159, \u2063Latest Data shows 13 million Covid Vaccine deaths already -Biden ordered Nordstream to be blown up - Part 3", "description": "McIntyre Report Political Talk Show-Episode 159 Latest Data shows 13 million Covid Vaccine deaths already -Biden ordered Nordstream to be blown up \u2013 Part 3", "url": "https://www.australiannationalreview.com/global-issues/mcintyre-report-political-talk-show-episode-159-latest-data-shows-13-million-covid-vaccine-deaths-already-biden-ordered-nordstream-to-be-blown-up-part-3/", "site_name": "Australian National Review", "article:published_time": "2023-02-13T08:44:41+00:00", "article:modified_time": "2023-02-13T08:52:21+00:00", "image": "https://www.australiannationalreview.com/wp-content/uploads/2023/02/McIntyre-Report-Political-Talk-Show155-3-1.jpg", "image:width": "1280", "image:height": "720", "image:type": "image/jpeg"}, "tags": [], "tweets": [], "movies": [], "links": [], "authors": ["ANR News"], "publish_date": "2023-02-13T08:44:41+00:00"}