{"result_id": "040034", "URL": "https://www.australiannationalreview.com/health/for-those-vaccinated-and-wish-to-avoid-being-injured-or-worse-then-many-detox-remedies-are-proven-effective/", "timestamp": "2023-04-25 12:11:27 CEST+0200", "meta": {"description": "", "lang": "en", "keywords": "", "favicon": "https://www.australiannationalreview.com/wp-content/uploads/2021/07/favicon-4-512x512-1-150x150.png", "canonical": "https://www.australiannationalreview.com/health/for-those-vaccinated-and-wish-to-avoid-being-injured-or-worse-then-many-detox-remedies-are-proven-effective/", "encoding": "UTF-8"}, "image": null, "domain": "www.australiannationalreview.com", "title": "For Those Vaccinated and Wish to Avoid Being Injured, or Worse, Then Many Detox Remedies are Proven Effective", "cleaned_text": "For Those Vaccinated and Wish to Avoid Being Injured, or Worse, Then Many Detox Remedies are Proven Effective\n\nFor those vaccinated and who wish to avoid being injured, or worse, then many detox remedies are proven effective. There is more at http://TruthMed.social Also good for the unvaccinated to protect against spike protein infection from being near the vaccinated-DETOX SUPPLIMENTS FOR VACCINE INJURED PERSONS\n\nMagnesium \u2014 plays many crucial roles in the body, such as supporting muscle & nerve function and energy production.\n\nNAC \u2014 (a precursor to glutathione) provides a variety of protective antioxidant effects, block damages to DNA, strengthening all organs, including the brain \u2014 dissolves mucus, improves breathing & respiratory problems. NAC powers up the immune system, boosting antibodies, increasing glutathione, which fights disease & aging. NAC has been around for decades, proven to be very safe, with NO SIDE EFFECTS.\n\nGlutathione \u2014 is the body\u2019s most powerful antioxidant & counteracts the harmful effects of graphene oxide. Human bodies produce glutathione naturally but over as humans age & absorbs toxins, the production of it slows down. Children naturally have high glutathione levels. Glutathione is a body-specific antioxidant that cells need to function & survive. When you get sick, the level of glutathione can drop.\n\nSelenium \u2014 a trace element that is naturally present in many foods & available as a dietary supplement. Selenium, which is nutritionally essential for humans, is a constituent of more than two dozen selenoproteins that play critical roles in reproduction, thyroid hormone metabolism, DNA synthesis & protection from oxidative damage and infection.\n\nQuercetin \u2014 have significant capability to interfere with SARS-CoV-2 replication and multi-faceted anti-inflammatory and thrombin-inhibitory actions.\n\nZeolite \u2014 has a strong attraction to many heavy metals including mercury, lead, cadmium, and arsenic. It also binds to & removes many chemicals like fluorine & chlorine, eliminating free radicals of all types, and it reverses acute chemical & allergic reactions, all without removing vital nutrients from the body. This makes it a maximum detoxifier.\n\nPine Needle Tea, Fennel See, Star Anise \u2014 contains shikimic acid, high levels of antioxidants & DNA-protective properties.\n\nBlack Cumin Seed Oil \u2014 is natural alternative for Ivermectin. Nigella sativa has been used as traditional medicine for centuries. The oil from its seeds are effective against many diseases like cancer, cardiovascular complications, diabetes, asthma, kidney disease \u2014 also effective against cancer in blood system, lung, kidney, liver, prostate, breast, cervix & skin.\n\nFulvic Acid & Shilajit \u2014 have long been used in traditional medicine & reduces inflammation and boost immunity. Fulvic acid has been well studied for its effects on immune health and inflammation. Improve disease resistance, increase your immune defenses, fight inflammation, chronic diseases & enhance antioxidant activity.\n\nBio-Fibrin \u2014 is a proteolytic enzyme (a process known as proteolysis \u2013 help dissolve proteins. There are over 700 identified human enzymes, and each enzyme has a specific biochemical reaction involving a specific substance. Activated Charcoal, Chlorophyll, Chlorella, Spirulina, Irish Sea Moss, C-60, Power Immunity, Infrared Sauna, Green Tea, Alkaline Water, Probiotics, Cinnamon & Raw Honey, Avocado, Garlic, Turmeric, Cilantro, Ginger, Cruciferous vegetables & leafy greens are also great detoxes for the body.", "opengraph": {"locale": "en_US", "type": "article", "title": "Australian National Review - For Those Vaccinated and Wish to Avoid Being Injured, or Worse, Then Many Detox Remedies are Proven Effective", "description": "For Those Vaccinated and Wish to Avoid Being Injured, or Worse, Then Many Detox Remedies are Proven Effective Twitter Post By Jamie McIntyre For those vaccinated and who wish to avoid being injured, or worse, then many detox remedies are proven effective. There is more at http://TruthMed.social Also good for the unvaccinated to protect against [\u2026]", "url": "https://www.australiannationalreview.com/health/for-those-vaccinated-and-wish-to-avoid-being-injured-or-worse-then-many-detox-remedies-are-proven-effective/", "site_name": "Australian National Review", "article:published_time": "2023-03-20T09:43:46+00:00", "image": "https://www.australiannationalreview.com/wp-content/uploads/2023/03/Detox-Remedies.jpg", "image:width": "800", "image:height": "558", "image:type": "image/jpeg"}, "tags": [], "tweets": [], "movies": [], "links": ["https://t.co/6zOiNdfIUh"], "authors": ["ANR News"], "publish_date": "2023-03-20T09:43:46+00:00"}