{"result_id": "041019", "URL": "https://www.autismspeaks.org/covid-19", "timestamp": "2023-04-25 12:12:00 CEST+0200", "meta": {"description": "", "lang": "en", "keywords": "", "favicon": "/themes/custom/particle/apps/drupal/favicon.ico", "canonical": "https://www.autismspeaks.org/covid-19", "encoding": "utf-8"}, "image": null, "domain": "www.autismspeaks.org", "title": "COVID-19 | Autism Speaks", "cleaned_text": "\n\u2022 Some Support: Support not needed for most daily activities.\n\u2022 Moderate Support: Daily support for some but not all daily activities.\n\nThe filters on this page allow you to customize the content displayed and personalize your experience on the site. The settings you select are persistent and will apply to other pages. If you wish to clear your settings and view all content, use the Clear Filters button.", "opengraph": {}, "tags": [], "tweets": [], "movies": [], "links": [], "authors": [], "publish_date": null}