{"result_id": "042025", "URL": "https://awakecanada.org/category/videos/scientific-proof/", "timestamp": "2023-04-25 12:13:54 CEST+0200", "meta": {"description": "", "lang": "en", "keywords": "", "favicon": "https://awakening.s3.amazonaws.com/wp-content/uploads/2021/10/09132407/favicon-32x32-1.png", "canonical": "https://awakecanada.org/category/videos/scientific-proof/", "encoding": "utf-8"}, "image": null, "domain": "awakecanada.org", "title": "Scientific Proof - Awake Canada", "cleaned_text": "There is a new pandemic coming your way. It will [...]", "opengraph": {}, "tags": ["Videos", "documentaries", "Doctors Speaking Out", "AwakeCanada Original", "Covid 19 Vaccines", "Politicians - Good and Bad", "Robert F Kennedy", "David Cheyne", "David Cheyne Videos", "Medical Professionals Speaking Out", "Scientific Proof", "Exposing Corruption"], "tweets": [], "movies": [], "links": [], "authors": [], "publish_date": null}