{"result_id": "046031", "URL": "https://bestnewshere.com/neil-degrasse-tyson-doesnt-want-you-asking-questions-about-the-vaccine/", "timestamp": "2023-04-25 12:16:33 CEST+0200", "meta": {"description": "", "lang": "en", "keywords": "", "favicon": "https://bestnewshere.com/wp-content/uploads/2022/08/bestnewsherelogo-1-2.png", "canonical": "https://bestnewshere.com/neil-degrasse-tyson-doesnt-want-you-asking-questions-about-the-vaccine/", "encoding": "UTF-8"}, "image": null, "domain": "bestnewshere.com", "title": "NEIL DEGRASSE TYSON DOESN'T WANT YOU ASKING QUESTIONS ABOUT THE VACCINE", "cleaned_text": "Your email address will not be published.", "opengraph": {"image": "https://bestnewshere.com/wp-content/uploads/2023/01/CzT9zJfvafVK_640x360.jpg", "type": "article", "description": "Here's What People Are Buying Right Now! LAST PIECE OF THE PUZZLE- YOU CAN COUNT ON PRESIDENT TRUMP THIS IS YOUR CHANCE! NEIL DEGRASSE TYSON DOESN\u2019T WANT YOU ASKING QUESTIONS ABOUT THE VACCINE", "locale": "en_US", "title": "NEIL DEGRASSE TYSON DOESN'T WANT YOU ASKING QUESTIONS ABOUT THE VACCINE - best news here", "url": "https://bestnewshere.com/neil-degrasse-tyson-doesnt-want-you-asking-questions-about-the-vaccine/", "site_name": "best news here", "article:published_time": "2023-01-13T02:45:59+00:00", "article:modified_time": "2023-01-13T02:53:18+00:00", "image:width": "640", "image:height": "360", "image:type": "image/jpeg"}, "tags": [], "tweets": [], "movies": [], "links": [], "authors": ["BestNews Here"], "publish_date": "2023-01-13T02:45:59+00:00"}