{"result_id": "048003", "URL": "https://biodefense.com/Pandemic-Preparedness-Episode-16.html", "timestamp": "2023-04-25 12:17:44 CEST+0200", "meta": {"description": "Episode 16: The mathematics of Ebola - BioDefense.com", "lang": "en", "keywords": "Health, Mike Adams, Pandemic, Preparedness, Ebola, Virus", "favicon": "", "canonical": "https://biodefense.com/Pandemic-Preparedness-Episode-16.html", "encoding": "iso-8859-1"}, "image": null, "domain": "biodefense.com", "title": "Episode 16: The mathematics of Ebola", "cleaned_text": "", "opengraph": {"title": "Episode 16: The mathematics of Ebola - BioDefense.com", "type": "website", "url": "http://www.BioDefense.com/Pandemic-Preparedness-Episode-16.html", "image": "http://www.BioDefense.com/Photos/Pandemic-Preparedness-Episode-16.jpg", "site_name": "BioDefense.com", "description": "Episode 16: The mathematics of Ebola - BioDefense.com"}, "tags": [], "tweets": [], "movies": [], "links": ["http://www.BioDefense.com/Pandemic-Preparedness-Episode-16.html/MP3/Pandemic-Preparedness-Episode-16.mp3", "Pandemic-Preparedness-Episode-15.html", "Pandemic-Preparedness-Episode-17.html", "MP3/Pandemic-Preparedness-Episode-16.mp3", "https://www.addtoany.com/share_save", "http://www.naturalnews.com", "http://share.naturalnews.com", "http://www.naturalnews.com/046822_Ebola_virus_transmission_World_Health_Organization.html", "http://www.naturalnews.com/046703_ebola_medical_police_state_cdc_whistleblower.html", "http://www.naturalnews.com/046378_cdc_ebola_pandemic_survival_tips.html", "http://www.naturalnews.com/046330_ebola_dirty_bomb_biological_terrorism_large_cities.html", "http://www.naturalnews.com/046276_ebola_aerosol_transmission_infectious_disease.html", "http://www.nomorefakenews.com", "http://truthstreammedia.com", "http://www.shtfplan.com", "http://www.theorganicprepper.ca", "http://www.thedailysheeple.com", "http://www.stevequayle.com", "http://theeconomiccollapseblog.com", "http://theextinctionprotocol.wordpress.com", "http://survivalblog.com", "mailto:ads@naturalnews.com", "http://store.naturalnews.com/Family-Maximum-Pandemic-Protection-Kit-Ship-On-101014_p_546.html", "http://store.naturalnews.com/Family-Maximum-Pandemic-Protection-Kit-Ship-On-101014_p_546.html", "http://www.NaturalNews.com/Survivalist-Ebola-Webinar.html", "http://www.NaturalNews.com/Survivalist-Ebola-Webinar.html", "http://www.waterfilterlabs.com", "http://www.waterfilterlabs.com", "http://store.naturalnews.com/Sovereign-Silver-Bio-Active-Silver-Hydrosol--10-ppm-16-oz_p_156.html", "http://store.naturalnews.com/Sovereign-Silver-Bio-Active-Silver-Hydrosol--10-ppm-16-oz_p_156.html", "http://www.naturalnews.com/Big-Berkey-Water-Filter.html", "http://www.naturalnews.com/Big-Berkey-Water-Filter.html", "http://nascentiodine.naturalnews.com/NascentIodine.html", "http://nascentiodine.naturalnews.com/NascentIodine.html", "http://www.gfc-training.com/site/videos/1", "http://www.gfc-training.com/site/videos/1", "http://turmeric.naturalnews.com/turmeric.html", "http://turmeric.naturalnews.com/turmeric.html", "http://organicchlorella.naturalnews.com/organicchlorella.html", "http://organicchlorella.naturalnews.com/organicchlorella.html", "http://spirulina.naturalnews.com/spirulina.html", "http://spirulina.naturalnews.com/spirulina.html", "http://store.naturalnews.com/Heavy-Metals-Defense_c_98.html", "http://store.naturalnews.com/Heavy-Metals-Defense_c_98.html", "http://store.naturalnews.com/Cesium-Eliminator_c_97.html", "http://store.naturalnews.com/Cesium-Eliminator_c_97.html", "http://store.naturalnews.com/MegaFood-Zinc-60-count_p_439.html", "http://store.naturalnews.com/MegaFood-Zinc-60-count_p_439.html", "http://store.naturalnews.com/Vitamin-D3-5000-IU-100-Vegetarian-Caps-_p_485.html", "http://store.naturalnews.com/Vitamin-D3-5000-IU-100-Vegetarian-Caps-_p_485.html", "http://store.naturalnews.com/Optimal-Liposomal-Vitamin-C--5-ounce_p_381.html", "http://store.naturalnews.com/Optimal-Liposomal-Vitamin-C--5-ounce_p_381.html", "http://store.naturalnews.com/Selenium-60-count_p_330.html", "http://store.naturalnews.com/Selenium-60-count_p_330.html", "http://astaxanthin.naturalnews.com/astaxanthin.html", "http://astaxanthin.naturalnews.com/astaxanthin.html", "http://www.naturalnews.com/Thrive-Health-Program.html", "http://www.naturalnews.com/Thrive-Health-Program.html", "mailto:ads@naturalnews.com"], "authors": [], "publish_date": null}