{"result_id": "050034", "URL": "http://www.biotechexpressmag.com/category/editorial/", "timestamp": "2023-04-25 12:19:16 CEST+0200", "meta": {"description": "", "lang": "en", "keywords": "", "favicon": "", "canonical": "http://www.biotechexpressmag.com/category/editorial/", "encoding": "UTF-8"}, "image": null, "domain": "www.biotechexpressmag.com", "title": "Articles- Editorials \u2013 Biotech Express Magazine", "cleaned_text": "If vaccines are the solution to this pandemic, how can you explain all the people\u2026", "opengraph": {}, "tags": [], "tweets": [], "movies": [], "links": [], "authors": [], "publish_date": "January 16, 2021"}