{"result_id": "053032", "URL": "https://translate.google.com/translate?hl=en&sl=fr&u=https://bonsens.info/choix-vaccinal-pour-lenfant-de-parents-separes/&prev=search&pto=aue", "timestamp": "2023-04-25 12:21:53 CEST+0200", "meta": {"description": "", "lang": "fr", "keywords": "", "favicon": "https://bonsens.info/wp-content/uploads/2020/10/bon-sens-BAT-v2-carree-pm.png", "canonical": "https://bonsens.info/choix-vaccinal-pour-lenfant-de-parents-separes/", "encoding": "UTF-8"}, "image": null, "domain": "translate.google.com", "title": "Choix vaccinal pour l'enfant de parents s\u00e9par\u00e9s/divorc\u00e9s", "cleaned_text": "PARENTS S\u00c9PAR\u00c9S OU DIVORC\u00c9S, VOUS POUVEZ VOUS OPPOSER \u00c0 LA D\u00c9CISION DE VACCINATION DE VOTRE ENFANT PAR VOTRE EX-CONJOINT\n\nL\u2019autorit\u00e9 parentale \u201cappartient aux parents jusqu\u2019\u00e0 la majorit\u00e9 ou l\u2019\u00e9mancipation de l\u2019enfant pour le prot\u00e9ger dans sa s\u00e9curit\u00e9, sa sant\u00e9\u201d (art. 371-1 du Code civil) et \u201cles p\u00e8re et m\u00e8re exercent en commun l\u2019autorit\u00e9 parentale\u201d (art. 372 du Code civil).\n\n\n\nPar cons\u00e9quent, le parent qui n\u2019est pas avec l\u2019enfant peut\n\u2022 None demander conseil \u00e0 un avocat pour contester, en l\u2019esp\u00e8ce, l\u2019exercice de l\u2019autorit\u00e9 parentale devant le juge aux affaires familiales et\n\u2022 None obtenir un r\u00e9f\u00e9r\u00e9 pour emp\u00eacher la d\u00e9cision unilat\u00e9rale de vaccination de l\u2019enfant par l\u2019autre parent.\n\nL\u2019argument \u00e0 invoquer est le suivant : si l\u2019autorisation d\u2019un seul repr\u00e9sentant l\u00e9gal suffit au sens o\u00f9 il n\u2019est pas n\u00e9cessaire que les deux autorisations soient constat\u00e9es administrativement, cela ne r\u00e8gle pas la question de savoir sur quel fondement juridique la volont\u00e9 de l\u2019un des parents devrait l\u2019emporter sur la volont\u00e9 de l\u2019autre en cas de d\u00e9saccord entre eux.\n\nAutrement dit, la loi op\u00e8re une simplification administrative, mais ne dit pas que la volont\u00e9 d\u2019un des parents doit l\u2019emporter sur l\u2019autre.", "opengraph": {"locale": "fr_FR", "type": "article", "title": "Choix vaccinal pour l'enfant de parents s\u00e9par\u00e9s/divorc\u00e9s - BonSens.org", "description": "PARENTS S\u00c9PAR\u00c9S OU DIVORC\u00c9S, VOUS POUVEZ VOUS OPPOSER \u00c0 LA D\u00c9CISION DE VACCINATION DE VOTRE ENFANT PAR VOTRE EX-CONJOINT L'autorit\u00e9 parentale \"appartient aux parents jusqu'\u00e0 la majorit\u00e9 ou l'\u00e9mancipation de l'enfant pour le prot\u00e9ger dans sa s\u00e9curit\u00e9, sa sant\u00e9\" (art. 371-1 du Code civil) et \"les p\u00e8re et m\u00e8re exercent en commun l'autorit\u00e9 parentale\" (art. [\u2026]", "url": "https://bonsens.info/choix-vaccinal-pour-lenfant-de-parents-separes/", "site_name": "BonSens.org", "article:published_time": "2021-08-06T14:07:56+00:00", "article:modified_time": "2021-08-06T14:53:08+00:00", "image": "https://bonsens.info/wp-content/uploads/2021/07/note-2762271_1920.png", "image:width": "1920", "image:height": "782", "image:type": "image/png"}, "tags": ["Communiqu\u00e9 de Presse"], "tweets": [], "movies": [], "links": [], "authors": ["XadminBonSens02"], "publish_date": "2021-08-06T14:07:56+00:00"}