{"result_id": "053024", "URL": "https://bonsens.info/wp-content/uploads/2022/07/annexes1-lettre-aux-de%CC%81putes-senateurs.pdf", "timestamp": "2023-04-25 12:21:45 CEST+0200", "meta": {"description": "", "lang": null, "keywords": "", "favicon": "", "canonical": "https://bonsens.info/wp-content/uploads/2022/07/annexes1-lettre-aux-de%CC%81putes-senateurs.pdf", "encoding": null}, "image": null, "domain": "bonsens.info", "title": "", "cleaned_text": "", "opengraph": {}, "tags": [], "tweets": [], "movies": [], "links": [], "authors": [], "publish_date": null}