{"result_id": "053073", "URL": "https://translate.google.com/translate?hl=en&sl=fr&u=https://bonsens.info/news/&prev=search&pto=aue", "timestamp": "2023-04-25 12:22:39 CEST+0200", "meta": {"description": "Bonsens.org : Communiqu\u00e9s de Presse, Communiqu\u00e9s urgents, actualit\u00e9s, Debriefing, dossiers, vid\u00e9os ...", "lang": "fr", "keywords": "", "favicon": "https://bonsens.info/wp-content/uploads/2020/10/bon-sens-BAT-v2-carree-pm.png", "canonical": "https://bonsens.info/news/", "encoding": "UTF-8"}, "image": null, "domain": "translate.google.com", "title": "News Bonsens.org : Actualit\u00e9s, Communiqu\u00e9s de presse, debriefings", "cleaned_text": "", "opengraph": {"locale": "fr_FR", "type": "article", "title": "News Bonsens.org : Actualit\u00e9s, Communiqu\u00e9s de presse, debriefings", "description": "Bonsens.org : Communiqu\u00e9s de Presse, Communiqu\u00e9s urgents, actualit\u00e9s, Debriefing, dossiers, vid\u00e9os ...", "url": "https://bonsens.info/news/", "site_name": "BonSens.org", "article:published_time": "2020-10-03T14:07:49+00:00", "article:modified_time": "2022-11-30T15:48:43+00:00", "image": "https://bonsens.info/wp-content/uploads/2020/10/presse.jpg", "image:width": "1920", "image:height": "1280", "image:type": "image/jpeg"}, "tags": ["Non class\u00e9"], "tweets": [], "movies": [], "links": [], "authors": ["XadminBonSens02"], "publish_date": "2020-10-03T14:07:49+00:00"}