{"result_id": "054036", "URL": "https://brandnewtube.com/watch/TjsCFFfLtgKN1hy", "timestamp": "2023-04-25 12:23:09 CEST+0200", "meta": {"description": "BrandNewTube.com is a Video Sharing Platform. Focusing on news of the world. A platform which wouldn\u2019t suppress your opinions. We will not hide the truth!!", "lang": "en", "keywords": "", "favicon": "https://brandnewtube.com/legacy/img/icon.png", "canonical": "https://brandnewtube.com/watch/TjsCFFfLtgKN1hy", "encoding": "UTF-8"}, "image": null, "domain": "brandnewtube.com", "title": "Covid Vaccine Causes Cancer - Brand New Tube", "cleaned_text": "EVENT 201 A GLOBAL PANDEMIC EXORCISE AGENDA 21 AGENDA 30 NEW WORLD ORDER FRAUD RESPECT UNLAWFUL LIE HOAX dumb stupid DCEPTION COVID 19 OPERATION LOCKSTEP CORRONAVIRUS DESIESE ZOMBIES SLEEPING FAUCI BILL & MELINDA GATES VACCINES FLU SHOT MUTATION MUTATED NEW STRAIN h1n1 mrna oh my god say no none complience boris johnson matt hancock 2 meters face masks NHS WORKERS SUPPORT THE NHS bubbles face coverings brainwashing indoctrination itv death certificates bbc OH MY GOD sky chemtrails extermination nano botts vernon coleman its a show globalists awakening DROCONIAN imagination cruel evil world health organisation world economic forum Klaus Schwab major cyberattack chemtrails HARP DEPOPULATION power kill grid mass murder genocide killing sychopath PSYCHOPATH slow kill thema 5G fake news new variant new strain mutation funeral directors\n\nCANCER IS JUST ONE ISSUE, THE WORST IS DEATH, AND THATS AFTER YOUR SUFFERING", "opengraph": {}, "tags": [], "tweets": [], "movies": [], "links": ["https://www.facebook.com/sharer/sharer.php?u=https://brandnewtube.com/watch/TjsCFFfLtgKN1hy", "https://twitter.com/intent/tweet?url=https://brandnewtube.com/watch/TjsCFFfLtgKN1hy", "https://plus.google.com/share?url=https://brandnewtube.com/watch/TjsCFFfLtgKN1hy", "https://www.linkedin.com/shareArticle?mini=true&url=https://brandnewtube.com/watch/TjsCFFfLtgKN1hy&title=Covid Vaccine Causes Cancer", "https://pinterest.com/pin/create/button/?url=https://brandnewtube.com/watch/TjsCFFfLtgKN1hy&media=https://fra1.digitaloceanspaces.com/videos.brandnewtube.com/photos/2021/09/5c42c3698929e7440a9ed044b5099805b5b7807017xqz665fBoiITzETlb9.video_thumb_5510_11.jpeg?response-content-type=application%2Foctet-stream&X-Amz-Content-Sha256=UNSIGNED-PAYLOAD&X-Amz-Algorithm=AWS4-HMAC-SHA256&X-Amz-Credential=DO00VQ2RPUWHYMVT3GTM%2F20230425%2Ffra1%2Fs3%2Faws4_request&X-Amz-Date=20230425T102310Z&X-Amz-SignedHeaders=host&X-Amz-Expires=300&X-Amz-Signature=de2adf036d664bb3145295df1980bb04ca5ca746f2b2ee50638d8018b1437000", "https://brandnewtube.com/channels/@ohmygod"], "authors": [], "publish_date": null}