{"result_id": "056031", "URL": "https://brightside.me/creativity-design/20-fresh-social-campaigns-that-are-a-true-vaccine-against-indifference-715960/", "timestamp": "2023-04-25 12:24:13 CEST+0200", "meta": {"description": "In\u00a01906, the first social campaign was released to\u00a0protect Niagara Falls from energy companies. More than 100 years later, non-commercial advertising has become much more powerful and professional. But its essence stays the same\u00a0\u2014 it\u00a0attracts public attention to\u00a0the problems of\u00a0our world.", "lang": "en", "keywords": "Inspiration, Creativity, Wonder", "favicon": "/favicon.ico", "canonical": "https://brightside.me/creativity-design/20-fresh-social-campaigns-that-are-a-true-vaccine-against-indifference-715960/", "encoding": null}, "image": null, "domain": "brightside.me", "title": "20 Fresh Social Campaigns That Are a True Vaccine Against Indifference", "cleaned_text": "Share on Facebook Share on Facebook Share on Pinterest\n\nIn 1906, the first social campaign was released to protect Niagara Falls from energy companies. More than 100 years later, non-commercial advertising has become much more powerful and professional. But its essence stays the same \u2014 it attracts public attention to the problems of our world.\n\nBeauty as it is: young mothers and their children without Photoshop!\n\nHow to win over depression? A search engine usually provides you with 11,600,000 results. But the best answers can come from a psychologist.\n\nYou don\u2019t need to have a perfect body to become a brand ambassador for Nike.\n\nIn India, more than 30% of women are illiterate. Do we have to come so far to get equal rights?\n\nWhat kind of future will your child draw?\n\nEvery straw is like a one-way tunnel.\n\nWith respect to retired people, every wrinkle matters.\n\nYour almsgiving sustains his loneliness. We know you want to do good. But unfortunately, giving alms has a negative effect.\n\nThe great wall of garbage. We\u2019ll only be remembered for what we leave behind.\n\nDon\u2019t choose only for yourself.\n\nTime is running out. Save the forests.\n\nTheir destinies don\u2019t need to be in your hands. Stop using drinking straws.\n\nDon\u2019t let it stop trending. Let\u2019s raise awareness so more people can understand the importance of early detection in the fight against cancer.\n\nSomeone else doesn\u2019t exist. Helping others is up to you.", "opengraph": {"description": "In\u00a01906, the first social campaign was released to\u00a0protect Niagara Falls from energy companies. More than 100 years later, non-commercial advertising has become much more powerful and professional. But its essence stays the same\u00a0\u2014 it\u00a0attracts public attention to\u00a0the problems of\u00a0our world.", "site_name": "Bright Side \u2014 Inspiration. Creativity. Wonder.", "article:published_time": "2019-03-24T22:30:00+03:00", "updated_time": "2019-03-22T12:38:18+03:00", "article:publisher": "https://www.facebook.com/brightside", "article:author": "https://www.facebook.com/brightside", "type": "article", "url": "https://brightside.me/creativity-design/20-fresh-social-campaigns-that-are-a-true-vaccine-against-indifference-715960/", "title": "20\u00a0Fresh Social Campaigns That Are a\u00a0True Vaccine Against Indifference", "image": "https://wl-brightside.cf.tsp.li/resize/1200x630/jpg/ed9/5c1/8f24fd5fe699348fafe80fcfcb.jpg", "image:width": "1200", "image:height": "630"}, "tags": [], "tweets": [], "movies": [], "links": ["https://www.facebook.com/mamalaonline/photos/pcb.974918382701809/974918286035152/?type=3&theater", "https://www.facebook.com/mamalaonline/photos/pcb.974918382701809/974918086035172/?type=3&theater", "https://www.adsoftheworld.com/media/print/servico_social_redentora_searching_for_hope_3", "https://www.adsoftheworld.com/media/print/sonrisas_de_bombay_girlboy_2", "https://www.adsoftheworld.com/media/print/alwaleed_philanthropies_words_matter_2", "https://www.adsoftheworld.com/media/print/cei_primeiros_passos_draw_for_the_world", "https://www.adsoftheworld.com/media/print/parque_arauco_turtle", "https://www.adsoftheworld.com/media/print/kapital_bank_with_respect_to_our_retired_people_2", "https://www.adsoftheworld.com/media/print/clinica_pedro_cavalcanti_earache", "https://www.adsoftheworld.com/media/print/city_of_florianopolis_loneliness", "https://www.adsoftheworld.com/media/print/cleartrip_planet_plastic_the_great_wall_of_garbage", "https://www.adsoftheworld.com/media/integrated/enable_foundation_surreal_is_real_in_dementia", "https://www.adsoftheworld.com/media/print/sinturjp_world_car_free_day", "https://www.adsoftheworld.com/media/print/uninassau_find_some_time_3", "https://www.adsoftheworld.com/media/print/fsc_clocks?className=collection-lb&contentid=39761&inline=true#collection-lb-content", "https://www.adsoftheworld.com/media/print/movistar_loser", "https://www.adsoftheworld.com/media/print/crocobeach_stop_using_drinking_straws_3", "https://www.adsoftheworld.com/media/print/dont_let_it_stop_trending", "https://www.adsoftheworld.com/media/print/red_cross_someone_else_doesnt_exist", "https://www.facebook.com/mamalaonline/photos/pcb.974918382701809/974918286035152/?type=3&theater"], "authors": [], "publish_date": "2019-03-24T22:30:00+03:00"}