{"result_id": "061010", "URL": "https://www.charismanews.com/us?fbclid=iwar1bb8qqo4wfqs7wkjpizz5xs3hrwh7k2uh_f06s5l0kvanh7uph0annlp0&start=1690", "timestamp": "2023-04-25 14:35:37 CEST+0200", "meta": {"description": "U.S. news section. Read articles, add comments, share with friends.", "lang": "en", "keywords": "News, Charisma, Christian, evangelical, kingdom of God, Bible, gospel, Strang, magazine, Holy Spirit, Jesus, Christ, God, scripture, prayer, praise, worship, intercession, spirit-led, spirit-filled, charismatic, prophecy, prophetic, miracles, assemblies, Pentecostal", "favicon": "https://cdn.charismanews.com/favicons/apple-touch-icon.png", "canonical": "https://www.charismanews.com/us?fbclid=iwar1bb8qqo4wfqs7wkjpizz5xs3hrwh7k2uh_f06s5l0kvanh7uph0annlp0&start=1690", "encoding": "UTF-8"}, "image": null, "domain": "www.charismanews.com", "title": "U.S.", "cleaned_text": "The latest breaking Christian news you need to know about as soon as it happens.", "opengraph": {}, "tags": [], "tweets": [], "movies": [], "links": [], "authors": [], "publish_date": null}