{"result_id": "061006", "URL": "https://www.charismanews.com/us?mode=228%27nvopzp;%20and%201=1%20or%20(&action=js_stats%27nvopzp;%20and%201=1%20or%20(&start=820", "timestamp": "2023-04-25 14:35:16 CEST+0200", "meta": {"description": "U.S. news section. Read articles, add comments, share with friends.", "lang": "en", "keywords": "News, Charisma, Christian, evangelical, kingdom of God, Bible, gospel, Strang, magazine, Holy Spirit, Jesus, Christ, God, scripture, prayer, praise, worship, intercession, spirit-led, spirit-filled, charismatic, prophecy, prophetic, miracles, assemblies, Pentecostal", "favicon": "https://cdn.charismanews.com/favicons/apple-touch-icon.png", "canonical": "https://www.charismanews.com/us?mode=228%27nvopzp;%20and%201=1%20or%20(&action=js_stats%27nvopzp;%20and%201=1%20or%20(&start=820", "encoding": "UTF-8"}, "image": null, "domain": "www.charismanews.com", "title": "U.S.", "cleaned_text": "The latest breaking Christian news you need to know about as soon as it happens.", "opengraph": {}, "tags": [], "tweets": [], "movies": [], "links": [], "authors": [], "publish_date": null}