{"result_id": "064029", "URL": "https://carm.org/covid/covid-vaccine-fact-sheet/", "timestamp": "2023-04-25 14:38:46 CEST+0200", "meta": {"description": "The Covid Vaccine Fact Sheet for double sided, single sheet printout along with a PDF file for download and distribution.", "lang": "en", "keywords": "", "favicon": "https://carm.org/wp-content/uploads/2020/12/cropped-carm-favicon2-32x32.png", "canonical": "https://carm.org/covid/covid-vaccine-fact-sheet/", "encoding": "UTF-8"}, "image": null, "domain": "carm.org", "title": "The Covid Vaccine Fact Sheet", "cleaned_text": "Debates about creation often come with high emotions, and to some extent this makes sense. Many of the issues...", "opengraph": {"locale": "en_US", "type": "article", "title": "The Covid Vaccine Fact Sheet", "description": "The Covid Vaccine Fact Sheet for double sided, single sheet printout along with a PDF file for download and distribution.", "url": "https://carm.org/covid/covid-vaccine-fact-sheet/", "site_name": "Christian Apologetics & Research Ministry", "article:publisher": "https://www.facebook.com/Carm.org/", "article:author": "https://www.facebook.com/matt.slick", "article:published_time": "2021-11-04T02:11:23+00:00", "article:modified_time": "2021-11-04T20:06:05+00:00", "image": "https://carm.org/wp-content/uploads/2021/01/carm-social-share2.png", "image:width": "1200", "image:height": "630", "image:type": "image/png"}, "tags": ["Creation Evolution", "Secular Issues", "Atheism"], "tweets": [], "movies": [], "links": [], "authors": ["Matt Slick"], "publish_date": "2021-11-04T02:11:23+00:00"}