{"result_id": "064005", "URL": "https://carm.org/tag/injuries/", "timestamp": "2023-04-25 14:38:08 CEST+0200", "meta": {"description": "", "lang": "en", "keywords": "", "favicon": "https://carm.org/wp-content/uploads/2020/12/cropped-carm-favicon2-32x32.png", "canonical": "https://carm.org/tag/injuries/", "encoding": "UTF-8"}, "image": null, "domain": "carm.org", "title": "injuries Archives", "cleaned_text": "CARM is a nonprofit, non-denominational, multi-staffed Christian Apologetics Ministry that supports evangelism, radio outreach, and provides full-time support for several foreign missionaries.", "opengraph": {"locale": "en_US", "type": "article", "title": "injuries Archives", "url": "https://carm.org/tag/injuries/", "site_name": "Christian Apologetics & Research Ministry", "image": "https://carm.org/wp-content/uploads/2021/01/carm-social-share2.png", "image:width": "1200", "image:height": "630", "image:type": "image/png"}, "tags": [], "tweets": [], "movies": [], "links": [], "authors": [], "publish_date": null}