{"result_id": "067015", "URL": "https://sentinel.christianscience.com/issues/2021/4/123-16/vaccines-immunity-and-the-pathway-to-health", "timestamp": "2023-04-25 14:42:13 CEST+0200", "meta": {"description": "To find true and lasting health, we need to see that life is actually in and of Spirit, not material at all.", "lang": "en", "keywords": "", "favicon": "/bundles/mugosentineldigital/images/apple-touch-icon.png", "canonical": "https://sentinel.christianscience.com/issues/2021/4/123-16/vaccines-immunity-and-the-pathway-to-health", "encoding": "utf-8"}, "image": null, "domain": "sentinel.christianscience.com", "title": "Vaccines, immunity, and the pathway to health / Christian Science Sentinel", "cleaned_text": "Stopping COVID-19 is understandably an important focus these days. Many families are living with heart-wrenching stories from experiencing the disease or its impact. An end to it means long-awaited relief from the widespread fear, suffering, and disruption brought on by the pandemic.\n\nThere\u2019s a lot of hope that the vaccines that have begun to be distributed will do the trick, and this hope is based largely on the role vaccines have played in past efforts to stop other diseases. What is less considered, though, is the mental process going on in regard to all of this. Yes, mental. The cure of disease has a mental and actually spiritual nature to it. And this fact has significant implications that need to be understood and taken into consideration in the pursuit of health.", "opengraph": {"image": "https://sentinel.christianscience.com/bundles/mugosentineldigital/images/sentinel_share_logo.png", "title": "Vaccines, immunity, and the pathway to health / Christian Science Sentinel", "site_name": "Christian Science Sentinel", "type": "article", "article:published_time": "Thu Jan 28 00:00:00 2021", "article:modified_time": "Tue May 11 23:59:46 2021", "article:publisher": "https://www.facebook.com/pages/JSH-Online/298116873586922", "url": "https://sentinel.christianscience.com/issues/2021/4/123-16/vaccines-immunity-and-the-pathway-to-health", "description": "To find true and lasting health, we need to see that life is actually in and of Spirit, not material at all."}, "tags": [], "tweets": [], "movies": [], "links": [], "authors": [], "publish_date": "Thu Jan 28 00:00:00 2021"}