{"result_id": "074029", "URL": "https://www.coasttocoastam.com/alternate/amp/guest/holland-mary-50246/", "timestamp": "2023-04-25 14:46:30 CEST+0200", "meta": {"description": "Mary Holland is a research scholar at NYU School of Law. She has written and edited books and articles on human rights and law. She has clerked for a federal judge, worked at the Lawyers Committee for Human Rights, and at prominent U.S. law firms. She has testified before Congress, filed amicus briefs, and appeared on Court TV, Fox, CBS, and NBC. She graduated from Harvard College and holds graduate degrees from Columbia University. She is a cofounder and board member of the Center for Personal Rights.", "lang": "en", "keywords": "coast to coast am, radio, ufos, creatures, extraterrestrial, supernatural, myths, legends, monsters, space, universe, science, mystery, sci-fi, george noory, ian punnett, george knapp, art bell, somewhere in time", "favicon": "https://i.iheart.com/v3/re/assets.coast2coast/5d4dc9096ea20854764b2ce8?ops=gravity(%22center%22),contain(32,32),quality(65)", "canonical": "https://coast-pr.radio.iheart.com/guest/holland-mary-50246/", "encoding": "UTF-8"}, "image": null, "domain": "www.coasttocoastam.com", "title": "Mary Holland", "cleaned_text": "Mary Holland is a research scholar at NYU School of Law. She has written and edited books and articles on human rights and law. She has clerked for a federal judge, worked at the Lawyers Committee for Human Rights, and at prominent U.S. law firms. She has testified before Congress, filed amicus briefs, and appeared on Court TV, Fox, CBS, and NBC. She graduated from Harvard College and holds graduate degrees from Columbia University. She is a cofounder and board member of the Center for Personal Rights.", "opengraph": {"locale": "en_us", "title": "Mary Holland | Coast to Coast AM", "description": "Mary Holland is a research scholar at NYU School of Law. She has written and edited books and articles on human rights and law. She has clerked for a federal judge, worked at the Lawyers Committee for Human Rights, and at prominent U.S. law firms. She has testified before Congress, filed amicus briefs, and appeared on Court TV, Fox, CBS, and NBC. She graduated from Harvard College and holds graduate degrees from Columbia University. She is a cofounder and board member of the Center for Personal Rights.", "url": "https://www.coasttocoastam.com/content/holland-mary-50246/", "image": "https://i.iheart.com/v3/re/assets.coast2coast/ae54ca0b-2e0e-4af5-8082-f8f531dca435?ops=gravity(%22north%22),fit(1200,675),quality(65)", "image:width": "1200", "image:height": "675", "type": "article", "site_name": "Coast to Coast AM"}, "tags": [], "tweets": [], "movies": [], "links": [], "authors": ["Coast to Coast AM Staff"], "publish_date": "Wednesday - December 5 2018"}