{"result_id": "077039", "URL": "https://www.cfact.org/tag/corona-virus/", "timestamp": "2023-04-25 14:47:47 CEST+0200", "meta": {"description": "", "lang": "en", "keywords": "", "favicon": "", "canonical": "https://www.cfact.org/tag/corona-virus/", "encoding": "utf-8"}, "image": null, "domain": "www.cfact.org", "title": "Corona Virus Archives", "cleaned_text": "There are three key letters everyone needs to focus on. V, U, and L. These are the shapes economic recoveries take. If we don't enable economic recovery to get moving, the resulting harm will exceed the harm from the virus.", "opengraph": {"locale": "en_US", "type": "article", "title": "Corona Virus Archives - CFACT", "url": "https://www.cfact.org/tag/corona-virus/", "site_name": "CFACT"}, "tags": [], "tweets": [], "movies": [], "links": [], "authors": [], "publish_date": null}