{"result_id": "078026", "URL": "https://consciouslifenews.com/30000-demand-end-to-vaccine-mandates-government-overreach-at-dc-rally/11211453/", "timestamp": "2023-04-25 14:48:17 CEST+0200", "meta": {"description": "More than 30,000 people attended the \u201cDefeat the Mandates\u201d rally Sunday in DC, calling for an end to vaccine mandates and government overreach.", "lang": "en", "keywords": "", "favicon": "/wp-content/uploads/fbrfg/favicon.ico", "canonical": "https://consciouslifenews.com/30000-demand-end-to-vaccine-mandates-government-overreach-at-dc-rally/11211453/", "encoding": "UTF-8"}, "image": null, "domain": "consciouslifenews.com", "title": "30,000+ Demand End to Vaccine Mandates, Government Overreach at DC Rally", "cleaned_text": "More than 30,000 people attended the \u201cDefeat the Mandates\u201d rally Sunday in Washington, DC, calling for an end to vaccine mandates and government overreach.\n\nChildren\u2019s Health Defense organized and sponsored the event along with the Vaccine Safety Research Foundation, Front Line Covid-19 Critical Care Alliance, Global Covid Summit, World Council for Health, and JP Sears.\n\nAmericans of every race, creed, political affiliation, sexual orientation, and vaccination status attended the event, including groups of police officers, firefighters, and teachers.\n\nRobert F. Kennedy, Jr., Children\u2019s Health Defense chairman and chief legal counsel, gave a powerful speech encouraging everyone to stand up for democracy and freedom.\n\nOther speakers included: Del Bigtree, Lara Logan, Dr. Paul Marik, Dr. Pierre Kory, Chris Martenson, Steve Kirsch, Dr. Robert Malone, Dr. Peter McCullough, Dr. Christina Parks, Dr. Paul Alexander, Attorney Tricia Lindsay, Kevin Jenkins, Rev. Aaron Lewis, Rabbi Epstein, Tramell Johnson, Jo Rose (Jo Speaks Truth), Angela Stanton King, Kwame Brown, Trahern Crews, and others.", "opengraph": {"locale": "en_US", "type": "article", "title": "30,000+ Demand End to Vaccine Mandates, Government Overreach at DC Rally", "description": "More than 30,000 people attended the \u201cDefeat the Mandates\u201d rally Sunday in DC, calling for an end to vaccine mandates and government overreach.", "url": "http://consciouslifenews.com/30000-demand-end-to-vaccine-mandates-government-overreach-at-dc-rally/11211453/", "site_name": "Conscious Life News", "article:author": "slykush2377", "article:tag": "vaccine mandates", "article:section": "Activism", "article:published_time": "2022-01-25T06:00:44-08:00", "article:modified_time": "2022-01-25T08:06:13-08:00", "updated_time": "2022-01-25T08:06:13-08:00", "image": "https://consciouslifenews.com/wp-content/uploads/2022/01/Defeat-the-Mandates-Rally-recap.jpg", "image:secure_url": "https://consciouslifenews.com/wp-content/uploads/2022/01/Defeat-the-Mandates-Rally-recap.jpg"}, "tags": ["vaccine mandates", "COVID vaccine mandates", "Defeat the Mandates rally in DC", "Defeat the Mandates"], "tweets": [], "movies": [], "links": ["https://www.foxnews.com/us/crowds-at-defeat-the-mandates-march-demand-end-to-covid-vaccine-mandates-nationwide", "https://childrenshealthdefense.org/defender/march-dc-defeat-covid-vaccine-mandates/", "https://childrenshealthdefense.org/", "https://www.vacsafety.org/", "https://covid19criticalcare.com/", "https://globalcovidsummit.org/", "https://worldcouncilforhealth.org/", "https://awakenwithjp.com/", "https://consciouslifenews.com/stop-ear-ringing", "https://childrenshealthdefense.org/defender/paul-marik-lawsuit-hospital-remdesivir-ban-life-saving-drugs/", "https://childrenshealthdefense.org/defender/covid-ivermectin-could-have-saved-millions-lives/", "https://childrenshealthdefense.org/defender/joe-rogan-robert-malone-interview-covid-vaccine/", "https://childrenshealthdefense.org/transcripts/truth-with-rfk-jr-and-dr-peter-mccullough-the-age-of-covid-and-abrogation-of-hippocratic-oath/", "https://consciouslifenews.com/hyperbolic-stretching", "https://childrenshealthdefense.org/authors/childrens-health-defense-team/"], "authors": [], "publish_date": "2022-01-25T06:00:44-08:00"}