{"result_id": "079027", "URL": "https://conspiracydailyupdate.com/2022/02/12/pfizer-has-withdrawn-its-application-for-approval-for-covid-19-vaccines-for-kids-under-5-due-to-not-having-enough-data/", "timestamp": "2023-04-25 14:49:28 CEST+0200", "meta": {"description": "https://dl.dropboxusercontent.com:443/s/pxdbb20eik4zazh/Pfizer%2520has%2520withdrawn%2520its%2520application%2520for%2520approval%2520for%2520COVID-19%2520vaccines%2520for%2520kids%2520under%25205%2520due%2520to%2520%25E2%2580%259Cnot%2520having%2520enough%2520data%25E2%2580%259D.jpg", "lang": "en", "keywords": "", "favicon": "https://conspiracydailyupdate.files.wordpress.com/2017/06/cropped-featured3-1.jpg?w=32", "canonical": "https://conspiracydailyupdate.com/2022/02/12/pfizer-has-withdrawn-its-application-for-approval-for-covid-19-vaccines-for-kids-under-5-due-to-not-having-enough-data/", "encoding": "UTF-8"}, "image": null, "domain": "conspiracydailyupdate.com", "title": "Pfizer has withdrawn its application for approval for COVID-19 vaccines for kids under 5 due to \u201cnot having enough data\u201d", "cleaned_text": "Click to share on Facebook (Opens in new window)", "opengraph": {"type": "article", "title": "Pfizer has withdrawn its application for approval for COVID-19 vaccines for kids under 5 due to \u201cnot having enough data\u201d", "url": "https://conspiracydailyupdate.com/2022/02/12/pfizer-has-withdrawn-its-application-for-approval-for-covid-19-vaccines-for-kids-under-5-due-to-not-having-enough-data/", "description": "Visit the post for more.", "article:published_time": "2022-02-12T12:29:53+00:00", "article:modified_time": "2022-02-12T12:29:53+00:00", "site_name": "Conspiracy Daily Update", "image": "https://conspiracydailyupdate.files.wordpress.com/2017/06/cropped-featured3-1.jpg?w=200", "image:width": "200", "image:height": "200", "locale": "en_GB", "article:publisher": "https://www.facebook.com/WordPresscom"}, "tags": ["Telegram"], "tweets": [], "movies": [], "links": [], "authors": [], "publish_date": "2022-02-12T12:29:53+00:00"}