{"result_id": "079031", "URL": "https://conspiracydailyupdate.com/2022/03/04/the-data-pfizer-was-forced-to-release-showed-a-3-mortality-rate-for-the-vaccines-which-is-12-times-the-covid-death-rate/", "timestamp": "2023-04-25 14:49:33 CEST+0200", "meta": {"description": "The data Pfizer was forced to release showed a 3% mortality rate for the vaccines, which is 12 times the COVID death rate.mp4", "lang": "en", "keywords": "", "favicon": "https://conspiracydailyupdate.files.wordpress.com/2017/06/cropped-featured3-1.jpg?w=32", "canonical": "https://conspiracydailyupdate.com/2022/03/04/the-data-pfizer-was-forced-to-release-showed-a-3-mortality-rate-for-the-vaccines-which-is-12-times-the-covid-death-rate/", "encoding": "UTF-8"}, "image": null, "domain": "conspiracydailyupdate.com", "title": "The data Pfizer was forced to release showed a 3% mortality rate for the vaccines, which is 12 times the COVID death rate", "cleaned_text": "Click to share on Facebook (Opens in new window)", "opengraph": {"type": "article", "title": "The data Pfizer was forced to release showed a 3% mortality rate for the vaccines, which is 12 times the COVID death rate", "url": "https://conspiracydailyupdate.com/2022/03/04/the-data-pfizer-was-forced-to-release-showed-a-3-mortality-rate-for-the-vaccines-which-is-12-times-the-covid-death-rate/", "description": "The data Pfizer was forced to release showed a 3% mortality rate for the vaccines, which is 12 times the COVID death rate.mp4", "article:published_time": "2022-03-04T02:10:06+00:00", "article:modified_time": "2022-03-04T02:10:06+00:00", "site_name": "Conspiracy Daily Update", "image": "https://conspiracydailyupdate.files.wordpress.com/2017/06/cropped-featured3-1.jpg?w=200", "image:width": "200", "image:height": "200", "locale": "en_GB", "article:publisher": "https://www.facebook.com/WordPresscom"}, "tags": ["Telegram"], "tweets": [], "movies": [], "links": [], "authors": [], "publish_date": "2022-03-04T02:10:06+00:00"}