{"result_id": "082038", "URL": "https://counterthink.com/2018-08-10-censorship-purge-points-to-imminent-false-flag-violence.html", "timestamp": "2023-04-25 14:51:02 CEST+0200", "meta": {"description": "", "lang": "en", "keywords": "False Flag, Violence, Censorship, Bombings,Alex Jones", "favicon": "//www.counterthink.com/Assets/Themes/CounterThink/Images/favicon.ico", "canonical": "https://counterthink.com/2018-08-10-censorship-purge-points-to-imminent-false-flag-violence.html", "encoding": null}, "image": null, "domain": "counterthink.com", "title": "Censorship PURGE points to imminent FALSE FLAG violence", "cleaned_text": "", "opengraph": {"title": "Censorship PURGE points to imminent FALSE FLAG violence", "type": "website", "url": "http://www.counterthink.com/2018-08-10-censorship-purge-points-to-imminent-false-flag-violence.html", "site_name": "CounterThink.com", "image": "http://www.counterthink.com/Assets/Uploads/640/5820541704001.jpg"}, "tags": [], "tweets": [], "movies": [], "links": [], "authors": [], "publish_date": null}