{"result_id": "082043", "URL": "https://counterthink.com/Keyword-Michael-Snyder.html", "timestamp": "2023-04-25 14:51:04 CEST+0200", "meta": {"description": "Challenging the dumbed-down status quo with intelligent, independent reporting and analysis on topics that matter for our world.", "lang": "en", "keywords": "CounterThink, Mike Adams, Videos", "favicon": "//www.counterthink.com/Assets/Themes/CounterThink/Images/favicon.ico", "canonical": "https://counterthink.com/Keyword-Michael-Snyder.html", "encoding": null}, "image": null, "domain": "counterthink.com", "title": "Michael Snyder", "cleaned_text": "", "opengraph": {"title": "Michael Snyder", "description": "Challenging the dumbed-down status quo with intelligent, independent reporting and analysis on topics that matter for our world.", "type": "website", "url": "http://www.counterthink.com", "site_name": "CounterThink.com", "image": "http://www.counterthink.com/Assets/Uploads/640/CounterThink-with-Mike-Adams.jpg"}, "tags": [], "tweets": [], "movies": [], "links": [], "authors": [], "publish_date": null}