{"result_id": "083042", "URL": "https://geopolitics.co/category/big-tech/", "timestamp": "2023-04-25 14:51:39 CEST+0200", "meta": {"description": "", "lang": "en", "keywords": "", "favicon": "https://geopolitics.co/wp-content/uploads/2019/11/cg-icon-150x150.png", "canonical": "https://geopolitics.co/category/big-tech/", "encoding": "UTF-8"}, "image": null, "domain": "geopolitics.co", "title": "Big Tech \u2013 Covert Geopolitics", "cleaned_text": "It seemed evident for a while that the current fiat monetary system is, at best, unstable. At worst, it\u2019s a Ponzi scheme whose time has expired. If that\u2019s the case, I suspect the central bankers and 0.1% know this and might be prepared to usher in the new system before the old one collapses on itself \u2013 even as they loot it on the way down with the most significant wealth transfer in human history.\n\nCBDC: How COVID Became the Path to Global Financial Surveillance", "opengraph": {"type": "website", "title": "Big Tech \u2013 Covert Geopolitics", "url": "https://geopolitics.co/category/big-tech/", "site_name": "Covert Geopolitics", "image": "https://geopolitics.co/wp-content/uploads/2019/11/cg-icon.png", "image:width": "400", "image:height": "400", "locale": "en_US"}, "tags": ["bioelectronics", "biodigital convergence", "new normal", "biometrics", "youtube censorship", "toka", "covid19 lockdown", "CBDC", "arpa-h", "master of the world", "panopticon", "ubi", "antivax videos", "modern monetary theory", "tech companies", "Eric Schmidt", "universal basic income", "cia", "lipid nanoparticles", "big tech profits", "paid journalism", "perpetual surveillance", "blockchain", "covid19 coup", "covid-19 pandemic", "big tech ceos", "darpa", "orwellian state", "dystopia", "WEF", "covid19 depopulation", "political censorship", "harpa", "forced consent", "feed insects", "bill gates", "eric lander", "nih", "voodoo science", "ai-based dictatorship", "psychopaths", "klaus schwab", "israeli spyware", "broad institute", "vaccinations", "big tech coup", "philanthrocapitalism", "graphene", "covid1 coup", "distraction", "mass surveillance", "cryptocurrency", "Central Bank Digital Currency", "graphene oxide", "forced concensus", "premeditated depopulation"], "tweets": [], "movies": [], "links": ["https://geopolitics.co/2022/11/21/cbdc-how-covid-became-the-path-to-global-financial-surveillance/#more-71481"], "authors": [], "publish_date": "March 19, 2023"}