{"result_id": "088024", "URL": "https://billcam.dailyclout.io/videos/DC.ModelBill.20210421.pdf", "timestamp": "2023-04-25 14:56:20 CEST+0200", "meta": {"description": "", "lang": null, "keywords": "", "favicon": "", "canonical": "https://billcam.dailyclout.io/videos/DC.ModelBill.20210421.pdf", "encoding": null}, "image": null, "domain": "billcam.dailyclout.io", "title": "", "cleaned_text": "", "opengraph": {}, "tags": [], "tweets": [], "movies": [], "links": [], "authors": [], "publish_date": null}