{"result_id": "089009", "URL": "https://www.dailygrail.com/tag/vaccines/?filtered=latest", "timestamp": "2023-04-25 14:57:02 CEST+0200", "meta": {"description": "", "lang": "en", "keywords": "", "favicon": "https://i0.wp.com/www.dailygrail.com/wp-content/uploads/2020/12/cropped-TDG-favicon-1.png?fit=32%2C32&ssl=1", "canonical": "https://www.dailygrail.com/tag/vaccines/", "encoding": "UTF-8"}, "image": null, "domain": "www.dailygrail.com", "title": "vaccines Archives", "cleaned_text": "", "opengraph": {"locale": "en_US", "type": "article", "title": "vaccines Archives - The Daily Grail", "url": "https://www.dailygrail.com/tag/vaccines/", "site_name": "The Daily Grail"}, "tags": ["psychedelics", "A to Z", "UFOs", "Latest", "Random", "Graham Hancock", "afterlife", "Jacques Vallee", "Oldest"], "tweets": [], "movies": [], "links": [], "authors": [], "publish_date": "Monday, May 30th"}