{"result_id": "090005", "URL": "https://dailyhealthpost.com/", "timestamp": "2023-04-25 14:57:33 CEST+0200", "meta": {"description": "Healthy.Nutrition.Wellness - Curating the best wellness content since 2012.", "lang": "en", "keywords": "", "favicon": "https://dailyhealthpost.com/wp-content/uploads/2018/06/cropped-logo_lg-32x32.png", "canonical": "https://dailyhealthpost.com/", "encoding": "UTF-8"}, "image": null, "domain": "dailyhealthpost.com", "title": "Welcome to Daily Health Post", "cleaned_text": "", "opengraph": {"title": "Welcome to Daily Health Post", "article_publisher": "dailyhealthpost", "url": "https://dailyhealthpost.com/", "site_name": "DailyHealthPost", "article:published_time": "2014-09-24T22:59:43-04:00", "article:modified_time": "2021-09-20T10:57:29-04:00", "updated_time": "2021-09-20T10:57:29-04:00", "locale": "en_US", "description": "Healthy.Nutrition.Wellness - Curating the best wellness content since 2012.", "image": "https://dailyhealthpost.com/wp-content/uploads/Daily-Health-Post-Logo.png", "image:secure_url": "https://dailyhealthpost.com/wp-content/uploads/Daily-Health-Post-Logo.png", "image:width": "1385", "image:height": "266", "image:alt": "News Page 2", "image:type": "image/png", "types": ["article", "website"]}, "tags": [], "tweets": [], "movies": [], "links": ["https://dailyhealthpost.com/eating-habits-fight-anxiety-depression-stress/", "https://dailyhealthpost.com/eyes-reveal-brain-health/", "https://dailyhealthpost.com/food-raises-melatonin/", "https://dailyhealthpost.com/belly-fat-slowly-killing-you/", "https://dailyhealthpost.com/hands-lung-health/", "https://dailyhealthpost.com/feet-liver-health/", "https://dailyhealthpost.com/spine-exercises-lower-back-pain/", "https://dailyhealthpost.com/tablespoon-of-olive-oil/", "https://dailyhealthpost.com/feet-health-arteries/", "https://dailyhealthpost.com/5-warning-signs-heart-failure-weak/", "https://dailyhealthpost.com/foods-that-unclog-arteries-naturally-and-prevent-heart-attack/", "https://dailyhealthpost.com/10-worst-habits-that-cause-bad-breath-bleeding-gums-and-yellow-teeth/", "https://dailyhealthpost.com/california-free-school-lunches-students/", "https://dailyhealthpost.com/7-brain-killing-habits-wheelchair/", "https://dailyhealthpost.com/mom-foster-189-kids-four-decades/", "https://dailyhealthpost.com/proven-ways-build-stronger-lungs/", "https://dailyhealthpost.com/foods-that-burn-belly-fat/", "https://dailyhealthpost.com/cleanse-your-arteries/", "https://dailyhealthpost.com/sleeping-90-minutes-less-immune-system/", "https://dailyhealthpost.com/3-worst-foods-inflammation-gut/", "https://dailyhealthpost.com/4-reasons-why-cardiac-arrests-happen-in-the-bathroom/"], "authors": [], "publish_date": "2014-09-24T22:59:43-04:00"}