{"result_id": "090013", "URL": "https://dailyhealthpost.com/covid-vaccines-have-3-new-side-effects-you-dont-know-about-but-should/", "timestamp": "2023-04-25 14:57:40 CEST+0200", "meta": {"description": "- Last week, the CDC made some changes to its coronavirus vaccine guidelines by adding three new side effects to the list. Before the change, the agency only", "lang": "en", "keywords": "", "favicon": "https://dailyhealthpost.com/wp-content/uploads/2018/06/cropped-logo_lg-32x32.png", "canonical": "https://dailyhealthpost.com/covid-vaccines-have-3-new-side-effects-you-dont-know-about-but-should/", "encoding": "UTF-8"}, "image": null, "domain": "dailyhealthpost.com", "title": "Covid vaccines have 3 new side effects you don't know about but should", "cleaned_text": "Last week, the CDC made some changes to its coronavirus vaccine guidelines by adding three new side effects to the list. Before the change, the agency only listed six potential side effects on their website. The new guidelines, however, increased that number to nine.\n\nThe newly added side effects are redness, muscle pain and nausea. Although these adverse reactions are uncomfortable, they\u2019re actually a good thing. Experiencing one of these is a strong sign that your immune system is responding to the vaccine and developing antibodies. It takes around two weeks for your immune system to reach maximum protection after receiving your second jab.\n\nThe CDC guidelines also provide some tips on how to deal with the side effects. \u201cTalk to your doctor about taking over-the-counter medicine, such as ibuprofen, acetaminophen, aspirin, or antihistamines, for any pain and discomfort you may experience after getting vaccinated,\u201d the guidelines read.\n\n\u201cYou can take these medications to relieve post-vaccination side effects if you have no other medical reasons that prevent you from taking these medications normally.\u201d\n\nAdditional information you should know before getting your vaccine:\n\u2022 Avoid alcohol before getting your vaccine\n\u2022 Don\u2019t take this painkiller before your vaccine", "opengraph": {"description": "- Last week, the CDC made some changes to its coronavirus vaccine guidelines by adding three new side effects to the list. Before the change, the agency only", "title": "Covid vaccines have 3 new side effects you don't know about but should", "article_publisher": "dailyhealthpost", "image": "https://dailyhealthpost.com/wp-content/uploads/2021/03/covid-3-new-side-effects-ft.jpg", "type": "article", "url": "https://dailyhealthpost.com/covid-vaccines-have-3-new-side-effects-you-dont-know-about-but-should/", "site_name": "DailyHealthPost", "article:published_time": "2021-03-09T07:42:44-05:00", "article:modified_time": "2021-03-09T07:42:45-05:00", "updated_time": "2021-03-09T07:42:45-05:00", "locale": "en_US", "article:publisher": "https://www.facebook.com/DailyHealthPost/", "article:author": "https://www.facebook.com/DailyHealthPost", "article:section": "Wellness", "image:secure_url": "https://dailyhealthpost.com/wp-content/uploads/2021/03/covid-3-new-side-effects-ft.jpg", "image:width": "1200", "image:height": "630", "image:alt": "Covid vaccines have 3 new side effects you don\u2019t know about but should", "image:type": "image/jpeg"}, "tags": [], "tweets": [], "movies": [], "links": ["https://www.cdc.gov/coronavirus/2019-ncov/vaccines/expect/after.html", "https://dailyhealthpost.com/avoid-alcohol-if-youre-getting-covid-vaccine/", "https://dailyhealthpost.com/why-you-need-to-avoid-painkillers-if-youre-getting-the-covid-vaccine/", "mailto:?subject=Covid%20vaccines%20have%203%20new%20side%20effects%20you%20don%27t%20know%20about%20but%20should&body=Last%20week%2C%20the%20CDC%20made%20some%20changes%20to%20its%20coronavirus%20vaccine%20guidelines%20by%20adding%20three%20new%20side%20effects%20to%20the%0D%0A%0D%0ARead More Here: %20https%3A%2F%2Fdailyhealthpost.com%2Fcovid-vaccines-have-3-new-side-effects-you-dont-know-about-but-should%2F%3Futm_source%3Demail%26utm_medium%3Dsocial%26utm_campaign%3DSocialWarfare", "https://share.flipboard.com/bookmarklet/popout?v=2&title=Covid+vaccines+have+3+new+side+effects+you+don%27t+know+about+but+should&url=https%3A%2F%2Fdailyhealthpost.com%2Fcovid-vaccines-have-3-new-side-effects-you-dont-know-about-but-should%2F%3Futm_source%3Dflipboard%26utm_medium%3Dsocial%26utm_campaign%3DSocialWarfare", "https://api.whatsapp.com/send?text=https%3A%2F%2Fdailyhealthpost.com%2Fcovid-vaccines-have-3-new-side-effects-you-dont-know-about-but-should%2F%3Futm_source%3Dwhatsapp%26utm_medium%3Dsocial%26utm_campaign%3DSocialWarfare", "https://dailyhealthpost.com/how-long-does-immunity-last-after-getting-covid-19/"], "authors": [], "publish_date": "2021-03-09T07:42:44-05:00"}