{"result_id": "094011", "URL": "https://shop.davidwolfe.com/collections/spike-protein", "timestamp": "2023-04-25 14:58:45 CEST+0200", "meta": {"description": "These products are part of Wolfe's Spike Protein Neutralization Strategy. This is a developing collection and products are added or removed as more information is learned. This protocol has nothing to do with viruses or respiratory infections.", "lang": "en", "keywords": "", "favicon": "//cdn.shopify.com/s/files/1/2718/3098/t/20/assets/favicon.png?v=169360117983311101101630009208", "canonical": "https://shop.davidwolfe.com/collections/spike-protein", "encoding": "utf-8"}, "image": null, "domain": "shop.davidwolfe.com", "title": "Spike Protein", "cleaned_text": "These products are part of Wolfe's Spike Protein Neutralization Strategy. This is a developing collection and products are added or removed as more information is learned. This protocol has nothing to do with viruses or respiratory infections.\n\nSort by Featured Sort by Best Selling Sort by Alphabetically, A-Z Sort by Alphabetically, Z-A Sort by Price, low to high Sort by Price, high to low Sort by Date, new to old Sort by Date, old to new\n\nFree Shipping for Orders greater than $333 use code: BESTSAVINGS\n\nFree shipping when you order over $333 In The USA With The Coupon Code BESTSAVINGS\n\nYou Qualify For Free Shipping In The USA With The Code BESTSAVINGS (Only One Coupon Code Allowed)\n\nFree Shipping For Over $x to", "opengraph": {"type": "website", "title": "Spike Protein", "url": "https://shop.davidwolfe.com/collections/spike-protein", "site_name": "David Wolfe Shop", "image": "https://cdn.shopify.com/s/files/1/2718/3098/collections/Screen_Shot_2021-06-10_at_11.36.08_AM.png?v=1623339422", "image:secure_url": "https://cdn.shopify.com/s/files/1/2718/3098/collections/Screen_Shot_2021-06-10_at_11.36.08_AM.png?v=1623339422", "image:width": "1666", "image:height": "1574", "image:alt": "Spike Protein"}, "tags": [], "tweets": [], "movies": [], "links": [], "authors": ["David Wolfe Shop"], "publish_date": null}