{"result_id": "099009", "URL": "https://doctors4covidethics.org/mark-your-calendar-mwgfd-online-symposium-tuesday-feb-28-2023/", "timestamp": "2023-04-25 14:59:35 CEST+0200", "meta": {"description": "", "lang": "en", "keywords": "", "favicon": "https://doctors4covidethics.org/wp-content/uploads/2021/05/globe-60x60.png", "canonical": "https://doctors4covidethics.org/mark-your-calendar-mwgfd-online-symposium-tuesday-feb-28-2023/", "encoding": "UTF-8"}, "image": null, "domain": "doctors4covidethics.org", "title": "Mark Your Calendar: MWGFD- online symposium Tuesday, Feb 28, 2023", "cleaned_text": "Mediziner und Wissenschaftler f\u00fcr Gesundheit, Freiheit und Demokratie, e.V. (MWGFD), or Physicians and Scientists for Health, Freedom and Democracy, e.V. is a German not-for-profit association that advocates freedom and democracy in research and education.\n\nMWGFD will hold The big MWGFD- online symposium on \u201cGene-based vaccines/COVID vaccination \u2013 the pharmaceutical crime of the century?\u201d Tuesday, February 28, 2023, from 6 p.m. to midnight German time (CET). Twenty renowned medical, science, and law experts will address the crucial questions regarding mRNA vaccines.\n\nWatch the live stream in English on Oval Media:\n\nFor detailed information on the coming symposium program, please visit:", "opengraph": {"type": "article", "title": "Mark Your Calendar: MWGFD- online symposium Tuesday, Feb 28, 2023", "description": "MWGFD will hold The big MWGFD- online symposium on 'Gene-based vaccines/COVID vaccination \u2013 the pharmaceutical crime of the century?' Tuesday, February 28, 2023, from 6 p.m. to midnight German time (CET). Twenty renowned medical, science, and law experts will address the crucial questions regarding mRNA vaccines.", "url": "https://doctors4covidethics.org/mark-your-calendar-mwgfd-online-symposium-tuesday-feb-28-2023/", "site_name": "Doctors for COVID Ethics", "updated_time": "2023-02-22T17:35:40+01:00", "image": "https://doctors4covidethics.org/wp-content/uploads/2023/02/20230222_mwgfd_feature.png", "image:width": "915", "image:height": "365", "article:published_time": "2023-02-22T17:05:36+01:00", "article:modified_time": "2023-02-22T17:35:40+01:00"}, "tags": [], "tweets": [], "movies": [], "links": ["#", "#", "#", "#", "#", "#", "https://www.mwgfd.org/", "https://www.oval.media/en/mwgfd-vac-symposium/", "https://www.mwgfd.org/2023/02/the-big-mwgfd-online-symposium-on-gene-based-vaccines-covid-vaccination-6-the-pharmaceutical-crime-of-the-century-will-take-place-on-tuesday-february-28-2023-from-6-p-m-to-midnight-germ/"], "authors": [], "publish_date": "2023-02-22T17:05:36+01:00"}