{"result_id": "099033", "URL": "https://doctors4covidethics.org/covid-vaccination-and-turbo-cancer-pathological-evidence-with-german-subtitles/", "timestamp": "2023-04-25 14:59:45 CEST+0200", "meta": {"description": "", "lang": "en", "keywords": "", "favicon": "https://doctors4covidethics.org/wp-content/uploads/2021/05/globe-60x60.png", "canonical": "https://doctors4covidethics.org/covid-vaccination-and-turbo-cancer-pathological-evidence-with-german-subtitles/", "encoding": "UTF-8"}, "image": null, "domain": "doctors4covidethics.org", "title": "COVID vaccination and turbo cancer: pathological evidence with German Subtitles", "cleaned_text": "", "opengraph": {"type": "article", "title": "COVID vaccination and turbo cancer: pathological evidence with German Subtitles", "description": "Watch on Rumble:https://rumble.com/v1f0wiv-ute-krger-covid-impfung-und-turbokrebs-pathologische-beweise.html", "url": "https://doctors4covidethics.org/covid-vaccination-and-turbo-cancer-pathological-evidence-with-german-subtitles/", "site_name": "Doctors for COVID Ethics", "updated_time": "2022-08-09T17:00:37+02:00", "image": "https://doctors4covidethics.org/wp-content/uploads/2022/07/Screen-Shot-2022-07-26-at-9.57.27-AM-e1658844105242.png", "image:width": "682", "image:height": "300", "article:published_time": "2022-08-09T17:00:37+02:00", "article:modified_time": "2022-08-09T17:00:37+02:00"}, "tags": [], "tweets": [], "movies": [], "links": [], "authors": [], "publish_date": "2022-08-09T17:00:37+02:00"}