{"result_id": "104008", "URL": "https://educateinspirechange.org/page/69/?controllerName=search&action=search&channel=opinion%2Fopenforum&search=1&inlineLink=1&query=%22Lowell%20High%20School%22%2Fpage%2F3", "timestamp": "2023-04-25 15:01:36 CEST+0200", "meta": {"description": "", "lang": "en", "keywords": "", "favicon": "https://educateinspirechange.org/wp-content/uploads/2014/06/cropped-1531634_549265021827446_552822793_o-1-32x32.jpg", "canonical": "https://educateinspirechange.org/page/69/?controllerName=search&action=search&channel=opinion%2Fopenforum&search=1&inlineLink=1&query=%22Lowell%20High%20School%22%2Fpage%2F3", "encoding": "UTF-8"}, "image": null, "domain": "educateinspirechange.org", "title": "Page 69 \u2013 Educate Inspire Change", "cleaned_text": "My wife Laura told me there was another white dog in our yard and Bo took off and would not come back,\u201d the owner wrote online. \u201cWe looked all over the place for him and could not find him. We decided to go home and wait for him to come back but he never did. I went \u2026\n\nMissing dog returns home with two new friends he\u2019d made along the way Read More \u00bb", "opengraph": {"locale": "en_US", "type": "website", "site_name": "Educate Inspire Change", "image": "http://ded4930.inmotionhosting.com/~educa114/wp-content/uploads/2014/06/eic2.jpg"}, "tags": [], "tweets": [], "movies": [], "links": ["https://educateinspirechange.org/missing-dog-returns-home-with-two-new-friends-hed-made-along-the-way/"], "authors": ["Kash Khan"], "publish_date": null}