{"result_id": "105048", "URL": "https://educate-yourself.org/vcd/govtseekssealonautismdamage28nov02.shtml", "timestamp": "2023-04-25 15:02:11 CEST+0200", "meta": {"description": "Nov. 26, 2002. WASHINGTON (Reuters Health) - Attorneys for the Bush Administration asked a federal court on Monday to order that documents on hundreds of cases of autism allegedly caused by childhood vaccines be kept from the public.", "lang": "en", "keywords": "www.educate-yourself.org, educate-yourself.org, ken adachi, franklin roosevelt, pearl harbor betrayal, roosevelt's treason, dwayne whitloik", "favicon": "", "canonical": "https://educate-yourself.org/vcd/govtseekssealonautismdamage28nov02.shtml", "encoding": "iso-8859-1"}, "image": null, "domain": "educate-yourself.org", "title": "US Gov't Asks Court to Seal Vaccine Records", "cleaned_text": "All information posted on this web site is the opinion of the author and is provided for educational purposes only. It is not to be construed as medical advice. Only a licensed medical doctor can legally offer medical advice in the United States. Consult the healer of your choice for medical care and advice.", "opengraph": {}, "tags": [], "tweets": [], "movies": [], "links": [], "authors": ["Todd Zwillich", "Ken Adachi", "Richard Boylan"], "publish_date": null}