{"result_id": "109010", "URL": "https://escapeallthesethings.com/page/18/?ref=driverlayer.com", "timestamp": "2023-04-25 15:03:21 CEST+0200", "meta": {"description": "", "lang": "en", "keywords": "", "favicon": "https://escapeallthesethings.com/wp-content/uploads/2017/04/cropped-favicon-1.jpg", "canonical": "https://escapeallthesethings.com/page/18/?ref=driverlayer.com", "encoding": "UTF-8"}, "image": null, "domain": "escapeallthesethings.com", "title": "Escape All These Things (Luke 21:36) \u2013 Page 18 \u2013 Escape confusion, fear and doubts by reading Revelation literally\u2026", "cleaned_text": "The Two Witnesses are impressive end time prophets able to stop the rain, send plagues and survive the Beast and False Prophet who they prophesy against. Understandably, they are the subject of much speculation and even envy today among Christians. Christians alternately believe that they are Enoch and Elijah (who allegedly never died), Moses and Elijah (from the Transfiguration), or even Christians among us today who claim to be them. But are they here and do we need to figure out who they are or worry about what happens if we don\u2019t? Find out why they are not here today and no one in their right mind should want to claim to be the Two Witnesses.", "opengraph": {}, "tags": ["the Woman (2)", "144000 (2)", "conspiracy theories (3)", "conspiracy theory (2)", "beginning of birth pains (2)", "place prepared (2)", "Elijah (4)", "Great Tribulation (4)", "gospel of the kingdom (3)", "beheading (2)", "Babylon the Great (3)", "Damascus (4)", "animal sacrifices (2)", "covid-19 (4)", "repentance (3)", "salvation (4)", "middle east nuclear war (5)", "john hagee (2)", "flat earth (2)", "Judea (10)", "mark of the beast (3)", "this year in prophecy (2)", "end time fears (3)", "the two witnesses (2)", "666 (2)", "1260 days (2)", "Muslim Antichrist (2)", "israel (5)", "david wilkerson (2)", "Wormwood (8)", "Abomination of Desolation (2)", "depart from me (5)", "mark biltz (2)", "Mystery Babylon (3)", "place of safety (2)", "false prophet (2)", "Nibiru (2)", "strength to escape (6)", "wrath of God (2)", "good news of the kingdom (3)", "hell (2)", "prince charles (2)", "Sermon on the Mount (5)", "gog magog (2)", "third temple (2)"], "tweets": [], "movies": [], "links": ["https://escapeallthesethings.com/category/mysteries/", "https://escapeallthesethings.com/category/end-time-prophecy/", "https://escapeallthesethings.com/author/tim-mchyde/", "//www.facebook.com/sharer/sharer.php?u=https://escapeallthesethings.com/two-witnesses/", "https://twitter.com/share?text=The Two Witnesses \u2013 Would You Want This Job?:&url=https://escapeallthesethings.com/two-witnesses/", "https://escapeallthesethings.com/two-witnesses/", "https://escapeallthesethings.com/two-witnesses/"], "authors": [], "publish_date": null}