{"result_id": "110026", "URL": "https://www.eugenics.news/2022-08-23-aerosolized-vaccines-sprayed-on-human-cities-for-global-depopulation.html", "timestamp": "2023-04-25 15:04:12 CEST+0200", "meta": {"description": "When conventional farmers want to carpet bomb a crop field with insecticides to kill the insects, they spray the field with toxic chemicals. The chemicals are absorbed by the insects and go to work destroying their nervous systems or circulatory systems. Before long, millions of insects experience a \u201cdied suddenly\u201d event. When globalists want to [\u2026]", "lang": "en", "keywords": "aerosolized,anti-human,badhealth,badmedicine,Blood clots,chemtrails,Clots,depopulation,extermination,genocide,mRNA,nasal sprays,population control,vaccine wars,vaccines", "favicon": "wp-content/themes/NTTheme/images/Newstarget-fav.png", "canonical": "https://www.eugenics.news/2022-08-23-aerosolized-vaccines-sprayed-on-human-cities-for-global-depopulation.html", "encoding": "UTF-8"}, "image": null, "domain": "www.eugenics.news", "title": "VAX CARPET BOMBS: Aerosolized \u201cvaccines\u201d being developed that can be sprayed on human cities for automatic depopulation", "cleaned_text": "VAX CARPET BOMBS: Aerosolized \u201cvaccines\u201d being developed that can be sprayed on human cities for automatic depopulation\n\nWhen conventional farmers want to carpet bomb a crop field with insecticides to kill the insects, they spray the field with toxic chemicals. The chemicals are absorbed by the insects and go to work destroying their nervous systems or circulatory systems. Before long, millions of insects experience a \u201cdied suddenly\u201d event.\n\nWhen globalists want to kill off masses of humans living in high population density cities, they can similarly carpet bomb the city with aerosolized \u201cvaccines\u201d that are designed to be inhaled. These can be sprayed from low altitude aircraft in exactly the same way malathion was sprayed on populations, presumably to control mosquitoes and the over-hyped Zika virus.\n\nA recent article from Eugyppius: A Plague Chronicle reveals that Bill Gates-associated researchers are now pushing for covid nasal vaccines that could theoretically be sprayed on populations and inhaled without individual knowledge or consent.\n\n\u201cVirus moron Eric Topol and snakeoil saleswoman Akiko Iwasaki plug mRNA nasal spray hocus pocus, demand a second Operation Warp Speed to further tinker with billions of human immune systems,\u201d writes the website:\n\nOligarchic support for nasal spray vaccines proceeds primarily from the beleaguered mind of Bill Gates, who is quietly disappointed in the performance of the mRNA elixirs and now places the better part of his hope in masking\u2026\n\nTopol is just a mentally vacant Corona brigadier, but Iwasaki is co-founder of the pharmaceutical startup RIGImmune, which has received two million dollars from the Gates Foundation \u201cto develop novel innate immune activators to protect against infectious diseases that disproportionately impact the developing world.\u201d She\u2019s also co-founded Xanadu Bio, which is trying to come up with nanoparticles that won\u2019t kill you when you inhale them\u2026\n\nIf this effort succeeds, it would give globalists a way to air drop mRNA instructions on entire populations in exactly the same way farmers spray fields with insecticides. The mRNA instructions hijack the body\u2019s cells, programming them to construct non-human protein structures which can also function as biological weapons that cause infertility or clots.\n\nAs Natural News has exclusively documented with laboratory tests, these clots are self-assembling biostructures that grow in size until they block blood flow and often kill the victim. People are dropping dead just like weevils, and the \u201chuman herd\u201d is being culled like never before.\n\nHuman populations are seen as \u201cplagues\u201d by the globalists\n\nHuman populations are seen by globalists as plagues upon the planet, worthy of extermination in the same way an infestation of cockroaches might be handled. According to globalists, human beings are not only using too many precious resources \u2014 such as water, energy and land \u2014 they\u2019re also polluting the oceans with plastics, destroying ecological systems and contributing nothing to the future of human civilization. Therefore, they must be exterminated, the thinking goes.\n\nThe real trick is figuring out how to convince the masses they aren\u2019t being exterminated as they line up for extermination injections. To achieve this, \u201cvaccines\u201d were pushed by doctors, journalists, government authorities, Big Tech, employers and schools, in contradiction to any real supporting science. These death shots were called \u201csafe and effective\u201d when they were really dangerous and deadly. Those who gave in to these apparent \u201cauthority\u201d influencers will likely pay for that bad decision with their lives, it turns out. Because all along, the covid-19 pandemic was a ploy to get people to line up and agree to be injected with slow-acting euthanasia shots.\n\nNow, the post-vaccine clots are continuing to grow in size, clogging arteries and blood vessels, causing an increasing number of people to drop dead without any ready explanation that the medical establishment will accept. The common cause among all these \u201cdied suddenly\u201d events is, of course, post-vaccine clots that are clogging up arteries and blood vessels.\n\nImportantly, these clots are continuing to grow in size every day, inside the bodies of the people who took the vaccines. Millions more will die in the months and years to come. For those who aren\u2019t killed by the current vaccines, globalists can simply spray the cities with new mRNA \u201cdeath bombs\u201d that people inhale against their will or knowledge.\n\nTalk about violations of Nuremberg\u2026 this would effectively turn every targeted city into a Holocaust-style gas chamber where people breathe in the bioweapons that will kill them over time.\n\nMary Holland of Children\u2019s Health Defense is calling for global prosecutions against those who are perpetrating these crimes against humanity\n\nAs explained on the CHD website today, Mary Holland has calling for large-scale global prosecutions of these covid vaccine criminals and bioweapons engineers who unleashed these attacks on humanity:\n\nTragically, in the last two-and-a-half years, we have witnessed a global assault on the Nuremberg Code. Governments, medical establishments, universities and the media have violated the very first principle and every other principle of the code\u2019s 10 points.\n\n They have coerced people into being human guinea pigs. Those who have intentionally, knowingly and maliciously violated the principles of the Nuremberg Code must be punished. They must be called out, prosecuted and punished for crimes against humanity\u2026\n\nIndeed, Holland is correct, and if the human race doesn\u2019t stand up to the vaccine death cult mass murderers like Fauci, billions will die.\n\nIn fact, we may already be beyond the tipping point where billions are programmed to die over the coming years. Unless a method is found to reverse the clots and literally deprogram the human body from malicious mRNA instructions, the 5+ billion people who already took these vaccines may be facing extermination via \u201cscience.\u201d\n\nRemember: Fauci lied. Millions have already died, and billions are at risk of death in the months and years ahead. Big Tech and the media are censoring, blacklisting and attacking anyone who tries to sound the alarm on this, proving that they are in on the genocide and complicit in these crimes against humanity.\n\nApple, Google, Facebook, Twitter, YouTube, Linked In and many more are guilty of conspiracy to mass murder billions of human beings, even when some of those victims will be their very own employees, engineers and executives. Truly, we are witnessing a global death cult play out in front of our very eyes.\n\nListen to my full Situation Update podcast for full details:\n\nDiscover more information-packaged podcasts, raw intel reports and interviews each day:\n\nBrighteon.social: Brighteon.social/@HealthRanger (my breaking news gets posted here first)\n\nTelegram: t.me/RealHealthRanger (breaking news is posted here second)\n\nJoin the free NaturalNews.com email newsletter to stay alerted about breaking news each day.\n\nDownload my current audio books \u2014 including Ghost World, Survival Nutrition, The Global Reset Survival Guide and The Contagious Mind \u2014 at:\n\nDownload my new audio book, \u201cResilient Prepping\u201d at ResilientPrepping.com \u2013 it teaches you how to survive the total collapse of civilization and the loss of both the power grid and combustion engines.", "opengraph": {"title": "VAX CARPET BOMBS: Aerosolized \u201cvaccines\u201d being developed that can be sprayed on human cities for automatic depopulation", "type": "article", "url": "https://www.eugenics.news/2022-08-23-aerosolized-vaccines-sprayed-on-human-cities-for-global-depopulation.html", "site_name": "Eugenics News", "description": "When conventional farmers want to carpet bomb a crop field with insecticides to kill the insects, they spray the field with toxic chemicals. The chemicals are absorbed by the insects and go to work destroying their nervous systems or circulatory systems. Before long, millions of insects experience a \u201cdied suddenly\u201d event. When globalists want to [\u2026]", "image": "https://www.eugenics.news/wp-content/uploads/sites/358/2022/09/HRR-2022-08-23-Situation-Update-VIDEO.jpg"}, "tags": ["extermination", "nasal sprays", "vaccine wars", "aerosolized", "chemtrails", "Clots", "mRNA", "genocide", "Blood clots", "depopulation", "vaccines", "anti-human", "population control"], "tweets": [], "movies": [], "links": ["https://www.eugyppius.com/p/new-cool-trick-to-end-corona-just?triedSigningIn=true", "https://www.naturalnews.com/2022-08-17-elemental-analysis-results-released-vaccine-clot-composition-not-blood-clots.html", "https://childrenshealthdefense.org/defender/mary-holland-nuremberg-code-anniversary-speech/", "http://Brighteon.com/b5a90793-d447-43f4-8e78-82033d9adcfa", "https://www.brighteon.com/channels/hrreport", "http://Brighteon.social/@HealthRanger", "https://t.me/RealHealthRanger", "https://truthsocial.com/@healthranger", "http://GETTR.com/user/healthranger", "http://Parler.com/user/HealthRanger", "https://Rumble.com/c/HealthRangerReport", "http://Bitchute.com/channel/9EB8glubb0Ns/", "http://app.clouthub.com/#/users/u/naturalnews/posts", "https://www.naturalnews.com/readerregistration.html", "https://audiobooks.naturalnews.com/", "http://ResilientPrepping.com", "https://www.addtoany.com/add_to/google_plus?linkurl=%2Feugenicsnews%2F2022-08-23-aerosolized-vaccines-sprayed-on-human-cities-for-global-depopulation.html&linkname=VAX%20CARPET%20BOMBS%3A%20Aerosolized%20%E2%80%9Cvaccines%E2%80%9D%20being%20developed%20that%20can%20be%20sprayed%20on%20human%20cities%20for%20automatic%20depopulation", "https://www.addtoany.com/share", "https://support.naturalnews.com/Feedback.html"], "authors": [], "publish_date": null}