{"result_id": "114008", "URL": "https://faithit.com/author/sara-wallace/", "timestamp": "2023-04-25 15:05:47 CEST+0200", "meta": {"description": "", "lang": "en", "keywords": "", "favicon": "https://cdn.faithit.com/wp-content/uploads/2016/10/favicon.png", "canonical": "https://faithit.com/author/sara-wallace/", "encoding": "UTF-8"}, "image": null, "domain": "faithit.com", "title": "Sara Wallace, Author at Faithit", "cleaned_text": "8-Year-Old Dies 3 Times, Wakes Up & Says \u201cJesus Told Me I Have to Go Back to Earth to Tell Others About Him\u201d\n\n\"I know I'm doing it for Jesus. I know that he's real,\" said Landon. \"I know that angels are there. I know that there's a heaven. I'm not doing it for someone I don't know or that I've never seen. I've seen Jesus. I know he's there. He's asked me to do this and this is what I'm doing.\"", "opengraph": {"locale": "en_US", "type": "object", "title": "Sara Wallace, Author at Faithit", "url": "https://faithit.com/author/sara-wallace/", "site_name": "Faithit"}, "tags": [], "tweets": [], "movies": [], "links": ["https://faithit.com/8-year-old-dies-3-times-wakes-up-tells-mom-jesus-came-to-me-landon-kemp/"], "authors": [], "publish_date": "6 days ago"}