{"result_id": "121002", "URL": "https://www.freedomadvocates.org/audio/page/5/", "timestamp": "2023-04-25 15:08:11 CEST+0200", "meta": {"description": "", "lang": "en", "keywords": "", "favicon": "https://www.freedomadvocates.org/wp-content/uploads/2016/12/FA-Logo-50x50.jpg", "canonical": "https://www.freedomadvocates.org/audio/page/5/", "encoding": "UTF-8"}, "image": null, "domain": "www.freedomadvocates.org", "title": "Audio Files Archive - Page 5 of 11", "cleaned_text": "4/21/2009 - Dr. Stan interviews guest Michael Shaw on Sustainable Development. There are a thousand points of darkness that are now wafting upon us. What are Americans supposed to do, fight a thousand battles? No. If we understand how Sustainable Development operates, we can protect unalienable rights and individual liberty. [...]", "opengraph": {"locale": "en_US", "type": "website", "title": "Audio Files Archive - Page 5 of 11 - Freedom Advocates", "url": "https://www.freedomadvocates.org/audio/", "site_name": "Freedom Advocates"}, "tags": [], "tweets": [], "movies": [], "links": ["https://www.freedomadvocates.org/audio/no-need-fight-1000-battles-michael-shaw-discusses-sustainable-development-dr-stan/"], "authors": [], "publish_date": null}