{"result_id": "124017", "URL": "https://freeworldnews.tv/watch?id=60ff3e058ba56012985a354a", "timestamp": "2023-04-25 15:09:01 CEST+0200", "meta": {"description": "Australian Prime Minister openly blames the people who died from coerced vaccines for their own deaths.", "lang": "en", "keywords": "", "favicon": "/images/app-icon/apple-icon-180.png", "canonical": "https://freeworldnews.tv/watch?id=60ff3e058ba56012985a354a", "encoding": "utf-8"}, "image": null, "domain": "freeworldnews.tv", "title": "Australian Prime Minister Says Its Your Fault If You Took The Vaccine And Died", "cleaned_text": "Confirm to receive notifications when channels you've subscribed to upload new videos.\n\nYou can activate this any time from the settings page.", "opengraph": {"locale": "en_US", "video": "https://assets.infowarsmedia.com/videos/72bd10ed-d308-45a1-8647-a20354f6e384.mp4", "video:secure_url": "https://assets.infowarsmedia.com/videos/72bd10ed-d308-45a1-8647-a20354f6e384.mp4", "video:type": "video/mp4", "video:width": "1280", "video:height": "720", "url": "https://madmaxworld.tv/watch?id=60ff3e058ba56012985a354a", "type": "video.movie", "title": "Australian Prime Minister Says Its Your Fault If You Took The Vaccine And Died", "description": "Australian Prime Minister openly blames the people who died from coerced vaccines for their own deaths.", "image": "https://assets.infowarsmedia.com/images/b915309a-8a9c-49f4-9084-d7d84af77629-large.jpg", "image:alt": "Australian Prime Minister Says Its Your Fault If You Took The Vaccine And Died", "site_name": "Banned.Video"}, "tags": [], "tweets": [], "movies": [], "links": [], "authors": [], "publish_date": null}