{"result_id": "124001", "URL": "https://freeworldnews.tv/watch?id=6164bd321648ca3e25fb2fd6", "timestamp": "2023-04-25 15:08:54 CEST+0200", "meta": {"description": "Owen Shroyer guest hosts The Alex Jones Show to break down the hellish reality of enforced vaccine passports as described by a Lithuanian couple living under medical martial law. Read more here: https://www.infowars.com/posts/so-deeply-deeply-wrong-lithuanian-without-vaccine-pass-describes-life-under-medical-tyranny/", "lang": "en", "keywords": "", "favicon": "/images/app-icon/apple-icon-180.png", "canonical": "https://freeworldnews.tv/watch?id=6164bd321648ca3e25fb2fd6", "encoding": "utf-8"}, "image": null, "domain": "freeworldnews.tv", "title": "Lithuanian Couple Exposes the Hell of Vaccine Passports", "cleaned_text": "Confirm to receive notifications when channels you've subscribed to upload new videos.\n\nYou can activate this any time from the settings page.", "opengraph": {"locale": "en_US", "video": "https://assets.infowarsmedia.com/videos/cfd71ae3-befe-4e35-92d3-94c357d112fc.mp4", "video:secure_url": "https://assets.infowarsmedia.com/videos/cfd71ae3-befe-4e35-92d3-94c357d112fc.mp4", "video:type": "video/mp4", "video:width": "1280", "video:height": "720", "url": "https://madmaxworld.tv/watch?id=6164bd321648ca3e25fb2fd6", "type": "video.movie", "title": "Lithuanian Couple Exposes the Hell of Vaccine Passports", "description": "Owen Shroyer guest hosts The Alex Jones Show to break down the hellish reality of enforced vaccine passports as described by a Lithuanian couple living under medical martial law. Read more here: https://www.infowars.com/posts/so-deeply-deeply-wrong-lithuanian-without-vaccine-pass-describes-life-under-medical-tyranny/", "image": "https://assets.infowarsmedia.com/images/1f7e0bec-6bb4-4c9a-8d5a-3c3f886aea16-large.jpg", "image:alt": "Lithuanian Couple Exposes the Hell of Vaccine Passports", "site_name": "Banned.Video"}, "tags": [], "tweets": [], "movies": [], "links": [], "authors": [], "publish_date": null}