{"result_id": "126006", "URL": "https://covid19criticalcare.com/guide-tags/i-care/", "timestamp": "2023-04-25 15:10:11 CEST+0200", "meta": {"description": "", "lang": "en", "keywords": "", "favicon": "https://covid19criticalcare.com/wp-content/uploads/2022/09/cropped-new_favicon_2022-32x32.png", "canonical": "https://covid19criticalcare.com/guide-tags/i-care/", "encoding": "utf-8"}, "image": null, "domain": "covid19criticalcare.com", "title": "I-CARE Archives", "cleaned_text": "RSV is a very contagious RNA virus that is usually mild but can also lung inflammation. RSV is also called croup or bronciolitis in children. RSV is spread by droplets from coughing and sneezing and people are usually contagious for 3-8 days. The FLCCC has treatment protocols for both prevention and treatment of RSV.", "opengraph": {"locale": "en_US", "type": "article", "title": "I-CARE Archives - FLCCC | Front Line COVID-19 Critical Care Alliance", "url": "https://covid19criticalcare.com/guide-tags/i-care/", "site_name": "FLCCC | Front Line COVID-19 Critical Care Alliance"}, "tags": ["answering audience questions"], "tweets": [], "movies": [], "links": [], "authors": [], "publish_date": null}