{"result_id": "126051", "URL": "https://covid19criticalcare.com/tag/vaccine-injury/", "timestamp": "2023-04-25 15:11:16 CEST+0200", "meta": {"description": "", "lang": "en", "keywords": "", "favicon": "https://covid19criticalcare.com/wp-content/uploads/2022/09/cropped-new_favicon_2022-32x32.png", "canonical": "https://covid19criticalcare.com/tag/vaccine-injury/", "encoding": "utf-8"}, "image": null, "domain": "covid19criticalcare.com", "title": "Vaccine Injury Archives", "cleaned_text": "Dr. Paul Marik says it shouldn\u2019t be difficult to determine, with fairly high level of certainty, whether a vaccine caused certain injuries, or death, in a patient. Dr. Pierre Kory adds that this is especially true in younger patients. The doctors discuss how a large issue is that pathologists aren\u2019t screening for spike protein and autopsies aren\u2019t being done to find out why people are dying.", "opengraph": {"locale": "en_US", "type": "article", "title": "Vaccine Injury Archives - FLCCC | Front Line COVID-19 Critical Care Alliance", "url": "https://covid19criticalcare.com/tag/vaccine-injury/", "site_name": "FLCCC | Front Line COVID-19 Critical Care Alliance"}, "tags": ["answering audience questions"], "tweets": [], "movies": [], "links": [], "authors": [], "publish_date": null}