{"result_id": "127011", "URL": "https://www.gaia.com/video/vaccinate-or-not-dr-sherri-tenpenny", "timestamp": "2023-04-25 15:11:56 CEST+0200", "meta": {"description": "Despite these repeated threats a pending pandemic every year, we", "lang": "en", "keywords": "", "favicon": "/wp-content/themes/gaia-marketing-layer/assets/images/favicon.ico", "canonical": "https://www.gaia.com/video/vaccinate-or-not-dr-sherri-tenpenny", "encoding": "UTF-8"}, "image": null, "domain": "www.gaia.com", "title": "To Vaccinate or Not with Dr. Sherri Tenpenny", "cleaned_text": "Every year we hear new reports of a pending pandemic as new strains of influenza are discovered. Despite these repeated threats, we still have not experienced a worldwide disaster. Fortunately, effective vaccines are continuously developed to keep us healthy and safe. But can we really be sure of their safety and effectiveness? Dr. Sherri Tenpenny reveals some startling information about flu shots and potential threats against our rights to choose to vaccinate or not in this interview with George Noory.\n\nDr. Sherri Tenpenny, is an osteopathic medical doctor and board certified in three medical specialties. She is the founder of Tenpenny Integrative Medical Center which specializes in holistic and integrative medicine which offers unique approaches for many conditions including chronic pain and refractory allergies. Dr. Tenpenny has invested more than 18,000 hours of time over the last 13 years documenting the problems associated with vaccines. Her goal is to create a grassroots movement where millions will simply Say No to Vaccines.", "opengraph": {"type": "website", "url": "https://www.gaia.com/video/vaccinate-or-not-dr-sherri-tenpenny", "title": "To Vaccinate or Not with Dr. Sherri Tenpenny", "description": "Despite these repeated threats a pending pandemic every year, we", "image": "https://brooklyn.gaia.com/v1/image-render/3b1f7578-e380-44a7-a84d-19315477b861/48276_BB_s3_e37_vaccinate_or_not_16x9.jpg", "image:secure_url": "https://brooklyn.gaia.com/v1/image-render/3b1f7578-e380-44a7-a84d-19315477b861/48276_BB_s3_e37_vaccinate_or_not_16x9.jpg", "image:width": "1024", "image:height": "576", "site_name": "Gaia"}, "tags": ["Watch On Demand"], "tweets": [], "movies": [], "links": [], "authors": [], "publish_date": null}