{"result_id": "127007", "URL": "https://www.gaia.com/seeking-truth/secrets-cover-ups?input-filter=es&page=48", "timestamp": "2023-04-25 15:11:41 CEST+0200", "meta": {"description": "Browse our conspiracy theory documentaries exposing the biggest cover ups and secrets in human history, including the power of the pyramids and more.", "lang": "en", "keywords": "", "favicon": "/favicon.ico?ver=0.0.2", "canonical": "https://www.gaia.com/seeking-truth/secrets-cover-ups?page=48", "encoding": "UTF-8"}, "image": null, "domain": "www.gaia.com", "title": "Secrets & Cover Ups", "cleaned_text": "Cover-ups have become part of our society with many believing powerful groups, such as the Illuminati, are hiding secrets from the general public. These new documentaries explore popular theories related to UFO sightings, economic collapse, extreme social unrest, and more. Watch as filmmakers speak with people who have come forward to reveal that these events are not mere conspiracy theories. Our collection of documentaries exposes the true stories of media disinformation and cover-ups right from the insiders who had direct access to the power makers. Watch the best conspiracy documentaries to learn the truth about what has been hidden from the public.", "opengraph": {"site_name": "Gaia", "title": "Secrets & Cover Ups", "image": "https://brooklyn.gaia.com/v1/image-render/ec566d60-5201-45e7-9552-78cb9cbaafb1/secrets_coverups_2.jpg", "url": "https://www.gaia.com/seeking-truth/secrets-cover-ups?page=48", "type": "website", "description": "Browse our conspiracy theory documentaries exposing the biggest cover ups and secrets in human history, including the power of the pyramids and more."}, "tags": [], "tweets": [], "movies": [], "links": [], "authors": [], "publish_date": null}