{"result_id": "128022", "URL": "https://www.gender.news/2023-02-13-12-conversions-dc-democrats-want-americans-to-complete.html", "timestamp": "2023-04-25 15:13:58 CEST+0200", "meta": {"description": "It\u2019s a long-standing \u201cconspiracy theory\u201d to say that one\u2019s own government is \u201cout to get you,\u201d until it becomes so blatantly obvious that it is now a conspiracy theory to say that is not the case. We start this one off with the insidious Biden Regime paying Americans more money to stay home and not [\u2026]", "lang": "en", "keywords": "big government,brainwashed,cancel culture,clot shots,Collapse,conspiracy,Constitutional rights,culture wars,democrats,gender confused,gun rights,health freedom,homeless,insanity,intolerance,left cult,propaganda,transgender,transhumanism,unemployed,woke", "favicon": "wp-content/themes/NTTheme/images/Newstarget-fav.png", "canonical": "https://www.gender.news/2023-02-13-12-conversions-dc-democrats-want-americans-to-complete.html", "encoding": "UTF-8"}, "image": null, "domain": "www.gender.news", "title": "Top 12 CONVERSIONS the Demon-Democrats in DC want every American to complete", "cleaned_text": "Top 12 CONVERSIONS the Demon-Democrats in DC want every American to complete\n\nIt\u2019s a long-standing \u201cconspiracy theory\u201d to say that one\u2019s own government is \u201cout to get you,\u201d until it becomes so blatantly obvious that it is now a conspiracy theory to say that is not the case. We start this one off with the insidious Biden Regime paying Americans more money to stay home and not work during the scamdemic than they were making after taxes before. This method of operation has always been \u201cstaple diet\u201d for Democrat policy to give massive handouts (think Obama\u2019s 45 million people on welfare) so the unemployed and starving masses will vote for more Democrat-led \u201cfree living\u201d that comes with Big Government and the eradication of all Constitutional freedoms.\n\nAvoid being converted into a homeless, workless, starving Democrat living in a police state metropolitan city, like the majority of the populace there right now (think San Francisco, Portland, Los Angeles, Chicago, New York City, and the list goes on).\n\nNext, there\u2019s a wave of millennials being transformed (pun intended) into millions of gender-confused, sex-crazed mutants by the demonic-Dems in Washington DC, led by Hollywood and Disney. The \u201ccis\u201d generation is having their testicles removed or their breasts sawed off to pretend they\u2019ve switched genders, while the rest of them are having a fake phallus crafted from body tissues and taking hormone pills to grow extra hair and have a deep voice.\n\nThis gender-fluid fake conversion is just what the Democrats want from every youngster in America, so they\u2019re so distracted by sex-crazed thinking, huge medical bills, health issues, and the Drag Queen Story Hour (sexual transgressions against children), that they can\u2019t make any sense of everything they\u2019ve lost, including their own integrity, human rights, and the ability to procreate.\n\nFrom dumb to demented, from patriotic to hating everything American, today\u2019s faithful \u201cDemocrats\u201d are brainwashed into cancel culture, atheism and intolerance\n\nIf Hollywood and Disney get their way, every American will be kneeling down at the \u201c666\u201d alter and praying to demons for sex and drugs. Just take a look at a cryptic Grammy awards show, a Superbowl halftime show, or a Disney movie, and you will see. Worshipping Satan is supposedly the \u201cnorm\u201d these days, since everything trans-gender puts youngster\u2019s self-esteem in the gutter, and family values and morals get flushed down the toilet, it\u2019s not too hard to see how this is transforming so many people.\n\nIn general, today\u2019s youngsters are not learning even the most basic fundamentals of math and English to function in the working world. They\u2019re being dumbed down and turned into racists with CRT (critical race theory), gender dysphoria promotions, and a focus on despising America in general.\n\nThen, nearly all conventional food is laced with pesticides, herbicides, plastic chemicals, hormones, gluten, high fructose corn syrup, artificial sweeteners, GMOs, and lab-concocted synthetics. This severely depletes intelligence, focus, and critical thinking, while driving allergies, confusion, memory loss, and gender-bender dysphoria.\n\nAnd that brings us to the top 12 conversions and \u201ctrans\u201d-formations the Demon-Democrats in DC want every American to complete:\n\n#1. From employed (or self employed) to an unemployed Big Government beggar\n\n#3. From religious to satanic worshipper (or at least atheist)\n\n#4. From healthy to sick (or sick to sicker)\n\n#5. From dumb to demented (that\u2019s what fluoride, mercury, and Covid clot shots are for)\n\n#6. From natural health advocate to allopathic zombie (slave to sick care medicine)\n\n#8. From fertile (or pregnant) to infertile (or pro-abortion forever)\n\n#10. From patriotic (and neighborly) to hating America and despising everyone\u2019s differences\n\n#11. From cultural (and personable) to cancel culture (and homogenous)\n\n#12. From gun and land owners to disarmed renters and homeless, drug-addicted migrants\n\nKeep your truth news in check by adding Preparedness.news to your favorites list and tuning in daily for updates on real news about the surviving the Democrat-led apocalypse taking place on US soil right now.", "opengraph": {"title": "Top 12 CONVERSIONS the Demon-Democrats in DC want every American to complete", "type": "article", "url": "https://www.gender.news/2023-02-13-12-conversions-dc-democrats-want-americans-to-complete.html", "site_name": "Gender News", "description": "It\u2019s a long-standing \u201cconspiracy theory\u201d to say that one\u2019s own government is \u201cout to get you,\u201d until it becomes so blatantly obvious that it is now a conspiracy theory to say that is not the case. We start this one off with the insidious Biden Regime paying Americans more money to stay home and not [\u2026]", "image": "https://www.gender.news/wp-content/uploads/sites/165/2023/02/zombie_871235119.jpg"}, "tags": ["conspiracy", "big government", "unemployed", "left cult", "gun rights", "gender confused", "culture wars", "intolerance", "transgender", "brainwashed", "propaganda", "clot shots", "homeless", "Constitutional rights", "insanity", "woke", "cancel culture", "Collapse", "transhumanism", "democrats", "health freedom"], "tweets": [], "movies": [], "links": ["http://transhumanism.news", "https://www.city-journal.org/the-real-story-behind-drag-queen-story-hour", "https://www.naturalnews.com/2022-09-29-hundreds-thousands-fully-vaccinated-dying-weekly-pfizergate.html", "https://www.zerohedge.com/political/nra-25-states-goa-texas-ag-all-rush-stop-atf-rule-against-pistol-braces", "https://www.preparedness.news/2022-08-19-12-ways-prep-without-spending-too-much.html", "https://www.naturalnews.com/2022-07-28-dna-testing-kits-scam-ethnicity-specific-bioweapons.html", "https://www.naturalnews.com/2022-09-29-hundreds-thousands-fully-vaccinated-dying-weekly-pfizergate.html", "https://www.zerohedge.com/political/nra-25-states-goa-texas-ag-all-rush-stop-atf-rule-against-pistol-braces", "https://www.city-journal.org/the-real-story-behind-drag-queen-story-hour", "https://www.addtoany.com/add_to/google_plus?linkurl=%2Fgendernews%2F2023-02-13-12-conversions-dc-democrats-want-americans-to-complete.html&linkname=Top%2012%20CONVERSIONS%20the%20Demon-Democrats%20in%20DC%20want%20every%20American%20to%20complete", "https://www.addtoany.com/share", "https://support.naturalnews.com/Feedback.html"], "authors": [], "publish_date": null}