{"result_id": "130042", "URL": "https://www.geoengineeringwatch.org/geoengineering-watch-global-alert-news-june-5-2021-304/", "timestamp": "2023-04-25 15:15:55 CEST+0200", "meta": {"description": "Exposing the climate geoengineering cover-up", "lang": "en", "keywords": "geoengineering, geoengineering, chemtrails, chemtrail, jet trails, Dane Wigington, chemtrails, geoengineering weather modification, climate engineering, aerosol spraying, extreme weather, vegetation die off, plant die off, tree die off, species extinction, asthma, autism, alzheimer's, climate engineering, dementia, aluminum, vitamin d deficiency, fibromyalgia, memory problems, memory, difficulty concentrating, drought, deluge, heavy wet snow, ice nucleation, heavy metal toxicity, government denial, scientist lies, government disinformation, agenda 21, weather derivatives, NWO, EMF, HAARP,chemtrails, chemtrail, jet trails, Dane Wigington, chemtrails, weather modification, spraying, why chemtrails, aerosols, jets spraying, spraying jets, contrails, what in the world are they spraying, what in the world are they spraying dvd, what in the world are they spraying film, 2012 conspiracies,2012 conspiracy,2012 government conspiracy,9 11 conspiracy,911 conspiracy books,911 conspiracy debunked,911 conspiracy video,aerial geoengineering,aids conspiracy,airplane chemtrails, chemtrails, aluminum chemtrails,area 51 conspiracies,area 51 conspiracy,atmospheric geoengineering,barack obama conspiracy,barium chemtrails,barium in chemtrails,big brother conspiracy,big brother government control,bilderberg group conspiracy,black chemtrails,bohemian grove conspiracy,can government control weather,can the government control the weather,chem trail,chem trails,aluminim aerosols, sky trails, contrails, weather patterns, weather modification, weather, haarp, chemical trails,chemicals in chemtrails,chemtrail,chemtrail 2010,chemtrail central,chemtrail clouds,chemtrail conspiracy,chemtrail conspiracy theory,chemtrail documentary,chemtrail evidence,chemtrail hoax,chemtrail movie,chemtrail photos,chemtrail pics,chemtrail pictures,chemtrail plane,chemtrail planes,chemtrail proof,chemtrail spraying,chemtrail symptoms,chemtrail truth,chemtrail video,chemtrail vs contrail, chemtrailing, chemtrails, chemtrails 2008, chemtrails 2010,chemtrails 911,chemtrails alex jones,chemtrails aluminum,chemtrails arizona,chemtrails atlanta,chemtrails barium,chemtrails beck,chemtrails california,chemtrails chemical analysis,chemtrails chicago,chemtrails conspiracy,chemtrails contrails,bill gates, keith caldera, chemtrails dead birds, bird deaths, chemtrails debunked,chemtrails documentary,chemtrails exposed,chemtrails facts,chemtrails florida,chemtrails geoengineering,chemtrails global warming,chemtrails haarp,chemtrails hoax,chemtrails las vegas,chemtrails los angeles,chemtrails lyrics,chemtrails morgellons,chemtrails movie,chemtrails photos,chemtrails pictures,chemtrails planes,chemtrails proof,chemtrails purpose,chemtrails san diego,chemtrails san francisco,chemtrails today,chemtrails truth,chemtrails tucson,chemtrails video,chemtrails videos,chemtrails vs contrails,chemtrails weather modification,chemtrails youtube,cia conspiracies,cia conspiracy,climate change,climate change of global warming,climate engineering,climate geoengineering,climatic changes,conspiracies,conspiracy,fish deaths, bee die off, conspiracy 2012,conspiracy 911,conspiracy archive,conspiracy blog,conspiracy blogs,conspiracy books,conspiracy con,conspiracy define,conspiracy definition,conspiracy dvds,conspiracy forum,conspiracy forums,conspiracy jesse ventura,conspiracy meaning,conspiracy movie,conspiracy planet,conspiracy reality tv,conspiracy sites,conspiracy theories list,conspiracy theory books,conspiracy videos,conspiracy websites,conspiracy world,contrail vs chemtrail,contrails,contrails chemtrails,contrails conspiracy,controlling government,corporate control of government,corporations control government,david keith geoengineering,debunking chemtrails,define conspiracy,define geoengineering,definition conspiracy,definition of conspiracy,dia conspiracy,does the government control the media,does the government control the weather,famous conspiracies,federal reserve conspiracy,flu shot conspiracy,freedom from government control,geo engineering,geo engineering projects,geoengineer,geoengineering,geoengineering chemtrails,geoengineering climate change,geoengineering definition,geoengineering global warming,geoengineering projects,geoengineering the climate,geoengineering.org,geoengineers,geoengineers inc,geoengineers seattle,geotechnical,geotechnical engineer,geotechnical engineering,glenn beck conspiracy,global warming,global warming conspiracy,global warming global warming,government admits chemtrails,government conspiracies 2012,government conspiracy,government conspiracy 2012,government control,government control internet,government control media,government control of business,government control of economy,government control of education,government control of food,government control of internet,government control of internet 2010,government control of media,government control of the internet,government control of the media,government control over internet,government control over media,government control quotes,government control weather,government controlled,government controlled by corporations,government controlled economy,government controlled healthcare,government controlled internet,government controlled media,government controlling internet,government controlling media,government controlling the weather,government controlling weather,government controls,government controls everything,government controls media,government controls weather,government internet control,government media control,government mind control,government mind control conspiracy,government mind control experiments,government mind control programs,government pensions out of control,government pest control,government population control,government price control,government price controls,government weather control,h1n1 conspiracy,hurricane katrina conspiracy,illuminati chemtrails,illuminati conspiracies,illuminati conspiracy 2012,internal control and corporate governance,internet government control,it s a conspiracy,jay z conspiracy,jesse ventura conspiracy,jesuit conspiracy,jfk assassination conspiracies,jfk conspiracy,jfk jr conspiracy,less government control,list of conspiracies,lizard people conspiracy,los angeles chemtrails,marilyn monroe conspiracy,masonic conspiracy,meaning of conspiracy,media controlled by government,michael murphy chemtrails,military conspiracies,moon base conspiracy,morgellons and chemtrails,morgellons chemtrails,movie conspiracy,nasa chemtrails,new conspiracy theories,nwo conspiracy,obama conspiracies,obama conspiracy,oil leak conspiracy,one world order conspiracy,out of control government spending,pearl harbor conspiracy,planetary engineering,population control conspiracy,prince chemtrails,proof of chemtrails,proven conspiracies,purpose of chemtrails,quotes on government control,sept 11 conspiracy,september 11 conspiracy,september 11th conspiracy,solar warming,stop chemtrails,stop geoengineering,stratospheric aerosol geoengineering,stratospheric geoengineering,the absence of any government control,the climate change,the global warming,the government controls the weather,the obama conspiracy,timothy mcveigh conspiracy,too much government control,top conspiracies,top conspiracy theories,true conspiracy theories,tupac death conspiracy,twa 800 conspiracy,ufo conspiracies,un bans chemtrails,usa today chemtrails,usa today geoengineering,vatican conspiracy,ventura conspiracy,volokh conspiracy,what does the federal government control,what is conspiracy,wikileaks chemtrails,wikipedia chemtrails,william thomas chemtrails,world conspiracies,world conspiracy,youtube chemtrails", "favicon": "wp-content/uploads/2012/04/favicon.ico", "canonical": "https://www.geoengineeringwatch.org/geoengineering-watch-global-alert-news-june-5-2021-304/", "encoding": "UTF-8"}, "image": null, "domain": "www.geoengineeringwatch.org", "title": "Geoengineering Watch Global Alert News, June 5, 2021, #304", "cleaned_text": "Official narratives on some of the dire issues we face are beginning to unravel, but others remain unaddressed. What will it take to break down the official denial of the ongoing global climate engineering operations? Geoengineering / solar radiation management programs are not only preventing ozone layer recovery, they are radically fueling the process of total ozone layer collapse. The weather makers are continuing to cut off any and all flows of atmospheric moisture from California (where conditions are already catastrophic). How bad will it have to get before more Californians are willing to face the climate engineering factor? The geoengineering onslaught against California is not unique, countless other locations around the world are being subjected to various forms of weather manipulation mayhem at any given time. Agricultural regions are often especially hard hit, are the controllers targeting our food supplies? As biosphere collapse accelerates, the CV-19 scenario continues to play into the hand of the power structure. How do all the dots connect? The latest installment of Global Alert News is below. All are needed in the critical battle to wake populations to what is coming, we must make every day count. Share credible data from a credible source, make your voice heard. Awareness raising efforts can be carried out from your own home computer.\n\n DW Must view, THE DIMMING, our most comprehensive climate engineering documentary:\u200b", "opengraph": {"description": "Dane\u00a0WigingtonGeoengineeringWatch.orgOfficial narratives on some of the dire issues we face are beginning to unravel, but others remain una", "title": "Geoengineering Watch Global Alert News, June 5, 2021, #304", "article_author": "Doug Diamond", "article_publisher": "https://www.facebook.com/geoengineeringwatch.org/", "image": "https://www.geoengineeringwatch.org/wp-content/uploads/2021/06/kyyht.png", "type": "article", "url": "https://www.geoengineeringwatch.org/geoengineering-watch-global-alert-news-june-5-2021-304/", "site_name": "Geoengineering Watch", "article:published_time": "2021-06-05T12:08:49+00:00", "article:modified_time": "2021-06-05T12:31:53+00:00", "updated_time": "2021-06-05T12:31:53+00:00", "image:width": "300", "image:height": "300"}, "tags": [], "tweets": [], "movies": [{"embed_type": "iframe", "provider": "youtube", "width": "450", "height": "253", "embed_code": "<iframe allow=\"accelerometer; autoplay; clipboard-write; encrypted-media; gyroscope; picture-in-picture\" allowfullscreen=\"\" frameborder=\"0\" height=\"253\" src=\"https://www.youtube.com/embed/Ydfbg62wjBo\" title=\"YouTube video player\" width=\"450\"></iframe>", "src": "https://www.youtube.com/embed/Ydfbg62wjBo"}, {"embed_type": "iframe", "provider": "youtube", "width": "390", "height": "219", "embed_code": "<iframe allow=\"accelerometer; autoplay; clipboard-write; encrypted-media; gyroscope; picture-in-picture\" allowfullscreen=\"\" frameborder=\"0\" height=\"219\" src=\"https://www.youtube.com/embed/rf78rEAJvhY\" width=\"390\"></iframe>", "src": "https://www.youtube.com/embed/rf78rEAJvhY"}], "links": ["https://www.linkedin.com/cws/share?url=https%3A%2F%2Fwww.geoengineeringwatch.org%2Fgeoengineering-watch-global-alert-news-june-5-2021-304%2F", "https://www.addtoany.com/share", "https://www.facebook.com/dane.wigington.geoengineeringwatch.org", "https://geoengineeringwatch.org/", "https://www.geoengineeringwatch.org/how-do-we-stop-climate-engineering-only-way-forward/", "https://www.geoengineeringwatch.org/introducing-geoengineering-climate-engineering-to-the-uninformed/", "https://www.geoengineeringwatch.org/climate-engineering-fact-and-photo-summary/", "https://www.facebook.com/dane.wigington.geoengineeringwatch.org", "https://www.geoengineeringwatch.org/the-dimming-full-length-climate-engineering-documentary/", "https://www.youtube.com/user/danewigington", "https://www.geoengineeringwatch.org/newsletter", "https://www.geoengineeringwatch.org/geoengineeringwatch-org-facebook-pages/", "https://www.geoengineeringwatch.org/geoengineering-watch-t-shirts-cards-and-bumper-stickers/", "https://www.geoengineeringwatch.org/ads", "https://www.geoengineeringwatch.org/ads", "https://www.geoengineeringwatch.org/climate-engineering-fact-and-photo-summary/", "https://www.geoengineeringwatch.org/geoengineering-a-chronicle-of-indictment/", "https://www.geoengineeringwatch.org/flaming-arrow-package/", "https://www.geoengineeringwatch.org/flaming-arrow-package/", "https://www.geoengineeringwatch.org/introducing-geoengineering-climate-engineering-to-the-uninformed/", "https://twitter.com/GeoengineeringW", "https://twitter.com/RealGeoEngWatch", "https://www.geoengineeringwatch.org/spanish-translations/", "https://www.geoengineeringwatch.org/irrefutable-film-footage-of-climate-engineering-aerosol-spraying/", "https://www.geoengineeringwatch.org/irrefutable-film-footage-of-climate-engineering-aerosol-spraying/", "https://www.geoengineeringwatch.org/the-contrail-lie/", "https://www.geoengineeringwatch.org/the-contrail-lie/", "http://www.accuweather.com/en/us/national/weather-radar-rs?play=1", "https://www.geoengineeringwatch.org/gallery-of-satellite-images-of-eastern-pacific-spraying/", "https://www.facebook.com/geoengineering.watch.photo.gallery", "https://www.geoengineeringwatch.org/category/legal-action/", "https://www.geoengineeringwatch.org/category/geoengineering/billboards/", "https://www.geoengineeringwatch.org/geoengineering-watch-global-alert-news-april-22-2023-402/", "https://www.geoengineeringwatch.org/geoengineering-watch-global-alert-news-april-22-2023-402/", "https://www.geoengineeringwatch.org/geoengineering-watch-global-alert-news-april-8-2023-400/", "https://www.geoengineeringwatch.org/geoengineering-watch-global-alert-news-april-8-2023-400/", "https://www.geoengineeringwatch.org/geoengineering-watch-global-alert-news-april-1-2023-399/", "https://www.geoengineeringwatch.org/geoengineering-watch-global-alert-news-april-1-2023-399/", "https://www.geoengineeringwatch.org/geoengineering-watch-global-alert-news-march-25-2023-398/", "https://www.geoengineeringwatch.org/geoengineering-watch-global-alert-news-march-25-2023-398/", "https://www.geoengineeringwatch.org/geoengineering-watch-global-alert-news-march-18-2023-397/", "https://www.geoengineeringwatch.org/geoengineering-watch-global-alert-news-march-18-2023-397/", "https://www.geoengineeringwatch.org/geoengineering-watch-global-alert-news-march-11-2023-396/", "https://www.geoengineeringwatch.org/geoengineering-watch-global-alert-news-march-11-2023-396/", "https://www.geoengineeringwatch.org/geoengineering-watch-global-alert-news-march-4-2023-395/", "https://www.geoengineeringwatch.org/geoengineering-watch-global-alert-news-march-4-2023-395/", "https://www.geoengineeringwatch.org/geoengineering-watch-global-alert-news-february-25-2023-394/", "https://www.geoengineeringwatch.org/geoengineering-watch-global-alert-news-february-25-2023-394/", "https://www.geoengineeringwatch.org/nanoparticle-contamination-cover-up-answers-from-a-scientist/", "https://www.geoengineeringwatch.org/nanoparticle-contamination-cover-up-answers-from-a-scientist/", "https://www.geoengineeringwatch.org/geoengineering-watch-global-alert-news-february-18-2023-393/", "https://www.geoengineeringwatch.org/geoengineering-watch-global-alert-news-february-18-2023-393/", "https://www.geoengineeringwatch.org/wildfires-as-a-weapon-us-military-exposed/", "https://www.geoengineeringwatch.org/wildfires-as-a-weapon-us-military-exposed/", "https://www.geoengineeringwatch.org/drilling-under-lake-mead-to-drain-the-last-drop/", "https://www.geoengineeringwatch.org/drilling-under-lake-mead-to-drain-the-last-drop/", "https://www.geoengineeringwatch.org/domino-effect-weather-warfare-wasted-forests-and-worldwide-collapse-of-ecosystems/", "https://www.geoengineeringwatch.org/domino-effect-weather-warfare-wasted-forests-and-worldwide-collapse-of-ecosystems/", "https://www.geoengineeringwatch.org/california-drought-how-to-party-on-the-titanic/", "https://www.geoengineeringwatch.org/california-drought-how-to-party-on-the-titanic/", "https://www.geoengineeringwatch.org/geoengineering-fire-and-ice/", "https://www.geoengineeringwatch.org/geoengineering-fire-and-ice/", "https://www.geoengineeringwatch.org/geoengineering-creating-freeze-fry-extremes/", "https://www.geoengineeringwatch.org/geoengineering-creating-freeze-fry-extremes/", "https://www.geoengineeringwatch.org/governor-newsom-geoengineering-and-unprecedented-wildfires/", "https://www.geoengineeringwatch.org/governor-newsom-geoengineering-and-unprecedented-wildfires/", "https://www.geoengineeringwatch.org/geoengineering-is-fueling-firestorm-catastrophes/", "https://www.geoengineeringwatch.org/geoengineering-is-fueling-firestorm-catastrophes/", "https://www.geoengineeringwatch.org/global-weather-modification-assault-causing-climate-chaos-and-environmental-catastrophe-2/", "https://www.geoengineeringwatch.org/global-weather-modification-assault-causing-climate-chaos-and-environmental-catastrophe-2/", "https://www.geoengineeringwatch.org/nasa-and-the-criminal-denial-of-climate-engineering/", "https://www.geoengineeringwatch.org/nasa-and-the-criminal-denial-of-climate-engineering/", "https://www.geoengineeringwatch.org/geoengineering-watch-global-alert-news-april-22-2023-402/", "https://www.geoengineeringwatch.org/geoengineering-watch-global-alert-news-april-22-2023-402/", "https://www.geoengineeringwatch.org/geoengineering-watch-global-alert-news-april-15-2023-401/", "https://www.geoengineeringwatch.org/geoengineering-watch-global-alert-news-april-15-2023-401/", "https://www.geoengineeringwatch.org/geoengineering-watch-global-alert-news-april-8-2023-400/", "https://www.geoengineeringwatch.org/geoengineering-watch-global-alert-news-april-8-2023-400/", "https://www.geoengineeringwatch.org/geoengineering-watch-global-alert-news-april-1-2023-399/", "https://www.geoengineeringwatch.org/geoengineering-watch-global-alert-news-april-1-2023-399/", "https://www.geoengineeringwatch.org/geoengineering-watch-global-alert-news-march-25-2023-398/", "https://www.geoengineeringwatch.org/geoengineering-watch-global-alert-news-march-25-2023-398/", "https://www.geoengineeringwatch.org/geoengineering-watch-global-alert-news-march-18-2023-397/", "https://www.geoengineeringwatch.org/geoengineering-watch-global-alert-news-march-18-2023-397/", "https://www.geoengineeringwatch.org/geoengineering-watch-global-alert-news-march-11-2023-396/", "https://www.geoengineeringwatch.org/geoengineering-watch-global-alert-news-march-11-2023-396/", "https://www.geoengineeringwatch.org/geoengineering-watch-global-alert-news-march-4-2023-395/", "https://www.geoengineeringwatch.org/geoengineering-watch-global-alert-news-march-4-2023-395/", "https://www.geoengineeringwatch.org/geoengineering-watch-global-alert-news-february-25-2023-394/", "https://www.geoengineeringwatch.org/geoengineering-watch-global-alert-news-february-25-2023-394/", "https://www.geoengineeringwatch.org/geoengineering-watch-global-alert-news-february-18-2023-393/", "https://www.geoengineeringwatch.org/geoengineering-watch-global-alert-news-february-18-2023-393/", "https://www.geoengineeringwatch.org/engineering-winter-the-untold-story-of-hurricane-nicole/", "https://www.geoengineeringwatch.org/engineering-winter-the-untold-story-of-hurricane-nicole/", "https://www.geoengineeringwatch.org/controlling-hurricane-ian/", "https://www.geoengineeringwatch.org/controlling-hurricane-ian/", "https://www.geoengineeringwatch.org/hurricane-manipulation-weather-makers-exposed/", "https://www.geoengineeringwatch.org/hurricane-manipulation-weather-makers-exposed/", "https://www.geoengineeringwatch.org/aftermath-of-chemical-ice-nucleation/", "https://www.geoengineeringwatch.org/aftermath-of-chemical-ice-nucleation/", "https://www.geoengineeringwatch.org/chemically-nucleated-winter-weather/", "https://www.geoengineeringwatch.org/chemically-nucleated-winter-weather/", "https://www.geoengineeringwatch.org/engineering-winter-the-untold-story-of-hurricane-nicole/", "https://www.geoengineeringwatch.org/engineering-winter-the-untold-story-of-hurricane-nicole/", "https://www.geoengineeringwatch.org/graphene-skies/", "https://www.geoengineeringwatch.org/graphene-skies/", "https://www.geoengineeringwatch.org/geoengineering-watch-our-first-ever-high-altitude-atmospheric-testing/", "https://www.geoengineeringwatch.org/geoengineering-watch-our-first-ever-high-altitude-atmospheric-testing/", "https://www.geoengineeringwatch.org/climate-engineering-new-film-footage-confirmation/", "https://www.geoengineeringwatch.org/climate-engineering-new-film-footage-confirmation/", "https://www.geoengineeringwatch.org/geoengineering-reality-film-footage-and-facts/", "https://www.geoengineeringwatch.org/geoengineering-reality-film-footage-and-facts/", "https://www.geoengineeringwatch.org/geoengineering-weather-warfare-and-the-contrail-deception/", "https://www.geoengineeringwatch.org/geoengineering-weather-warfare-and-the-contrail-deception/", "https://www.geoengineeringwatch.org/nasa-and-the-criminal-denial-of-climate-engineering/", "https://www.geoengineeringwatch.org/nasa-and-the-criminal-denial-of-climate-engineering/", "https://www.geoengineeringwatch.org/geoengineering-watch-global-alert-news-june-19-2021-306/", "https://www.geoengineeringwatch.org/geoengineering-watch-global-alert-news-june-19-2021-306/", "https://www.geoengineeringwatch.org/geoengineering-watch-global-alert-news-december-14-2019-227/", "https://www.geoengineeringwatch.org/geoengineering-watch-global-alert-news-december-14-2019-227/", "https://www.geoengineeringwatch.org/all-the-way-a-charles-bukowski-poem/", "https://www.geoengineeringwatch.org/all-the-way-a-charles-bukowski-poem/", "https://www.geoengineeringwatch.org/geoengineering-watch-global-alert-news-september-22-2018-163/", "https://www.geoengineeringwatch.org/geoengineering-watch-global-alert-news-september-22-2018-163/", "https://www.geoengineeringwatch.org/sowing-seeds/", "https://www.geoengineeringwatch.org/sowing-seeds/", "https://www.geoengineeringwatch.org/mirror-mirror-in-the-sky-1/", "https://www.geoengineeringwatch.org/mirror-mirror-in-the-sky-1/", "https://www.geoengineeringwatch.org/nanoparticle-contamination-cover-up-answers-from-a-scientist/", "https://www.geoengineeringwatch.org/nanoparticle-contamination-cover-up-answers-from-a-scientist/", "https://www.geoengineeringwatch.org/climate-engineering-contamination-staying-healthy-in-a-world-that-isnt/", "https://www.geoengineeringwatch.org/climate-engineering-contamination-staying-healthy-in-a-world-that-isnt/", "https://www.geoengineeringwatch.org/us-epa-scientist-fired-for-trying-to-tell-the-truth-about-climate-engineering-and-fluoridated-water/", "https://www.geoengineeringwatch.org/us-epa-scientist-fired-for-trying-to-tell-the-truth-about-climate-engineering-and-fluoridated-water/", "https://www.geoengineeringwatch.org/world-renowned-doctor-addresses-climate-engineering/", "https://www.geoengineeringwatch.org/world-renowned-doctor-addresses-climate-engineering/", "https://www.geoengineeringwatch.org/the-great-nutrient-collapse/", "https://www.geoengineeringwatch.org/the-great-nutrient-collapse/", "https://www.geoengineeringwatch.org/weather-warfare-assault-a-physician-speaks-out/", "https://www.geoengineeringwatch.org/weather-warfare-assault-a-physician-speaks-out/", "https://www.geoengineeringwatch.org/covering-up-climate-engineering-contamination-epa-caught-buying-its-independent-science-advisors/", "https://www.geoengineeringwatch.org/covering-up-climate-engineering-contamination-epa-caught-buying-its-independent-science-advisors/", "https://www.geoengineeringwatch.org/new-science-study-comes-closer-to-disclosing-the-catastrophic-health-and-environmental-consequences-of-climate-engineering/", "https://www.geoengineeringwatch.org/new-science-study-comes-closer-to-disclosing-the-catastrophic-health-and-environmental-consequences-of-climate-engineering/", "https://www.geoengineeringwatch.org/health-magazine-covers-climate-engineering-heavy-metal-contamination-and-mass-extinction-whats-the-connection/", "https://www.geoengineeringwatch.org/health-magazine-covers-climate-engineering-heavy-metal-contamination-and-mass-extinction-whats-the-connection/", "https://www.geoengineeringwatch.org/caught-on-film-george-h-w-bush-and-monsanto-collaborate-on-gmo-assault/", "https://www.geoengineeringwatch.org/caught-on-film-george-h-w-bush-and-monsanto-collaborate-on-gmo-assault/", "https://www.geoengineeringwatch.org/geoengineering-watch-global-alert-news-april-15-2023-401/", "https://www.geoengineeringwatch.org/geoengineering-watch-global-alert-news-april-15-2023-401/", "https://www.geoengineeringwatch.org/nanoparticle-contamination-cover-up-answers-from-a-scientist/", "https://www.geoengineeringwatch.org/nanoparticle-contamination-cover-up-answers-from-a-scientist/", "https://www.geoengineeringwatch.org/wildfires-as-a-weapon-us-military-exposed/", "https://www.geoengineeringwatch.org/wildfires-as-a-weapon-us-military-exposed/", "https://www.geoengineeringwatch.org/domino-effect-weather-warfare-wasted-forests-and-worldwide-collapse-of-ecosystems/", "https://www.geoengineeringwatch.org/domino-effect-weather-warfare-wasted-forests-and-worldwide-collapse-of-ecosystems/", "https://www.geoengineeringwatch.org/aftermath-of-chemical-ice-nucleation/", "https://www.geoengineeringwatch.org/aftermath-of-chemical-ice-nucleation/", "https://www.geoengineeringwatch.org/chemically-nucleated-winter-weather/", "https://www.geoengineeringwatch.org/chemically-nucleated-winter-weather/", "https://www.geoengineeringwatch.org/climate-engineering-microwave-transmissions-and-the-april-noreaster/", "https://www.geoengineeringwatch.org/climate-engineering-microwave-transmissions-and-the-april-noreaster/", "https://www.geoengineeringwatch.org/the-extreme-dangers-posed-by-smart-meters/", "https://www.geoengineeringwatch.org/the-extreme-dangers-posed-by-smart-meters/", "https://www.geoengineeringwatch.org/weather-terrorists-control-the-climate/", "https://www.geoengineeringwatch.org/weather-terrorists-control-the-climate/", "https://www.geoengineeringwatch.org/geoengineering-frequency-transmissions-and-weather-warfare/", "https://www.geoengineeringwatch.org/geoengineering-frequency-transmissions-and-weather-warfare/", "https://www.geoengineeringwatch.org/geoengineering-square-clouds-and-massive-microwave-transmissions/", "https://www.geoengineeringwatch.org/geoengineering-square-clouds-and-massive-microwave-transmissions/", "https://www.geoengineeringwatch.org/all-the-way-a-charles-bukowski-poem/", "https://www.geoengineeringwatch.org/all-the-way-a-charles-bukowski-poem/", "https://www.geoengineeringwatch.org/cymatics-science-vs-music-nigel-stanford/", "https://www.geoengineeringwatch.org/cymatics-science-vs-music-nigel-stanford/", "https://www.geoengineeringwatch.org/the-most-inspiring-speech-the-wisdom-of-a-third-grade-dropout-will-change-your-life-rick-rigsby/", "https://www.geoengineeringwatch.org/the-most-inspiring-speech-the-wisdom-of-a-third-grade-dropout-will-change-your-life-rick-rigsby/", "https://www.geoengineeringwatch.org/i-should-have-done-something-from-the-conspiracy-project-2/", "https://www.geoengineeringwatch.org/i-should-have-done-something-from-the-conspiracy-project-2/", "https://www.geoengineeringwatch.org/we-are-from-the-future/", "https://www.geoengineeringwatch.org/we-are-from-the-future/", "https://www.geoengineeringwatch.org/my-christmas-duty-to-warn-column-questioning-christian-participation-in-homicide-by-remembering-the-christmas-truce-of-1914/", "https://www.geoengineeringwatch.org/my-christmas-duty-to-warn-column-questioning-christian-participation-in-homicide-by-remembering-the-christmas-truce-of-1914/", "https://www.geoengineeringwatch.org/next-duty-to-warn-column-two-of-the-culprits-that-are-behind-americas-iatrogenic-over-vaccination-monster/", "https://www.geoengineeringwatch.org/next-duty-to-warn-column-two-of-the-culprits-that-are-behind-americas-iatrogenic-over-vaccination-monster/", "https://www.geoengineeringwatch.org/next-duty-to-warn-column-changing-the-war-no-more-sentiment-of-armistice-day-to-the-war-glorifying/", "https://www.geoengineeringwatch.org/next-duty-to-warn-column-changing-the-war-no-more-sentiment-of-armistice-day-to-the-war-glorifying/", "https://www.geoengineeringwatch.org/geoengineering-the-ultimate-weapon-in-the-toxic-war-on-humanity-and-mother-earth-how-to-protect-yourself-in-this-escalating-battle/", "https://www.geoengineeringwatch.org/geoengineering-the-ultimate-weapon-in-the-toxic-war-on-humanity-and-mother-earth-how-to-protect-yourself-in-this-escalating-battle/", "https://www.geoengineeringwatch.org/geoengineering-and-the-most-dangerous-false-dichotomy/", "https://www.geoengineeringwatch.org/geoengineering-and-the-most-dangerous-false-dichotomy/", "https://www.geoengineeringwatch.org/wp-content/uploads/2015/07/pic57.jpg", "https://www.geoengineeringwatch.org/documents/vol3ch15.pdf", "https://twitter.com/GeoengineeringW", "https://www.facebook.com/dane.wigington.geoengineeringwatch.org", "mailto:admin@geoengineeringwatch.org", "https://www.geoengineeringwatch.org/geoengineering-watch-global-alert-news-april-22-2023-402/", "https://www.geoengineeringwatch.org/geoengineering-watch-global-alert-news-april-22-2023-402/", "https://www.geoengineeringwatch.org/geoengineering-watch-global-alert-news-april-15-2023-401/", "https://www.geoengineeringwatch.org/geoengineering-watch-global-alert-news-april-15-2023-401/", "https://www.geoengineeringwatch.org/geoengineering-watch-global-alert-news-april-8-2023-400/", "https://www.geoengineeringwatch.org/geoengineering-watch-global-alert-news-april-8-2023-400/", "https://www.geoengineeringwatch.org/geoengineering-watch-global-alert-news-april-1-2023-399/", "https://www.geoengineeringwatch.org/geoengineering-watch-global-alert-news-april-1-2023-399/", "https://www.geoengineeringwatch.org/geoengineering-watch-global-alert-news-march-25-2023-398/", "https://www.geoengineeringwatch.org/geoengineering-watch-global-alert-news-march-25-2023-398/", "https://www.geoengineeringwatch.org/geoengineering-watch-global-alert-news-march-18-2023-397/", "https://www.geoengineeringwatch.org/geoengineering-watch-global-alert-news-march-18-2023-397/", "https://www.geoengineeringwatch.org/geoengineering-watch-global-alert-news-march-11-2023-396/", "https://www.geoengineeringwatch.org/geoengineering-watch-global-alert-news-march-11-2023-396/", "https://www.geoengineeringwatch.org/geoengineering-watch-global-alert-news-march-4-2023-395/", "https://www.geoengineeringwatch.org/geoengineering-watch-global-alert-news-march-4-2023-395/", "https://www.geoengineeringwatch.org/geoengineering-watch-global-alert-news-february-25-2023-394/", "https://www.geoengineeringwatch.org/geoengineering-watch-global-alert-news-february-25-2023-394/", "https://www.geoengineeringwatch.org/nanoparticle-contamination-cover-up-answers-from-a-scientist/", "https://www.geoengineeringwatch.org/nanoparticle-contamination-cover-up-answers-from-a-scientist/", "https://www.geoengineeringwatch.org/geoengineering-watch-global-alert-news-february-18-2023-393/", "https://www.geoengineeringwatch.org/geoengineering-watch-global-alert-news-february-18-2023-393/", "https://www.geoengineeringwatch.org/are-microwave-transmission-facilities-being-used-to-trigger-earthquakes/", "https://www.geoengineeringwatch.org/are-microwave-transmission-facilities-being-used-to-trigger-earthquakes/", "https://www.geoengineeringwatch.org/geoengineering-watch-global-alert-news-february-11-2023-392/", "https://www.geoengineeringwatch.org/geoengineering-watch-global-alert-news-february-11-2023-392/", "https://www.geoengineeringwatch.org/geoengineering-watch-global-alert-news-february-4-2023-391/", "https://www.geoengineeringwatch.org/geoengineering-watch-global-alert-news-february-4-2023-391/", "https://www.geoengineeringwatch.org/aluminum-snow-lab-test-confirmed/", "https://www.geoengineeringwatch.org/aluminum-snow-lab-test-confirmed/", "https://www.geoengineeringwatch.org/category/breaking-news/", "https://www.geoengineeringwatch.org/documents-library/", "https://www.geoengineeringwatch.org/documents/vol3ch15.pdf", "http://www.europarl.europa.eu/press/sdp/backg/en/1998/b980209.htm", "https://www.geoengineeringwatch.org/aluminum-snow-lab-test-confirmed/", "https://www.geoengineeringwatch.org/aluminum-snow-lab-test-confirmed/", "https://www.geoengineeringwatch.org/engineering-winter-the-untold-story-of-hurricane-nicole/", "https://www.geoengineeringwatch.org/engineering-winter-the-untold-story-of-hurricane-nicole/", "https://www.geoengineeringwatch.org/aftermath-of-chemical-ice-nucleation/", "https://www.geoengineeringwatch.org/aftermath-of-chemical-ice-nucleation/", "https://www.geoengineeringwatch.org/chemically-nucleated-winter-weather/", "https://www.geoengineeringwatch.org/chemically-nucleated-winter-weather/", "https://www.geoengineeringwatch.org/engineering-climate-chaos/", "https://www.geoengineeringwatch.org/engineering-climate-chaos/", "https://www.geoengineeringwatch.org/geoengineering-creating-freeze-fry-extremes/", "https://www.geoengineeringwatch.org/geoengineering-creating-freeze-fry-extremes/", "https://www.geoengineeringwatch.org/climate-engineering-microwave-transmissions-and-the-april-noreaster/", "https://www.geoengineeringwatch.org/climate-engineering-microwave-transmissions-and-the-april-noreaster/", "https://www.geoengineeringwatch.org/manufacturing-winter-weather-engineering-a-bombogenesis-cyclone/", "https://www.geoengineeringwatch.org/manufacturing-winter-weather-engineering-a-bombogenesis-cyclone/", "https://www.geoengineeringwatch.org/climate-extremes-geoengineering-and-winter-weather-whiplash/", "https://www.geoengineeringwatch.org/climate-extremes-geoengineering-and-winter-weather-whiplash/", "https://www.geoengineeringwatch.org/geoengineered-winter-2019/", "https://www.geoengineeringwatch.org/geoengineered-winter-2019/", "https://www.geoengineeringwatch.org/wildfires-as-a-weapon-us-military-exposed/", "https://www.geoengineeringwatch.org/wildfires-as-a-weapon-us-military-exposed/", "https://www.geoengineeringwatch.org/unforeseen-circumstances-the-fawn-fire-northern-california/", "https://www.geoengineeringwatch.org/unforeseen-circumstances-the-fawn-fire-northern-california/", "https://www.geoengineeringwatch.org/geoengineering-fire-and-ice/", "https://www.geoengineeringwatch.org/geoengineering-fire-and-ice/", "https://www.geoengineeringwatch.org/climate-engineering-wildfires-to-temporarily-cool-earth/", "https://www.geoengineeringwatch.org/climate-engineering-wildfires-to-temporarily-cool-earth/", "https://www.geoengineeringwatch.org/geoengineering-creating-freeze-fry-extremes/", "https://www.geoengineeringwatch.org/geoengineering-creating-freeze-fry-extremes/", "https://www.geoengineeringwatch.org/governor-newsom-geoengineering-and-unprecedented-wildfires/", "https://www.geoengineeringwatch.org/governor-newsom-geoengineering-and-unprecedented-wildfires/", "https://www.geoengineeringwatch.org/geoengineering-is-fueling-firestorm-catastrophes/", "https://www.geoengineeringwatch.org/geoengineering-is-fueling-firestorm-catastrophes/", "https://www.geoengineeringwatch.org/climate-engineering-clearcutting-and-record-wildfires/", "https://www.geoengineeringwatch.org/climate-engineering-clearcutting-and-record-wildfires/", "https://www.geoengineeringwatch.org/california-firestorms-geoengineered-catastrophe/", "https://www.geoengineeringwatch.org/california-firestorms-geoengineered-catastrophe/", "https://www.geoengineeringwatch.org/climate-engineering-fuels-fires-of-global-incineration/", "https://www.geoengineeringwatch.org/climate-engineering-fuels-fires-of-global-incineration/", "https://www.geoengineeringwatch.org/against-all-odds-survivors-in-a-dying-forest/", "https://www.geoengineeringwatch.org/against-all-odds-survivors-in-a-dying-forest/", "https://www.geoengineeringwatch.org/domino-effect-weather-warfare-wasted-forests-and-worldwide-collapse-of-ecosystems/", "https://www.geoengineeringwatch.org/domino-effect-weather-warfare-wasted-forests-and-worldwide-collapse-of-ecosystems/", "https://www.geoengineeringwatch.org/unforeseen-circumstances-the-fawn-fire-northern-california/", "https://www.geoengineeringwatch.org/unforeseen-circumstances-the-fawn-fire-northern-california/", "https://www.geoengineeringwatch.org/california-drought-how-to-party-on-the-titanic/", "https://www.geoengineeringwatch.org/california-drought-how-to-party-on-the-titanic/", "https://www.geoengineeringwatch.org/aftermath-of-chemical-ice-nucleation/", "https://www.geoengineeringwatch.org/aftermath-of-chemical-ice-nucleation/", "https://www.geoengineeringwatch.org/geoengineering-fire-and-ice/", "https://www.geoengineeringwatch.org/geoengineering-fire-and-ice/", "https://www.geoengineeringwatch.org/chemically-nucleated-winter-weather/", "https://www.geoengineeringwatch.org/chemically-nucleated-winter-weather/", "https://www.geoengineeringwatch.org/into-the-wild-with-dane-wigington-september-16-2020-2/", "https://www.geoengineeringwatch.org/into-the-wild-with-dane-wigington-september-16-2020-2/", "https://www.geoengineeringwatch.org/into-the-wild-with-dane-wigington-september-10-2020-1/", "https://www.geoengineeringwatch.org/into-the-wild-with-dane-wigington-september-10-2020-1/", "https://www.geoengineeringwatch.org/is-it-game-over-new-nasa-report/", "https://www.geoengineeringwatch.org/is-it-game-over-new-nasa-report/", "https://www.geoengineeringwatch.org/imminent-ozone-layer-collapse-a-dire-warning-from-a-former-nasa-contract-engineer/", "https://www.geoengineeringwatch.org/imminent-ozone-layer-collapse-a-dire-warning-from-a-former-nasa-contract-engineer/", "https://www.geoengineeringwatch.org/uvc-the-sterilization-of-planet-earth-part-one/", "https://www.geoengineeringwatch.org/uvc-the-sterilization-of-planet-earth-part-one/", "https://www.geoengineeringwatch.org/the-ozone-layer-recovery-lie-and-climate-engineering-denial-both-are-breaking-down/", "https://www.geoengineeringwatch.org/the-ozone-layer-recovery-lie-and-climate-engineering-denial-both-are-breaking-down/", "https://www.geoengineeringwatch.org/ozone-layer-collapse-a-former-nasa-contract-engineer-warns-of-planetary-omnicide/", "https://www.geoengineeringwatch.org/ozone-layer-collapse-a-former-nasa-contract-engineer-warns-of-planetary-omnicide/", "https://www.geoengineeringwatch.org/climate-engineering-ozone-destruction-and-radiation-clouds-the-dangers-of-air-travel/", "https://www.geoengineeringwatch.org/climate-engineering-ozone-destruction-and-radiation-clouds-the-dangers-of-air-travel/", "https://www.geoengineeringwatch.org/geoengineering-is-accelerating-runaway-greenhouse-scenario/", "https://www.geoengineeringwatch.org/geoengineering-is-accelerating-runaway-greenhouse-scenario/", "https://www.geoengineeringwatch.org/climate-engineers-cut-off-critical-rain-from-populations-around-the-globe/", "https://www.geoengineeringwatch.org/climate-engineers-cut-off-critical-rain-from-populations-around-the-globe/", "https://www.geoengineeringwatch.org/are-microwave-transmission-facilities-being-used-to-trigger-earthquakes/", "https://www.geoengineeringwatch.org/are-microwave-transmission-facilities-being-used-to-trigger-earthquakes/", "https://www.geoengineeringwatch.org/geoengineering-microwave-transmissions-and-their-connection-to-hurricane-florence/", "https://www.geoengineeringwatch.org/geoengineering-microwave-transmissions-and-their-connection-to-hurricane-florence/", "https://www.geoengineeringwatch.org/geoengineered-western-us-meltdown-to-cool-the-rest-of-the-country-again/", "https://www.geoengineeringwatch.org/geoengineered-western-us-meltdown-to-cool-the-rest-of-the-country-again/", "https://www.geoengineeringwatch.org/geoengineering-frequency-transmissions-and-weather-warfare/", "https://www.geoengineeringwatch.org/geoengineering-frequency-transmissions-and-weather-warfare/", "https://www.geoengineeringwatch.org/haarp-a-short-summary-video/", "https://www.geoengineeringwatch.org/haarp-a-short-summary-video/", "https://www.geoengineeringwatch.org/mainstream-media-coverage-of-climate-engineering-what-is-the-agenda/", "https://www.geoengineeringwatch.org/mainstream-media-coverage-of-climate-engineering-what-is-the-agenda/", "https://www.geoengineeringwatch.org/mainstream-media-cbs-australia-covers-climate-engineering/", "https://www.geoengineeringwatch.org/mainstream-media-cbs-australia-covers-climate-engineering/", "https://www.geoengineeringwatch.org/climate-engineering-disinformation-how-to-respond-to-the-source/", "https://www.geoengineeringwatch.org/climate-engineering-disinformation-how-to-respond-to-the-source/", "https://www.geoengineeringwatch.org/is-it-game-over-new-nasa-report/", "https://www.geoengineeringwatch.org/is-it-game-over-new-nasa-report/", "https://www.geoengineeringwatch.org/climate-engineering-wildfires-to-temporarily-cool-earth/", "https://www.geoengineeringwatch.org/climate-engineering-wildfires-to-temporarily-cool-earth/", "https://www.geoengineeringwatch.org/peat-the-worlds-largest-terrestrial-carbon-store-ignites-into-unprecedented-arctic-firestorms/", "https://www.geoengineeringwatch.org/peat-the-worlds-largest-terrestrial-carbon-store-ignites-into-unprecedented-arctic-firestorms/", "https://www.geoengineeringwatch.org/fleeing-climate-change-the-real-environmental-disaster-dw-documentary/", "https://www.geoengineeringwatch.org/fleeing-climate-change-the-real-environmental-disaster-dw-documentary/", "https://www.geoengineeringwatch.org/ten-times-more-wildfires-in-russian-arctic-than-a-decade-ago-as-ice-melts-and-gives-way-to-flame/", "https://www.geoengineeringwatch.org/ten-times-more-wildfires-in-russian-arctic-than-a-decade-ago-as-ice-melts-and-gives-way-to-flame/", "https://www.geoengineeringwatch.org/methane-deathtrap-threatens-democracy/", "https://www.geoengineeringwatch.org/methane-deathtrap-threatens-democracy/", "https://www.geoengineeringwatch.org/rising-ocean-waters-from-global-warming-could-cost-trillions-of-dollars/", "https://www.geoengineeringwatch.org/rising-ocean-waters-from-global-warming-could-cost-trillions-of-dollars/", "https://www.geoengineeringwatch.org/an-iceberg-the-size-of-lower-manhattan-just-broke-off-greenland/", "https://www.geoengineeringwatch.org/an-iceberg-the-size-of-lower-manhattan-just-broke-off-greenland/", "https://www.geoengineeringwatch.org/a-grand-solar-minimum-would-barely-make-a-dent-in-human-caused-global-warming/", "https://www.geoengineeringwatch.org/a-grand-solar-minimum-would-barely-make-a-dent-in-human-caused-global-warming/", "https://www.geoengineeringwatch.org/biological-annihilation-and-the-sixth-mass-extinction/", "https://www.geoengineeringwatch.org/biological-annihilation-and-the-sixth-mass-extinction/", "http://www.alaska.net/~logjam/HAARP.html", "https://geoengineeringwatch.org/html/weatherreportedbyraytheon.html", "http://www.dailymail.co.uk/sciencetech/article-482560/Run-away-ray-gun-coming--We-test-US-armys-new-secret-weapon.html\"target=_blank\"", "https://www.geoengineeringwatch.org/climate-engineering-wildfires-to-temporarily-cool-earth/", "https://www.geoengineeringwatch.org/climate-engineering-wildfires-to-temporarily-cool-earth/", "https://www.geoengineeringwatch.org/methane-deathtrap-threatens-democracy/", "https://www.geoengineeringwatch.org/methane-deathtrap-threatens-democracy/", "https://www.geoengineeringwatch.org/global-weather-modification-assault-causing-climate-chaos-and-environmental-catastrophe-2/", "https://www.geoengineeringwatch.org/global-weather-modification-assault-causing-climate-chaos-and-environmental-catastrophe-2/", "https://www.geoengineeringwatch.org/geoengineering-methane-eruptions-and-imploding-arctic-ice/", "https://www.geoengineeringwatch.org/geoengineering-methane-eruptions-and-imploding-arctic-ice/", "https://www.geoengineeringwatch.org/is-climate-engineering-contributing-to-noctilucent-cloud-formation/", "https://www.geoengineeringwatch.org/is-climate-engineering-contributing-to-noctilucent-cloud-formation/", "https://www.geoengineeringwatch.org/methane-plume-seen-on-radar-returns-moving-nw-from-offshore-sw-of-san-francisco-moving-toward-reno-nevada/", "https://www.geoengineeringwatch.org/methane-plume-seen-on-radar-returns-moving-nw-from-offshore-sw-of-san-francisco-moving-toward-reno-nevada/", "https://www.geoengineeringwatch.org/dead-fish-dying-planet-and-dangerous-denial/", "https://www.geoengineeringwatch.org/dead-fish-dying-planet-and-dangerous-denial/", "https://www.geoengineeringwatch.org/climate-engineering-and-the-coming-ice-age-narrative/", "https://www.geoengineeringwatch.org/climate-engineering-and-the-coming-ice-age-narrative/", "https://www.geoengineeringwatch.org/catastrophic-pacific-ocean-die-off-the-us-militarys-all-out-assault-on-the-web-of-life/", "https://www.geoengineeringwatch.org/catastrophic-pacific-ocean-die-off-the-us-militarys-all-out-assault-on-the-web-of-life/", "https://www.geoengineeringwatch.org/geoengineered-incineration-is-pushing-the-planet-toward-venus-syndrome/", "https://www.geoengineeringwatch.org/geoengineered-incineration-is-pushing-the-planet-toward-venus-syndrome/", "https://www.geoengineeringwatch.org/climate-engineering-wildfires-to-temporarily-cool-earth/", "https://www.geoengineeringwatch.org/climate-engineering-wildfires-to-temporarily-cool-earth/", "https://www.geoengineeringwatch.org/ozone-layer-collapse-a-former-nasa-contract-engineer-warns-of-planetary-omnicide/", "https://www.geoengineeringwatch.org/ozone-layer-collapse-a-former-nasa-contract-engineer-warns-of-planetary-omnicide/", "https://www.geoengineeringwatch.org/false-flag-chemical-weapons-attack-pushes-wwlll-while-global-geoengineering-omnicide-continues/", "https://www.geoengineeringwatch.org/false-flag-chemical-weapons-attack-pushes-wwlll-while-global-geoengineering-omnicide-continues/", "https://www.geoengineeringwatch.org/usa-watchdog-news-site-covers-critical-climate-engineering-issue/", "https://www.geoengineeringwatch.org/usa-watchdog-news-site-covers-critical-climate-engineering-issue/", "https://www.geoengineeringwatch.org/environmental-collapse-and-the-unravelling-of-civilization/", "https://www.geoengineeringwatch.org/environmental-collapse-and-the-unravelling-of-civilization/", "https://www.geoengineeringwatch.org/documents/R41371.pdf", "https://www.youtube.com/watch?v=ZDcEbTP5G4s", "https://www.geoengineeringwatch.org/documents-library/a-recomended-national-program-in-weather-modification-icas-report-10a/", "https://www.geoengineeringwatch.org/documents-library/a-recomended-national-program-in-weather-modification-icas-report-10a/", "https://www.geoengineeringwatch.org/documents-library/a-recomended-national-program-in-weather-modification-icas-report-10a/", "https://www.geoengineeringwatch.org/documents-library/a-recomended-national-program-in-weather-modification-icas-report-10a/", "https://www.geoengineeringwatch.org/documents-2/"], "authors": [], "publish_date": "2021-06-05T12:08:49+00:00"}