{"result_id": "133005", "URL": "https://www.globalhealingcenter.com/general-health-questionnaire.html", "timestamp": "2023-04-25 15:16:53 CEST+0200", "meta": {"description": "Fill out our General Health Questionnaire to evaluate your current health status and gauge your progress before and after your cleanse.", "lang": "en", "keywords": "", "favicon": "//cdn.shopify.com/s/files/1/0539/5621/4984/files/favicon_32x32.png?v=1616703155", "canonical": "https://globalhealing.com/pages/health-questionnaire", "encoding": "utf-8"}, "image": null, "domain": "www.globalhealingcenter.com", "title": "General Health Questionnaire", "cleaned_text": "Use this questionnaire to gauge your progress before and after cleansing.\u2020 Fill this out three days before starting a cleanse and again three days after finishing a cleanse. Please let us know your results, we love to hear from our customers!", "opengraph": {"site_name": "Global Healing", "url": "https://globalhealing.com/pages/health-questionnaire", "title": "General Health Questionnaire | Global Healing", "type": "website", "description": "Fill out our General Health Questionnaire to evaluate your current health status and gauge your progress before and after your cleanse.", "image": "http://cdn.shopify.com/s/files/1/0539/5621/4984/files/seal.png?v=1616187509", "image:secure_url": "https://cdn.shopify.com/s/files/1/0539/5621/4984/files/seal.png?v=1616187509", "image:width": "1200", "image:height": "628"}, "tags": [], "tweets": [], "movies": [], "links": ["javascript:window.print()"], "authors": [], "publish_date": null}