{"result_id": "133013", "URL": "https://go.globalhealingcenter.com/c/435444/381642/5534?subId1=TTAC", "timestamp": "2023-04-25 15:17:01 CEST+0200", "meta": {"description": "Global Healing Detoxadine is a potent, yet gentle, nascent iodine supplement used to support thyroid, breast, and brain health. Enjoy FREE Shipping!", "lang": "en", "keywords": "", "favicon": "//cdn.shopify.com/s/files/1/0539/5621/4984/files/favicon_32x32.png?v=1616703155", "canonical": "https://globalhealing.com/products/detoxadine", "encoding": "utf-8"}, "image": null, "domain": "go.globalhealingcenter.com", "title": "Detoxadine\u00ae", "cleaned_text": "Detoxadine is certified organic nascent iodine. Created from salt deposits located more than 7,000 feet below the earth's surface, our iodine supplement is pure and concentrated. It nourishes your thyroid better than any other product on the market. Every drop provides 650 micrograms of iodine in a glycerin base for quick, gentle absorption. As essential nutrition for a healthy thyroid and balanced hormones, iodine keeps your metabolism humming and your energy levels high. There\u2019s no need to endure the effects of a sluggish thyroid when Detoxadine is a convenient and affordable solution. If your healthcare provider suggested an iodine supplement, this is the one you want! Each bottle contains about a six-month supply when used as directed.", "opengraph": {"site_name": "Global Healing", "url": "https://globalhealing.com/products/detoxadine", "title": "Detoxadine\u00ae", "type": "product", "description": "Global Healing Detoxadine is a potent, yet gentle, nascent iodine supplement used to support thyroid, breast, and brain health. Enjoy FREE Shipping!", "image": "http://cdn.shopify.com/s/files/1/0539/5621/4984/products/new_0d763a7c-ab5c-4b46-ab45-02e0b9ec833b.png?v=1632781572", "image:secure_url": "https://cdn.shopify.com/s/files/1/0539/5621/4984/products/new_0d763a7c-ab5c-4b46-ab45-02e0b9ec833b.png?v=1632781572", "image:width": "3000", "image:height": "3000"}, "tags": [], "tweets": [], "movies": [], "links": [], "authors": [], "publish_date": null}