{"result_id": "137011", "URL": "https://www.gmwatch.org/en/?domain_id=584&start=325", "timestamp": "2023-04-25 15:18:20 CEST+0200", "meta": {"description": "Latest news on GMO food, GMO crops, GMO labelling and genetically modified organisms", "lang": "en", "keywords": "GMO, GMOs, GMO food, GMO labelling, GM, anti-GM, ban GM, non-GM, pro-GM, GM food, biotechnology, biotech, gm myths, transgenic, GM free, genetically modified, GM campaign, GM Watch, GMWatch, lobbywatch, spinprofiles, GM contamination, genetically engineered, GE, non-GE, GE-free, non-GMO, no GMOs, ban GMOs, stealth GMOs, GMO-free, GMO-free zone, GM crop, GM crops, gene, genetic, genetics, Monsanto, Monsanto Corporation, St. Louis, Solutia, Syngenta, Bayer, Dow, BASF, IG Farben, Aventis, Hoechst, food, food safety, farming, farmer, agriculture, feeding the world, feed the world, food crisis, animal feed, GM feed, GM animal feed, GM soya, GM soy, soya, GM maize, maize, corn, GM corn, cotton, GM cotton, seed, seeds, GM seeds, Chapela, Pusztai, label, labels, labelling, patent, patents, organic, chemical, Agent Orange, dioxin, PBCs, rBGH, BST, biofortification, golden rice, hunger, global hunger, biosafety, seeds, Bt, Bt cotton, environment, environmental, ecology, hazard, risk, precautionary, EU, EFSA, hype, FDA, EPA, Dupont, Roundup, Roundup Ready, glyphosate", "favicon": "", "canonical": "https://www.gmwatch.org/en/?domain_id=584&start=325", "encoding": "utf-8"}, "image": null, "domain": "www.gmwatch.org", "title": "GMWatch Home", "cleaned_text": "\"It's important for people to know that these gene edited plants are going into the market\" \u2013 Prof Jennifer Kuzma\n\nNew GM technology has no place in sustainable farming Green MEPs Beno\u00eet Biteau and Martin H\u00e4usling argue that new GM technology won\u2019t solve the problems of industrial agriculture and will undermine nature, climate protection and the European Green Deal\n\nGMO boosters suffer logic bypass in using COVID vaccines to promote GMO deregulation Authors arguing for deregulation of GM crops and foods fail to mention that vaccines are tightly regulated \u2013 scientist\n\n\n\nUK: Your food freedom is under threat \u2013 Act now! Tell the government not to deregulate experimental gene-edited foods\n\nCo-op is first UK supermarket to reject GM gene-edited crops and animals without safety checks The company has thrown its weight behind the #NotInMySupermarket campaign\n\nDEFRA's evidence-free leaflet is a wish list for GMO boosters and misleads the public\n\nWHO investigation descends into farce in rush to rule out a lab leak While further investigation of a lab leak is rejected, frozen foods are in the frame! Report: Jonathan Matthews\n\n\n\nLack of critical assessment can delay innovation, jeopardise public trust, and waste resources, especially in the Global South, say scientists. Report: Claire Robinson\n\nDid scientists break the law by eating GMO salmon from their research project? Report: Claire Robinson\n\nProfitability and productivity of organic farming can equal other systems \u2013 while increasing soil fertility, reducing pesticide use\n\nGMO spin doctors are using coronavirus vaccines to promote GM crops Exploiting the pandemic to market GM crops makes little sense. Report: Jonathan Matthews and Claire Robinson\n\n\n\nCould Bayer/Monsanto finally be forced to acknowledge responsibility for the millions of victims of Agent Orange? Jonathan Matthews reports\n\n\"Sterile\" insects revert back to being fertile, resulting in resistant GM populations persisting in the environment. Report by Third World Network\n\n\n\nHow to respond to the UK consultation on the deregulation of gene editing Advice to the public is now live\n\nJapan's first genome-edited food, a tomato, gets green light for distribution Tomato is designed to have biological effects on consumers \u2013 but there's no safety data or GMO labelling", "opengraph": {}, "tags": [], "tweets": [], "movies": [], "links": ["/en/106-news/latest-news/19716-researchers-want-gmo-transparency", "/en/106-news/latest-news/19713-new-gm-technology-has-no-place-in-sustainable-farming", "/en/106-news/latest-news/19709-gmo-boosters-suffer-logic-bypass-in-using-covid-vaccines-to-promote-gmo-deregulation", "/en/106-news/latest-news/19708-scientists-call-for-international-database-of-gene-edited-gmos-to-aid-detection", "/en/106-news/latest-news/19704-uk-your-food-freedom-is-under-threat-act-now", "/en/106-news/latest-news/19703-co-op-is-first-uk-supermarket-to-reject-gm-gene-edited-crops-and-animals-without-safety-checks", "/en/106-news/latest-news/19697-gmwatch-mythbuster-exposes-uk-government-misinformation-on-gene-editing", "/en/106-news/latest-news/19691-who-investigation-descends-into-farce-in-rush-to-rule-out-a-lab-leak", "/en/106-news/latest-news/19687-gmo-crop-researchers-denounce-pro-gmo-hype-cycle", "/en/106-news/latest-news/19683-potential-gmo-research-misconduct-at-norway-s-institute-of-marine-research", "/en/106-news/latest-news/19681-organic-farming-is-a-sustainable-alternative-for-developing-economies", "/en/106-news/latest-news/19682-gm-spin-doctors-are-using-coronavirus-vaccines-to-promote-gm-crops", "/en/106-news/latest-news/19678-survey-eu-citizens-reject-genetic-engineering-of-wild-species-with-gene-drives", "/en/106-news/latest-news/19677-glyphosate-and-roundup-disturb-gut-microbiome-and-blood-biochemistry-at-doses-that-regulators-claim-to-be-safe", "/en/106-news/latest-news/19675-landmark-court-case-against-agrochemical-giants-over-agent-orange-gets-underway", "/en/106-news/latest-news/19676-genetic-breakdown-of-molecular-mechanism-underpinning-gm-sterile-insect-techniques", "/en/106-news/latest-news/19672-how-to-respond-to-the-uk-consultation-on-the-deregulation-of-gene-editing", "/en/106-news/latest-news/19671-japan-s-first-genome-edited-food-item-a-tomato-gets-green-light-for-distribution", "/en/106-news/latest-news/19666-brexit-voters-reject-lower-food-standards", "/en/106-news/latest-news/19667-victory-in-fight-against-deregulation-of-gmos-in-italy", "/en/106-news/latest-news/19663-daszak-facing-calls-to-step-down-from-covid-19-inquiries-as-who-team-arrives-in-wuhan", "/en/106-news/latest-news/19661-the-lab-leak-hypothesis-is-important-new-article-a-gamechanger", "/en/106-news/latest-news/19653-uk-public-consultation-on-de-regulating-gene-editing-launched", "/en/106-news/latest-news/19652-usda-moves-to-weaken-regulation-over-gm-animals", "/en/106-news/latest-news/19647-lab-leak-the-most-credible-source-of-coronavirus-outbreak-says-top-us-government-official", "/en/?c=index'&m=112", "/en/?c=index'&m=112&start=300", "/en/?c=index'&m=112&start=100", "/en/?c=index'&m=112&start=125", "/en/?c=index'&m=112&start=150", "/en/?c=index'&m=112&start=175", "/en/?c=index'&m=112&start=200", "/en/?c=index'&m=112&start=225", "/en/?c=index'&m=112&start=250", "/en/?c=index'&m=112&start=275", "/en/?c=index'&m=112&start=300"], "authors": [], "publish_date": "2021-03-01T08:59:41+00:00"}