{"result_id": "138034", "URL": "https://www.godlikeproductions.com/forum1/message5407335/pg1", "timestamp": "2023-04-25 15:19:29 CEST+0200", "meta": {"description": "", "lang": "en", "keywords": "", "favicon": "", "canonical": "http://www.godlikeproductions.com/forum1/message5407335/pg1", "encoding": "windows-1252"}, "image": null, "domain": "www.godlikeproductions.com", "title": "Good news. Swiss covid vaccination stopped", "cleaned_text": "They\u2019ve done their damage and can move on to the next plandemic.\n\n \n\n\n\nthere never was a pandemic. \n\n there never was a pandemic. \n\n\n\ntell that to the friends and loved ones of the over 1 million Americans who died from Covid\n\n tell that to the friends and loved ones of the over 1 million Americans who died from Covid \n\n\n\nWhat test did they use to determine they died from COVID?\n\n\n\nWhat happened to the flu during this time?\n\n\n\nWhy did they classify those vaccinated with not 1 but 2 shots unvaccinated for 14 days until after the second shot? Especially when 90% of serious ADR occur during this time?\n\n\n\nWhy did they ventilate people and especially the elderly when the mortality rate of those ventilated was over 90%?\n\n\n\nWhy did they use Remdesivir as the only option in the elderly when Remdesivir accelerates death?\n\n\n\nWhy is Bill Gates now saying the mortality rate of COVID is not as bad as what they thought?\n\n\n\nWhy is Bill Gates saying the vaccine is not as effective as thought?\n\n\n\nWhy is Bill Gates now saying they have no idea what the long term side effects are, how could they, since they were never tested?\n\n\n\nI could go one. What test did they use to determine they died from COVID?What happened to the flu during this time?Why did they classify those vaccinated with not 1 but 2 shots unvaccinated for 14 days until after the second shot? Especially when 90% of serious ADR occur during this time?Why did they ventilate people and especially the elderly when the mortality rate of those ventilated was over 90%?Why did they use Remdesivir as the only option in the elderly when Remdesivir accelerates death?Why is Bill Gates now saying the mortality rate of COVID is not as bad as what they thought?Why is Bill Gates saying the vaccine is not as effective as thought?Why is Bill Gates now saying they have no idea what the long term side effects are, how could they, since they were never tested?I could go one.\n\nThey\u2019ve done their damage and can move on to the next plandemic.\n\n \n\n\n\nthere never was a pandemic. \n\n there never was a pandemic. \n\n\n\ntell that to the friends and loved ones of the over 1 million Americans who died from Covid\n\n tell that to the friends and loved ones of the over 1 million Americans who died from Covid \n\n\n\nWhat test did they use to determine they died from COVID?\n\n\n\nWhat happened to the flu during this time?\n\n\n\nWhy did they classify those vaccinated with not 1 but 2 shots unvaccinated for 14 days until after the second shot? Especially when 90% of serious ADR occur during this time?\n\n\n\nWhy did they ventilate people and especially the elderly when the mortality rate of those ventilated was over 90%?\n\n\n\nWhy did they use Remdesivir as the only option in the elderly when Remdesivir accelerates death?\n\n\n\nWhy is Bill Gates now saying the mortality rate of COVID is not as bad as what they thought?\n\n\n\nWhy is Bill Gates saying the vaccine is not as effective as thought?\n\n\n\nWhy is Bill Gates now saying they have no idea what the long term side effects are, how could they, since they were never tested?\n\n\n\nI could go one.\n\n What test did they use to determine they died from COVID?What happened to the flu during this time?Why did they classify those vaccinated with not 1 but 2 shots unvaccinated for 14 days until after the second shot? Especially when 90% of serious ADR occur during this time?Why did they ventilate people and especially the elderly when the mortality rate of those ventilated was over 90%?Why did they use Remdesivir as the only option in the elderly when Remdesivir accelerates death?Why is Bill Gates now saying the mortality rate of COVID is not as bad as what they thought?Why is Bill Gates saying the vaccine is not as effective as thought?Why is Bill Gates now saying they have no idea what the long term side effects are, how could they, since they were never tested?I could go one. \n\n\n\n\n\n\n\n\n\nALL LEGIT POINTS\n\nThey\u2019ve done their damage and can move on to the next plandemic.\n\n \n\n\n\nthere never was a pandemic. \n\n there never was a pandemic. \n\n\n\ntell that to the friends and loved ones of the over 1 million Americans who died from Covid\n\n tell that to the friends and loved ones of the over 1 million Americans who died from Covid \n\n\n\nOk shill. Tell that to the guy who came in dead from a motorcycle accident, got tested for COVID POST-MORTEM and was marked as a COVID death. \n\n\n\nFlu was somehow eradicated in 2020,2021. Everything was cured\n\n.. except COOVID.\n\n\n\nDon't be a moran. GET A BRIAN! Ok shill. Tell that to the guy who came in dead from a motorcycle accident, got tested for COVID POST-MORTEM and was marked as a COVID death.Flu was somehow eradicated in 2020,2021. Everything was cured.. except COOVID.Don't be a moran. GET A BRIAN!\n\n\n\n\n\ntell that to the friends and loved ones of the over 1 million Americans who died from Covid\n\n tell that to the friends and loved ones of the over 1 million Americans who died from Covid \n\n\n\nWhat test did they use to determine they died from COVID?\n\n\n\nWhat happened to the flu during this time?\n\n\n\nWhy did they classify those vaccinated with not 1 but 2 shots unvaccinated for 14 days until after the second shot? Especially when 90% of serious ADR occur during this time?\n\n\n\nWhy did they ventilate people and especially the elderly when the mortality rate of those ventilated was over 90%?\n\n\n\nWhy did they use Remdesivir as the only option in the elderly when Remdesivir accelerates death?\n\n\n\nWhy is Bill Gates now saying the mortality rate of COVID is not as bad as what they thought?\n\n\n\nWhy is Bill Gates saying the vaccine is not as effective as thought?\n\n\n\nWhy is Bill Gates now saying they have no idea what the long term side effects are, how could they, since they were never tested?\n\n\n\nI could go one.\n\n What test did they use to determine they died from COVID?What happened to the flu during this time?Why did they classify those vaccinated with not 1 but 2 shots unvaccinated for 14 days until after the second shot? Especially when 90% of serious ADR occur during this time?Why did they ventilate people and especially the elderly when the mortality rate of those ventilated was over 90%?Why did they use Remdesivir as the only option in the elderly when Remdesivir accelerates death?Why is Bill Gates now saying the mortality rate of COVID is not as bad as what they thought?Why is Bill Gates saying the vaccine is not as effective as thought?Why is Bill Gates now saying they have no idea what the long term side effects are, how could they, since they were never tested?I could go one. \n\n\n\n\n\n\n\n\n\nALL LEGIT POINTS\n\n \n\n\n\nWhy? Because they got enough percentage of the ones they wanted to kill or future kill, in their back pocket already.\n\n\n\nThe smart unvaxxed ones dodged the bullet. Why? Because they got enough percentage of the ones they wanted to kill or future kill, in their back pocket already.The smart unvaxxed ones dodged the bullet.\n\nThey\u2019ve done their damage and can move on to the next plandemic.\n\n \n\n\n\nthere never was a pandemic. \n\n there never was a pandemic. \n\n\n\ntell that to the friends and loved ones of the over 1 million Americans who died from Covid\n\n tell that to the friends and loved ones of the over 1 million Americans who died from Covid \n\n\n\nFirst, they'll need to show me irrefutable empirical evidence that their friends and loved ones actually contracted the supposed SARS-CoV-2 virus, and that they died as a direct result of it.\n\n First, they'll need to show me irrefutable empirical evidence that their friends and loved ones actually contracted the supposed SARS-CoV-2 virus, and that they died as a direct result of it. \n\n\n\nExactly. I also wonder where this person came up with that 1 million number, is it just right? Not too high, not too low? Exactly. I also wonder where this person came up with that 1 million number, is it just right? Not too high, not too low?", "opengraph": {}, "tags": [], "tweets": [], "movies": [{"embed_type": "iframe", "provider": "youtube", "width": "450", "height": "350", "embed_code": "<iframe width=\"450\" height=\"350\" src=\"//www.youtube.com/embed/KtBWJ4mGjpM\" frameborder=\"0\" allowfullscreen=\"\"/>", "src": "//www.youtube.com/embed/KtBWJ4mGjpM"}, {"embed_type": "iframe", "provider": "youtube", "width": "450", "height": "350", "embed_code": "<iframe width=\"450\" height=\"350\" src=\"//www.youtube.com/embed/KtBWJ4mGjpM\" frameborder=\"0\" allowfullscreen=\"\"/>", "src": "//www.youtube.com/embed/KtBWJ4mGjpM"}, {"embed_type": "iframe", "provider": "youtube", "width": "450", "height": "350", "embed_code": "<iframe width=\"450\" height=\"350\" src=\"//www.youtube.com/embed/KtBWJ4mGjpM\" frameborder=\"0\" allowfullscreen=\"\"/>", "src": "//www.youtube.com/embed/KtBWJ4mGjpM"}, {"embed_type": "iframe", "provider": "youtube", "width": "450", "height": "350", "embed_code": "<iframe width=\"450\" height=\"350\" src=\"//www.youtube.com/embed/KtBWJ4mGjpM\" frameborder=\"0\" allowfullscreen=\"\"/>", "src": "//www.youtube.com/embed/KtBWJ4mGjpM"}], "links": ["pg2", "#bottom", "#", "/forum1/message5407335/pg2", "/feeds/messages/5407335", "/members/53129/profile", "/members/53129/upgrade", "/members/53129/karma", "/forum1/message5407335/abusive", "/forum1/message5407335/copyright", "#", "/bbs/reply.php?messageid=5407335&page=1&quote=op", "javascript:addQuote('message', '5407335', '2C2A41F375');", "javascript:goToNextPost('m', 5407335, 1, 53129, 85533986, 1);", "/forum1/message5407335/reply99916715/abusive", "/forum1/message5407335/reply99916715/copyright", "/bbs/reply.php?messageid=5407335&page=1&quote=99916715", "javascript:addQuote('reply', '99916715', '2C2A41F375');", "/forum1/message5407335/reply99916715", "javascript:goToNextPost('r', 99916715, 2, 0, 85612448, -1);", "javascript:goToNextPost('r', 99916715, 2, 0, 85612448, 1);", "/members/53129/profile", "/members/53129/karma", "/forum1/message5407335/reply99917198/abusive", "/forum1/message5407335/reply99917198/copyright", "/bbs/reply.php?messageid=5407335&page=1&quote=99917198", "javascript:addQuote('reply', '99917198', '2C2A41F375');", "/forum1/message5407335/reply99917198", "javascript:goToNextPost('r', 99917198, 3, 53129, 85533986, -1);", "javascript:goToNextPost('r', 99917198, 3, 53129, 85533986, 1);", "/forum1/message5407335/reply99916715", "/members/53129/profile", "/members/53129/karma", "/forum1/message5407335/reply99917478/abusive", "/forum1/message5407335/reply99917478/copyright", "/bbs/reply.php?messageid=5407335&page=1&quote=99917478", "javascript:addQuote('reply', '99917478', '2C2A41F375');", "/forum1/message5407335/reply99917478", "javascript:goToNextPost('r', 99917478, 4, 53129, 85533986, -1);", "javascript:goToNextPost('r', 99917478, 4, 53129, 85533986, 1);", "/forum1/message5407335/reply99917484/abusive", "/forum1/message5407335/reply99917484/copyright", "/bbs/reply.php?messageid=5407335&page=1&quote=99917484", "javascript:addQuote('reply', '99917484', '2C2A41F375');", "/forum1/message5407335/reply99917484", "javascript:goToNextPost('r', 99917484, 5, 0, 85613304, -1);", "javascript:goToNextPost('r', 99917484, 5, 0, 85613304, 1);", "/members/253555/profile", "/members/253555/karma", "/forum1/message5407335/reply99917504/abusive", "/forum1/message5407335/reply99917504/copyright", "/bbs/reply.php?messageid=5407335&page=1&quote=99917504", "javascript:addQuote('reply', '99917504', '2C2A41F375');", "/forum1/message5407335/reply99917504", "javascript:goToNextPost('r', 99917504, 6, 253555, 85003305, -1);", "javascript:goToNextPost('r', 99917504, 6, 253555, 85003305, 1);", "/forum1/message5407335/reply99917484", "/members/210859/profile", "/members/210859/karma", "/forum1/message5407335/reply99917508/abusive", "/forum1/message5407335/reply99917508/copyright", "/bbs/reply.php?messageid=5407335&page=1&quote=99917508", "javascript:addQuote('reply', '99917508', '2C2A41F375');", "/forum1/message5407335/reply99917508", "javascript:goToNextPost('r', 99917508, 7, 210859, 85108001, -1);", "javascript:goToNextPost('r', 99917508, 7, 210859, 85108001, 1);", "/forum1/message5407335/reply99917520/abusive", "/forum1/message5407335/reply99917520/copyright", "/bbs/reply.php?messageid=5407335&page=1&quote=99917520", "javascript:addQuote('reply', '99917520', '2C2A41F375');", "/forum1/message5407335/reply99917520", "javascript:goToNextPost('r', 99917520, 8, 0, 85604109, -1);", "javascript:goToNextPost('r', 99917520, 8, 0, 85604109, 1);", "/forum1/message5407335/reply99917484", "/forum1/message5407335/reply99917504", "/forum1/message5407335/reply99917754/abusive", "/forum1/message5407335/reply99917754/copyright", "/bbs/reply.php?messageid=5407335&page=1&quote=99917754", "javascript:addQuote('reply', '99917754', '2C2A41F375');", "/forum1/message5407335/reply99917754", "javascript:goToNextPost('r', 99917754, 9, 0, 84935476, -1);", "javascript:goToNextPost('r', 99917754, 9, 0, 84935476, 1);", "/forum1/message5407335/reply99917484", "/forum1/message5407335/reply99917504", "/forum1/message5407335/reply99917806/abusive", "/forum1/message5407335/reply99917806/copyright", "/bbs/reply.php?messageid=5407335&page=1&quote=99917806", "javascript:addQuote('reply', '99917806', '2C2A41F375');", "/forum1/message5407335/reply99917806", "javascript:goToNextPost('r', 99917806, 10, 0, 85611258, -1);", "javascript:goToNextPost('r', 99917806, 10, 0, 85611258, 1);", "/forum1/message5407335/pg1#op_post", "/forum1/message5407335/reply99917822/abusive", "/forum1/message5407335/reply99917822/copyright", "/bbs/reply.php?messageid=5407335&page=1&quote=99917822", "javascript:addQuote('reply', '99917822', '2C2A41F375');", "/forum1/message5407335/reply99917822", "javascript:goToNextPost('r', 99917822, 11, 0, 84480448, -1);", "javascript:goToNextPost('r', 99917822, 11, 0, 84480448, 1);", "/forum1/message5407335/reply99916715", "/forum1/message5407335/reply99917829/abusive", "/forum1/message5407335/reply99917829/copyright", "/bbs/reply.php?messageid=5407335&page=1&quote=99917829", "javascript:addQuote('reply', '99917829', '2C2A41F375');", "/forum1/message5407335/reply99917829", "javascript:goToNextPost('r', 99917829, 12, 0, 85120414, -1);", "javascript:goToNextPost('r', 99917829, 12, 0, 85120414, 1);", "/forum1/message5407335/reply99917484", "/forum1/message5407335/reply99917504", "/forum1/message5407335/reply99917754", "/members/210859/profile", "/members/210859/karma", "/forum1/message5407335/reply99917856/abusive", "/forum1/message5407335/reply99917856/copyright", "/bbs/reply.php?messageid=5407335&page=1&quote=99917856", "javascript:addQuote('reply', '99917856', '2C2A41F375');", "/forum1/message5407335/reply99917856", "javascript:goToNextPost('r', 99917856, 13, 210859, 85108001, -1);", "javascript:goToNextPost('r', 99917856, 13, 210859, 85108001, 1);", "/forum1/message5407335/reply99917754", "/forum1/message5407335/reply99917890/abusive", "/forum1/message5407335/reply99917890/copyright", "/bbs/reply.php?messageid=5407335&page=1&quote=99917890", "javascript:addQuote('reply', '99917890', '2C2A41F375');", "/forum1/message5407335/reply99917890", "javascript:goToNextPost('r', 99917890, 14, 0, 80686574, -1);", "javascript:goToNextPost('r', 99917890, 14, 0, 80686574, 1);", "/forum1/message5407335/reply99917929/abusive", "/forum1/message5407335/reply99917929/copyright", "/bbs/reply.php?messageid=5407335&page=1&quote=99917929", "javascript:addQuote('reply', '99917929', '2C2A41F375');", "/forum1/message5407335/reply99917929", "javascript:goToNextPost('r', 99917929, 15, 0, 4839617, -1);", "javascript:goToNextPost('r', 99917929, 15, 0, 4839617, 1);", "/forum1/message5407335/pg1#op_post", "/forum1/message5407335/reply99918262/abusive", "/forum1/message5407335/reply99918262/copyright", "/bbs/reply.php?messageid=5407335&page=1&quote=99918262", "javascript:addQuote('reply', '99918262', '2C2A41F375');", "/forum1/message5407335/reply99918262", "javascript:goToNextPost('r', 99918262, 16, 0, 85603405, -1);", "javascript:goToNextPost('r', 99918262, 16, 0, 85603405, 1);", "/forum1/message5407335/reply99918295/abusive", "/forum1/message5407335/reply99918295/copyright", "/bbs/reply.php?messageid=5407335&page=1&quote=99918295", "javascript:addQuote('reply', '99918295', '2C2A41F375');", "/forum1/message5407335/reply99918295", "javascript:goToNextPost('r', 99918295, 17, 0, 85611258, -1);", "javascript:goToNextPost('r', 99918295, 17, 0, 85611258, 1);", "/forum1/message5407335/reply99917484", "/forum1/message5407335/reply99917504", "/forum1/message5407335/reply99917754", "/members/53129/profile", "/members/53129/karma", "/forum1/message5407335/reply99918333/abusive", "/forum1/message5407335/reply99918333/copyright", "/bbs/reply.php?messageid=5407335&page=1&quote=99918333", "javascript:addQuote('reply', '99918333', '2C2A41F375');", "/forum1/message5407335/reply99918333", "javascript:goToNextPost('r', 99918333, 18, 53129, 85533986, -1);", "javascript:goToNextPost('r', 99918333, 18, 53129, 85533986, 1);", "/forum1/message5407335/reply99917484", "/forum1/message5407335/reply99917504", "/forum1/message5407335/reply99917754", "/forum1/message5407335/reply99918295", "/members/162024/profile", "/members/162024/karma", "/forum1/message5407335/reply99918358/abusive", "/forum1/message5407335/reply99918358/copyright", "/bbs/reply.php?messageid=5407335&page=1&quote=99918358", "javascript:addQuote('reply', '99918358', '2C2A41F375');", "/forum1/message5407335/reply99918358", "javascript:goToNextPost('r', 99918358, 19, 162024, 29035308, -1);", "javascript:goToNextPost('r', 99918358, 19, 162024, 29035308, 1);", "/forum1/message5407335/reply99917484", "/forum1/message5407335/reply99917504", "/forum1/message5407335/reply99917754", "/members/258315/profile", "/members/258315/karma", "/forum1/message5407335/reply99918379/abusive", "/forum1/message5407335/reply99918379/copyright", "/bbs/reply.php?messageid=5407335&page=1&quote=99918379", "javascript:addQuote('reply', '99918379', '2C2A41F375');", "/forum1/message5407335/reply99918379", "javascript:goToNextPost('r', 99918379, 20, 258315, 85572379, -1);", "javascript:goToNextPost('r', 99918379, 20, 258315, 85572379, 1);", "http://www.godlikeproductions.com/forum1/message5405995/pg1", "http://www.godlikeproductions.com/forum1/message5365412/pg1", "/forum1/message5407335/reply99918475/abusive", "/forum1/message5407335/reply99918475/copyright", "/bbs/reply.php?messageid=5407335&page=1&quote=99918475", "javascript:addQuote('reply', '99918475', '2C2A41F375');", "/forum1/message5407335/reply99918475", "javascript:goToNextPost('r', 99918475, 21, 0, 85336562, -1);", "javascript:goToNextPost('r', 99918475, 21, 0, 85336562, 1);", "/forum1/message5407335/reply99917484", "/forum1/message5407335/reply99917504", "/forum1/message5407335/reply99917754", "/members/206464/profile", "/members/206464/karma", "/forum1/message5407335/reply99918633/abusive", "/forum1/message5407335/reply99918633/copyright", "/bbs/reply.php?messageid=5407335&page=1&quote=99918633", "javascript:addQuote('reply', '99918633', '2C2A41F375');", "/forum1/message5407335/reply99918633", "javascript:goToNextPost('r', 99918633, 22, 206464, 83899792, -1);", "javascript:goToNextPost('r', 99918633, 22, 206464, 83899792, 1);", "/forum1/message5407335/pg1#op_post", "/forum1/message5407335/reply99918640/abusive", "/forum1/message5407335/reply99918640/copyright", "/bbs/reply.php?messageid=5407335&page=1&quote=99918640", "javascript:addQuote('reply', '99918640', '2C2A41F375');", "/forum1/message5407335/reply99918640", "javascript:goToNextPost('r', 99918640, 23, 0, 78114866, -1);", "javascript:goToNextPost('r', 99918640, 23, 0, 78114866, 1);", "/forum1/message5407335/reply99917484", "/members/191298/profile", "/members/191298/karma", "/forum1/message5407335/reply99918732/abusive", "/forum1/message5407335/reply99918732/copyright", "/bbs/reply.php?messageid=5407335&page=1&quote=99918732", "javascript:addQuote('reply', '99918732', '2C2A41F375');", "/forum1/message5407335/reply99918732", "javascript:goToNextPost('r', 99918732, 24, 191298, 33269531, -1);", "javascript:goToNextPost('r', 99918732, 24, 191298, 33269531, 1);", "/forum1/message5407335/reply99917484", "/forum1/message5407335/reply99917504", "/forum1/message5407335/reply99917754", "/forum1/message5407335/reply99918999/abusive", "/forum1/message5407335/reply99918999/copyright", "/bbs/reply.php?messageid=5407335&page=1&quote=99918999", "javascript:addQuote('reply', '99918999', '2C2A41F375');", "/forum1/message5407335/reply99918999", "javascript:goToNextPost('r', 99918999, 25, 0, 78114866, -1);", "javascript:goToNextPost('r', 99918999, 25, 0, 78114866, 1);", "/forum1/message5407335/reply99917754", "/forum1/message5407335/reply99917856", "/forum1/message5407335/reply99919011/abusive", "/forum1/message5407335/reply99919011/copyright", "/bbs/reply.php?messageid=5407335&page=1&quote=99919011", "javascript:addQuote('reply', '99919011', '2C2A41F375');", "/forum1/message5407335/reply99919011", "javascript:goToNextPost('r', 99919011, 26, 0, 82702125, -1);", "javascript:goToNextPost('r', 99919011, 26, 0, 82702125, 1);", "/members/240907/profile", "/members/240907/karma", "/forum1/message5407335/reply99919479/abusive", "/forum1/message5407335/reply99919479/copyright", "/bbs/reply.php?messageid=5407335&page=1&quote=99919479", "javascript:addQuote('reply', '99919479', '2C2A41F375');", "/forum1/message5407335/reply99919479", "javascript:goToNextPost('r', 99919479, 27, 240907, 85480118, -1);", "javascript:goToNextPost('r', 99919479, 27, 240907, 85480118, 1);", "/forum1/message5407335/reply99919921/abusive", "/forum1/message5407335/reply99919921/copyright", "/bbs/reply.php?messageid=5407335&page=1&quote=99919921", "javascript:addQuote('reply', '99919921', '2C2A41F375');", "/forum1/message5407335/reply99919921", "javascript:goToNextPost('r', 99919921, 28, 0, 75308644, -1);", "javascript:goToNextPost('r', 99919921, 28, 0, 75308644, 1);", "/forum1/message5407335/reply99917504", "/forum1/message5407335/reply99917754", "/forum1/message5407335/reply99918295", "/forum1/message5407335/reply99918333", "/forum1/message5407335/reply99919978/abusive", "/forum1/message5407335/reply99919978/copyright", "/bbs/reply.php?messageid=5407335&page=1&quote=99919978", "javascript:addQuote('reply', '99919978', '2C2A41F375');", "/forum1/message5407335/reply99919978", "javascript:goToNextPost('r', 99919978, 29, 0, 33477051, -1);", "javascript:goToNextPost('r', 99919978, 29, 0, 33477051, 1);", "/forum1/message5407335/reply99920468/abusive", "/forum1/message5407335/reply99920468/copyright", "/bbs/reply.php?messageid=5407335&page=1&quote=99920468", "javascript:addQuote('reply', '99920468', '2C2A41F375');", "/forum1/message5407335/reply99920468", "javascript:goToNextPost('r', 99920468, 30, 0, 79229108, -1);", "javascript:goToNextPost('r', 99920468, 30, 0, 79229108, 1);", "/forum1/message5407335/reply99917484", "/forum1/message5407335/reply99917504", "/forum1/message5407335/reply99917754", "/forum1/message5407335/reply99917829", "/forum1/message5407335/reply99920517/abusive", "/forum1/message5407335/reply99920517/copyright", "/bbs/reply.php?messageid=5407335&page=1&quote=99920517", "javascript:addQuote('reply', '99920517', '2C2A41F375');", "/forum1/message5407335/reply99920517", "javascript:goToNextPost('r', 99920517, 31, 0, 79336278, -1);", "javascript:goToNextPost('r', 99920517, 31, 0, 79336278, 1);", "pg2", "#top", "/forum1/message5407335/pg2"], "authors": [], "publish_date": null}