{"result_id": "140028", "URL": "https://www.gotquestions.org/mark-of-the-beast-today.html", "timestamp": "2023-04-25 15:21:07 CEST+0200", "meta": {"description": "Is it possible for a person to get the mark of the beast today? Can I be assured that I have not received the mark of the beast?", "lang": "en", "keywords": "mark of the beast today", "favicon": "", "canonical": "https://www.gotquestions.org/mark-of-the-beast-today.html", "encoding": "utf-8"}, "image": null, "domain": "www.gotquestions.org", "title": "Is it possible for a person to get the mark of the beast today?", "cleaned_text": "Get our Question of the Week delivered right to your inbox!", "opengraph": {"description": "Is it possible for a person to get the mark of the beast today? Can I be assured that I have not received the mark of the beast?", "image": "https://www.gotquestions.org/img/OG/mark-of-the-beast-today.jpg", "site_name": "GotQuestions.org", "type": "article", "url": "https://www.gotquestions.org/mark-of-the-beast-today.html"}, "tags": [], "tweets": [], "movies": [], "links": [], "authors": [], "publish_date": "2018-04-12"}