{"result_id": "141044", "URL": "https://govtslaves.com/author/bellecarter", "timestamp": "2023-04-25 15:21:35 CEST+0200", "meta": {"description": "Gov't Slaves Com | Gov't Slaves \u2013 Everything you've been taught is a lie", "lang": "en", "keywords": "Government, Slaves, Tyranny, Freedom, Liberty, Politics", "favicon": "wp-content/themes/NTTheme/images/Newstarget-fav.png", "canonical": "https://govtslaves.com/author/bellecarter", "encoding": "UTF-8"}, "image": null, "domain": "govtslaves.com", "title": "Gov't Slaves \u2013 Everything you've been taught is a lie", "cleaned_text": "Get independent news alerts on natural cures, food lab tests, cannabis medicine, science, robotics, drones, privacy and more.", "opengraph": {"title": "Gov't Slaves Com | Gov't Slaves \u2013 Everything you've been taught is a lie", "type": "website", "url": "https://www.govtslaves.com/author/bellecarter", "site_name": "Gov't Slaves Com", "description": "Gov't Slaves Com | Gov't Slaves \u2013 Everything you've been taught is a lie", "image": "https://www.govtslaves.com/images/SocialImage.jpg"}, "tags": [], "tweets": [], "movies": [], "links": ["/privacypolicy"], "authors": [], "publish_date": null}