{"result_id": "142015", "URL": "https://greenmedinfo.com/toxic-ingredient/vaccine-adjuvants", "timestamp": "2023-04-25 15:22:31 CEST+0200", "meta": {"description": "This topic contains 77 study abstracts on Vaccine Adjuvants indicating they may contribute to Neurodevelopmental Disorders, Autism, and Vaccine-induced Toxicity", "lang": "en", "keywords": "Vaccine Adjuvants,neurodevelopmental disorders,autism,vaccine-induced toxicity,Vegetables: All", "favicon": "//cdn.greenmedinfo.com/sites/default/files/wilderness_favicon_1.ico", "canonical": "https://greenmedinfo.com/toxic-ingredient/vaccine-adjuvants", "encoding": "utf-8"}, "image": null, "domain": "greenmedinfo.com", "title": "Vaccine Adjuvants", "cleaned_text": "Robert F. Kennedy, Jr. and Robert De Niro Hold Press Conference Today at The National Press Club The event this morning will focus on the announcement of a unique challenge: to find a missing piece of research associated with mercury, a neurotoxin that is 100 times more poisonous than lead. There\u2019s a substantial cash award involved, the details of which will be revealed.\n\nInternet Trolls May be Trained Government Agents According to Leaked Document Fake news is bad enough, but increasingly, even the comments section for many websites and social media outlets are teeming with internet trolls - some of whom may be government agents\n\nThe numbers reflect the latest data available as of Jan. 22 from the CDC's Vaccine Adverse Event Reporting System website. Of the 329 reported deaths, 285 were from the U.S., and 44 were from other countries. The average age of those who died was 76.5\n\nWith every mass shooting, there's a renewed call for stricter gun control laws. The only problem is: guns aren't the problem. Guns have always been a part of America's culture. As long as the conversation centers around gun-control we'll continue to neglect something even more important and just as deadly: the growing mental health crisis that has been decades in the making. Where it begins and why may surprise you\n\nA stunning new report reveals that the United Nations Children's Fund (UNICEF) has been monitoring independent health sites and their users in an attempt to identify 'anti-vaccine influencers' and their effect on lackluster vaccine uptake.\n\nA Scientist's Rebuttal to the Danish Cohort Study 'Disproving MMR Causes Autism' The recent study dismissing the link between the MMR vaccine and autism suffers from 8 fundamental research flaws, which should be casting doubt over the accuracy of the report\n\nWhat is the Zika Virus Epidemic Covering Up? Correlation does not mean causation. Is the Zika virus being used as a scapegoat for Pharma's dangerous adverse effects?", "opengraph": {"title": "Vaccine Adjuvants", "type": "website", "url": "https://greenmedinfo.com/toxic-ingredient/vaccine-adjuvants"}, "tags": [], "tweets": [], "movies": [], "links": ["/blog/robert-f-kennedy-jr-and-robert-de-niro-hold-press-conference-today-national-press", "/blog/robert-f-kennedy-jr-and-robert-de-niro-hold-press-conference-today-national-press", "/gmi-blogs/RFK", "/blog/new-jersey-bills-s2173-and-a3818-exemptions-mandatory-immunizations3", "/blog/new-jersey-bills-s2173-and-a3818-exemptions-mandatory-immunizations3", "/gmi-blogs/GMI%20reporter", "/blog/fda-approved-gardasil-9-malfeasance-or-stupidity", "/blog/fda-approved-gardasil-9-malfeasance-or-stupidity", "/gmi-blogs/Norma%20Erickson", "/blog/retroviruses-poorly-understood-agents-change", "/blog/retroviruses-poorly-understood-agents-change", "/gmi-blogs/GMI%20reporter", "/blog/internet-trolls-may-be-trained-government-agents-according-leaked-document", "/blog/internet-trolls-may-be-trained-government-agents-according-leaked-document", "/gmi-blogs/brianshilhavy", "/blog/end-scientific-integrity-cochrane-collaboration-expels-critic-big-pharma-4-other-", "/blog/end-scientific-integrity-cochrane-collaboration-expels-critic-big-pharma-4-other-", "/gmi-blogs/brianshilhavy", "/blog/study-finds-some-highest-values-aluminium-human-brain-tissue-yet-recorded-brains-", "/blog/study-finds-some-highest-values-aluminium-human-brain-tissue-yet-recorded-brains-", "/gmi-blogs/celestewriter", "/blog/glyphosate-found-childhood-vaccines", "/blog/glyphosate-found-childhood-vaccines", "/gmi-blogs/GMI%20reporter", "/blog/casualties-war-new-research-confirms-vaccines-do-have-dark-side", "/blog/casualties-war-new-research-confirms-vaccines-do-have-dark-side", "/gmi-blogs/celestewriter", "/blog/profound-implications-virome-human-health-and-autoimmunity", "/blog/profound-implications-virome-human-health-and-autoimmunity", "/gmi-blogs/AliLeVere", "/blog/329-deaths-9516-other-injuries-reported-following-covid-vaccine-latest-cdc-data-s", "/blog/329-deaths-9516-other-injuries-reported-following-covid-vaccine-latest-cdc-data-s", "/gmi-blogs/Children%27s%20Health%20Defense", "/blog/new-film-manufactured-crisis-uncovers-cruel-incentives-and-effects-pushing-hpv-va", "/blog/new-film-manufactured-crisis-uncovers-cruel-incentives-and-effects-pushing-hpv-va", "/gmi-blogs/GMI%20reporter", "/blog/nj-legislature-sends-anti-free-speech-dietitian-bill-governor-murphy", "/blog/nj-legislature-sends-anti-free-speech-dietitian-bill-governor-murphy", "/gmi-blogs/GMI%20reporter", "/blog/guns-pharm-and-schools", "/blog/guns-pharm-and-schools", "/gmi-blogs/jasonboyd", "/blog/unicef-surveils-defames-health-sites-over-vaccines-greenmedinfo-motheringcom", "/blog/unicef-surveils-defames-health-sites-over-vaccines-greenmedinfo-motheringcom", "/gmi-blogs/Sayer%20Ji", "/blog/exploring-body-s-self-healing-super-powerss", "/blog/exploring-body-s-self-healing-super-powerss", "/gmi-blogs/TheEpochTimes", "/blog/vaccines-benefits-exceeds-risks-argument-justified", "/blog/vaccines-benefits-exceeds-risks-argument-justified", "/gmi-blogs/jag.Chatterjee", "/blog/scientists-rebuttal-danish-cohort-study", "/blog/scientists-rebuttal-danish-cohort-study", "/gmi-blogs/GMI%20reporter", "/blog/self-interested-whims-oligarchs-google-and-facebook-kill-access-alternative-and-i", "/blog/self-interested-whims-oligarchs-google-and-facebook-kill-access-alternative-and-i", "/gmi-blogs/JohnWeeks", "/blog/blockchain-will-upend-big-medicine", "/blog/blockchain-will-upend-big-medicine", "/gmi-blogs/jamesgrundvig", "/blog/no-should-mean-no-vaccine-surveillance-florida-citizens", "/blog/no-should-mean-no-vaccine-surveillance-florida-citizens", "/gmi-blogs/GMI%20reporter", "/blog/roll-your-sleeves-folks-271-new-vaccines-big-pharma-s-pipeline", "/blog/roll-your-sleeves-folks-271-new-vaccines-big-pharma-s-pipeline", "/gmi-blogs/DrGaryKohls", "/blog/epidemic-sudden-infant-deaths-medically-induced-syndrome-1", "/blog/epidemic-sudden-infant-deaths-medically-induced-syndrome-1", "/gmi-blogs/Sayer%20Ji", "/blog/what-zika-virus-epidemic-covering", "/blog/what-zika-virus-epidemic-covering", "/gmi-blogs/jag.Chatterjee"], "authors": [], "publish_date": null}