{"result_id": "142003", "URL": "https://greenmedinfo.com/", "timestamp": "2023-04-25 15:21:57 CEST+0200", "meta": {"description": "The world's most widely referenced, evidence-based, natural health resource with over 10,000 health topics and 50,000 peer reviewed abstracts.", "lang": "en", "keywords": "examples of alternative medicine,types of alternative medicine,list of alternative medicine,advantages of alternative medicine,natural medicine,alternative medicine,alternative toxicology,complementary medicine,pubmed", "favicon": "//cdn.greenmedinfo.com/sites/default/files/wilderness_favicon_1.ico", "canonical": "https://greenmedinfo.com/", "encoding": "utf-8"}, "image": null, "domain": "greenmedinfo.com", "title": "GreenMedInfo | Alternative Medicine | Vitamin Research | Natural", "cleaned_text": "This website is for information purposes only. By providing the information contained herein we are not diagnosing, treating, curing, mitigating, or preventing any type of disease or medical condition. Before beginning any type of natural, integrative or conventional treatment regimen, it is advisable to seek the advice of a licensed healthcare professional.", "opengraph": {"title": "GreenMedInfo | Alternative Medicine | Vitamin Research | Natural", "description": "GreenMedInfo.com Is The World's Most Widely-Cited, Open-Access, Evidence-Based Natural Health Resource With 20,000+ Articles!", "image": "http://cdn.greenmedinfo.com/sites/default/files/imagecache/ogimage/image/newsletter-share.png", "type": "article", "url": "https://greenmedinfo.com/"}, "tags": [], "tweets": [], "movies": [], "links": [], "authors": [], "publish_date": null}