{"result_id": "142042", "URL": "https://greenmedinfo.com/anti-therapeutic-action/vaccination-hepatitis-b", "timestamp": "2023-04-25 15:24:20 CEST+0200", "meta": {"description": "This topic contains 47 study abstracts on Vaccination: Hepatitis B indicating \"it may negatively impact\" Vaccine-induced Toxicity, Hepatitis B, and Mercury Poisoning", "lang": "en", "keywords": "Vaccination: Hepatitis B,vaccine-induced toxicity,hepatitis b,mercury poisoning,Vegetables: All", "favicon": "//cdn.greenmedinfo.com/sites/default/files/wilderness_favicon_1.ico", "canonical": "https://greenmedinfo.com/anti-therapeutic-action/vaccination-hepatitis-b", "encoding": "utf-8"}, "image": null, "domain": "greenmedinfo.com", "title": "Vaccination: Hepatitis B", "cleaned_text": "The CDC wants every infant vaccinated 3 times against hepatitis B starting with a shot the day of birth, but new research indicates that it is not even effective at preventing infection in the most susceptible populations: the infants of mothers infected with Hep B.\n\nA recent news story described a newborn being taken away from her mother shortly after birth because of the mother's refusal to accept a Hepatitis B vaccine. In my law practice, I also hear stories from time to time about newborns being vaccinated in the hospital after birth without the parents' permission and against the parents' wishes. Most of the time, these kind of problems are avoidable with a information about your rights and some common sense preparation.\n\nNew Vaccines Still Cause Autism and Our Government Knows Today in the US and a growing number of other countries, the official policy is that any scientific study, regardless of its methodology, quality, author credentials, and peer-reviewed process is summarily dismissed as incomplete, irrelevant or unsupported if it finds a connection between any vaccine or combination of vaccines and autism spectrum disorder.\n\nDr. Judy Mikovits Joins GreenMedInfo Advisory Board \u2013 Welcome to the Revolution! GreenMedInfo is honored to welcome Dr. Judy Mikovits to the team as she continues her search for absolute truth within the scientific community. As a true scientist, Dr. Mikovits believes it is her duty to seek truth at any cost, and we gladly stand by her side.\n\nLet's face it: the only real justification for using vaccines to \"immunize\" ourselves against disease is derived from the natural fact that when challenged by infectious agents the humoral arm of our immune system launches a successful response capable of conferring lasting immunity. Were it not for the elegance, proficiency, and mostly asymptomatic success of our recombinatorial immune system in dealing so well with infectious challenges, vaccination would have no scientific...\n\nScientists claim the XMRV is nothing to worry about. Perhaps you agree. Now is the time to take a look at the evidence presented by these scientists who declare there is no relationship between XMRV and disease. You may want to reconsider.\n\nThe Hidden Connection Behind Viruses, Vaccines and Cancer One of the primary pro-vaccine arguments is that vaccines can prevent cancer by preventing viral infections. But do viruses truly cause cancer and, if so, could the vaccines, rather than being preventative, be the cause?\n\nThere is undeniable proof that the World Health Organization (WHO) has been violating basic human rights and using low income countries for vaccine experiments for years. With such high disregard for human life, how many ethical lines have to be crossed before the WHO is finally investigated?\n\nAn eye-opening new study challenges the World Health Organization's claim that hepatitis B vaccine is \"95% effective\" at preventing post-exposure transmission of hepatitis B virus from an infected mother to her infant. The new study found 42% of infants, after receiving 4 Hep B vaccines, were infected with 'occult' Hep B virus.", "opengraph": {"image": "//cdn.greenmedinfo.com/sites/default/files/imagecache/ogimage/Vaccination_4.jpg", "title": "Vaccination: Hepatitis B", "type": "website", "url": "https://greenmedinfo.com/anti-therapeutic-action/vaccination-hepatitis-b"}, "tags": [], "tweets": [], "movies": [], "links": ["/blog/pro-life-and-pro-vaccine-ultimate-hypocrisy", "/blog/pro-life-and-pro-vaccine-ultimate-hypocrisy", "/gmi-blogs/Sayer%20Ji", "/blog/mother-s-decision-first-shot-hepatitis-b", "/blog/mother-s-decision-first-shot-hepatitis-b", "/gmi-blogs/drbrogan", "/blog/multiple-infant-vaccines-linked-dramatically-increased-mortality", "/blog/multiple-infant-vaccines-linked-dramatically-increased-mortality", "/gmi-blogs/Sayer%20Ji", "/blog/how-journalist-was-censored-writing-reasonably-about-vaccines", "/blog/how-journalist-was-censored-writing-reasonably-about-vaccines", "/gmi-blogs/jennifermargulis", "/blog/dispelling-myths-regarding-use-thimerosal-vaccines", "/blog/dispelling-myths-regarding-use-thimerosal-vaccines", "/gmi-blogs/tlredwood@mindspring.com", "/blog/plague-brought-you-best-intentions", "/blog/plague-brought-you-best-intentions", "/gmi-blogs/kentheckenlively", "/blog/do-vaccinations-cause-autism", "/blog/do-vaccinations-cause-autism", "/gmi-blogs/drdach", "/blog/pregnant-how-avoid-hospital-vaccine-woes", "/blog/pregnant-how-avoid-hospital-vaccine-woes", "/gmi-blogs/lawpapa", "/blog/hep-b-vaccine-damages-liver-it-supposed-protect", "/blog/hep-b-vaccine-damages-liver-it-supposed-protect", "/gmi-blogs/Sayer%20Ji", "/blog/new-vaccines-still-cause-autism-and-our-government-knows", "/blog/new-vaccines-still-cause-autism-and-our-government-knows", "/gmi-blogs/rgale", "/blog/dr-judy-mikovits-joins-greenmedinfo-advisory-board-welcome-revolution", "/blog/dr-judy-mikovits-joins-greenmedinfo-advisory-board-welcome-revolution", "/gmi-blogs/GMI%20reporter", "/blog/200-evidence-based-reasons-not-vaccinate-free-research-pdf-download", "/blog/200-evidence-based-reasons-not-vaccinate-free-research-pdf-download", "/gmi-blogs/GMI%20Research%20Group", "/blog/studies-find-flu-shots-can-harm-your-heart-infant-and-fetus", "/blog/studies-find-flu-shots-can-harm-your-heart-infant-and-fetus", "/gmi-blogs/Sayer%20Ji", "/blog/vaccination-agenda-implicit-transhumanismdehumanism", "/blog/vaccination-agenda-implicit-transhumanismdehumanism", "/gmi-blogs/Sayer%20Ji", "/blog/plague-update-xmrv", "/blog/plague-update-xmrv", "/gmi-blogs/kentheckenlively", "/blog/hidden-connection-behind-viruses-vaccines-and-cancer", "/blog/hidden-connection-behind-viruses-vaccines-and-cancer", "/gmi-blogs/tysonperez", "/blog/whos-private-vaccine-laboratory-developing-world", "/blog/whos-private-vaccine-laboratory-developing-world", "/gmi-blogs/christina.england.btinternet.com", "/blog/dear-state-farm-your-vaccine-views-are-anti-parent", "/blog/dear-state-farm-your-vaccine-views-are-anti-parent", "/gmi-blogs/louisehabakus", "/blog/herd-immunity-myth-or-reality", "/blog/herd-immunity-myth-or-reality", "/gmi-blogs/vaccineillusion", "/blog/vaccine-mccarthyism-did-2014-mark-collapse-vaccine-establishment", "/blog/vaccine-mccarthyism-did-2014-mark-collapse-vaccine-establishment", "/gmi-blogs/rgale", "/blog/ny-bill-would-give-children-right-consent-vaccines", "/blog/ny-bill-would-give-children-right-consent-vaccines", "/gmi-blogs/lawpapa", "/blog/you-call-yourself-feminist", "/blog/you-call-yourself-feminist", "/gmi-blogs/heathergreen", "/blog/parents-do-have-vaccine-alternative", "/blog/parents-do-have-vaccine-alternative", "/gmi-blogs/cillawhatcott", "/blog/fail-infant-hep-b-vaccines-perform-shamefully-time-end-them", "/blog/fail-infant-hep-b-vaccines-perform-shamefully-time-end-them", "/gmi-blogs/Sayer%20Ji"], "authors": [], "publish_date": null}