{"result_id": "143014", "URL": "https://donate1seasia.greenpeace.org/indonesia/home-4/", "timestamp": "2023-04-25 15:25:06 CEST+0200", "meta": {"description": "", "lang": "id", "keywords": "", "favicon": "https://donate1seasia.greenpeace.org/indonesia/wp-content/uploads/2022/07/favicon.png", "canonical": "https://donate1seasia.greenpeace.org/indonesia/home-4/", "encoding": "UTF-8"}, "image": null, "domain": "donate1seasia.greenpeace.org", "title": "Home 4 \u2013 Greenpeace", "cleaned_text": "", "opengraph": {}, "tags": [], "tweets": [], "movies": [], "links": [], "authors": [], "publish_date": null}