{"result_id": "145007", "URL": "http://www.healingfoodreference.com/Fresh_fruits-20.html", "timestamp": "2023-04-25 15:26:01 CEST+0200", "meta": {"description": "{Page_Description}", "lang": "en", "keywords": "{Page_Keywords}", "favicon": "", "canonical": "http://www.healingfoodreference.com/Fresh_fruits-20.html", "encoding": "iso-8859-1"}, "image": null, "domain": "www.healingfoodreference.com", "title": "Fresh fruits", "cleaned_text": "", "opengraph": {}, "tags": [], "tweets": [], "movies": [], "links": ["http://www.NaturalNews.com/NP/eating.html", "http://www.NaturalNews.com/NP/natural.html", "http://www.NaturalNews.com/NP/diet.html", "http://www.NaturalNews.com/NP/foods.html", "http://www.naturalnews.com/np/Textbook_of_Natural_MedicineV1.html", "http://www.NaturalNews.com/NP/healthy.html", "http://www.NaturalNews.com/NP/drugs.html", "http://www.NaturalNews.com/NP/American.html", "http://www.NaturalNews.com/NP/Vitamin.html", "http://www.NaturalNews.com/NP/Liver.html", "http://www.naturalnews.com/np/Textbook_of_Natural_MedicineV2.html", "http://www.NaturalNews.com/NP/increase.html", "http://www.NaturalNews.com/NP/patients.html", "http://www.NaturalNews.com/NP/patient.html", "http://www.NaturalNews.com/NP/Products.html", "http://www.NaturalNews.com/NP/Study.html", "http://www.NaturalNews.com/NP/activity.html", "http://www.NaturalNews.com/NP/risk.html", "http://astore.amazon.com/wsdm-20/detail/0262621045/105-4703199-0991601", "http://www.naturalnews.com/np/Choices_In_Healing.html", "http://astore.amazon.com/wsdm-20/detail/0262621045/105-4703199-0991601", "http://astore.amazon.com/wsdm-20/detail/1881025098/105-4703199-0991601", "http://www.naturalnews.com/np/The_Cancer_Industry.html", "http://astore.amazon.com/wsdm-20/detail/1881025098/105-4703199-0991601", "http://astore.amazon.com/wsdm-20/detail/1587611791/105-4703199-0991601", "http://www.naturalnews.com/np/Staying_Healthy_With_Nutrition.html", "http://astore.amazon.com/wsdm-20/detail/1587611791/105-4703199-0991601", "http://www.NaturalNews.com/NP/food.html", "http://astore.amazon.com/wsdm-20/detail/1579541240/105-4703199-0991601", "http://www.naturalnews.com/np/The_Green_Pharmacy.html", "http://astore.amazon.com/wsdm-20/detail/1579541240/105-4703199-0991601", "http://www.NaturalNews.com/NP/Medicine.html", "http://www.NaturalNews.com/NP/Herb.html", "http://www.NaturalNews.com/NP/medical.html", "http://www.NaturalNews.com/NP/cancer.html", "http://astore.amazon.com/wsdm-20/detail/0440236452/105-4703199-0991601", "http://www.naturalnews.com/np/Vitamin_And_Mineral_Encyclopedia.html", "http://astore.amazon.com/wsdm-20/detail/0440236452/105-4703199-0991601", "http://www.NaturalNews.com/NP/Research.html", "http://www.NaturalNews.com/NP/effect.html", "http://astore.amazon.com/wsdm-20/detail/0309033853/104-6745254-8710355", "http://www.naturalnews.com/np/Diet_Nutrition_Cancer.html", "http://astore.amazon.com/wsdm-20/detail/0309033853/104-6745254-8710355", "http://www.NaturalNews.com/NP/results.html", "http://www.NaturalNews.com/NP/studies.html", "http://www.NaturalNews.com/NP/chronic.html", "http://www.NaturalNews.com/NP/human.html", "http://astore.amazon.com/wsdm-20/detail/0743226607/104-6745254-8710355", "http://www.naturalnews.com/np/Earl_Mindells_Secret_Remedies.html", "http://astore.amazon.com/wsdm-20/detail/0743226607/104-6745254-8710355", "http://www.NaturalNews.com/NP/Immune.html", "http://www.NaturalNews.com/NP/women.html", "http://www.NaturalNews.com/NP/blood.html", "http://www.NaturalNews.com/NP/levels.html", "http://astore.amazon.com/wsdm-20/detail/0761534784/105-4703199-0991601", "http://www.naturalnews.com/np/The_Truth_About_Hormone_Replacement_Therapy.html", "http://astore.amazon.com/wsdm-20/detail/0761534784/105-4703199-0991601", "http://www.NaturalNews.com/NP/Acid.html", "http://www.NaturalNews.com/NP/people.html", "http://www.NaturalNews.com/NP/Eat.html", "http://www.NaturalNews.com/NP/health.html", "http://www.NaturalNews.com/NP/Body.html", "http://www.NaturalNews.com/NP/exercise.html", "http://www.NaturalNews.com/NP/water.html", "http://astore.amazon.com/wsdm-20/detail/0975599593/105-4703199-0991601", "http://www.naturalnews.com/np/Natures_Cures.html", "http://astore.amazon.com/wsdm-20/detail/0975599593/105-4703199-0991601", "http://astore.amazon.com/wsdm-20/detail/0440506123/105-4703199-0991601", "http://www.naturalnews.com/np/Complete_Guide_Health_Nutrition.html", "http://astore.amazon.com/wsdm-20/detail/0440506123/105-4703199-0991601", "http://www.NaturalNews.com/NP/Protein.html"], "authors": [], "publish_date": null}