{"result_id": "146001", "URL": "https://healingoracle.ch/category/pharmaceuticalindustry/vaccines/", "timestamp": "2023-04-25 15:26:04 CEST+0200", "meta": {"description": "", "lang": "en", "keywords": "", "favicon": "https://healingoracle.ch/wp-content/uploads/2018/04/cropped-Healing_Oracle_logo5-1-1-32x32.jpg", "canonical": "https://healingoracle.ch/category/pharmaceuticalindustry/vaccines/", "encoding": "UTF-8"}, "image": null, "domain": "healingoracle.ch", "title": "Vaccines Archives", "cleaned_text": "", "opengraph": {"locale": "en_GB", "type": "article", "title": "Vaccines Archives - Healing Oracle", "description": "Dwelving into the world of vaccines and the legislation behind it.", "url": "https://healingoracle.ch/category/pharmaceuticalindustry/vaccines/", "site_name": "Healing Oracle"}, "tags": [], "tweets": [], "movies": [], "links": [], "authors": [], "publish_date": null}