{"result_id": "149024", "URL": "https://healthnutnews.com/breaking-dr-mercola-deletes-every-article-25-yrs-worth-of-content-from-his-website-permanently/", "timestamp": "2023-04-25 15:28:03 CEST+0200", "meta": {"description": "", "lang": "en", "keywords": "", "favicon": "", "canonical": "https://healthnutnews.com/breaking-dr-mercola-deletes-every-article-25-yrs-worth-of-content-from-his-website-permanently/", "encoding": "UTF-8"}, "image": null, "domain": "healthnutnews.com", "title": "Breaking: Dr Mercola deleting every article (25 yrs worth of content) from his website, permanently!", "cleaned_text": "Hi there. It\u2019s Erin Elizabeth. I\u2019m here with a big announcement that Dr Mercola is deleting every article he\u2019s ever written from his website of over a quarter century.\n\nHe does say, as I mention in the video, that he will put some new articles up for only 48 hours, and then they will also be deleted permanently.\n\nSee below how threats many of the 12 of us have received, as well as the team at Mercola and Dr Mercola, are part of the reason for this drastic move.\n\nWatch the video. I\u2019ll update this article soon.", "opengraph": {"locale": "en_US", "type": "article", "title": "Breaking: Dr Mercola deleting every article (25 yrs worth of content) from his website, permanently!", "description": "Hi there. It\u2019s Erin Elizabeth. I\u2019m here with a big announcement that Dr Mercola is deleting every article he\u2019s ever written from his website of over a quarter century. He does say, as I mention in the video, that he will put some new articles up for only 48 hours, and then they will also \u2026", "url": "https://healthnutnews.com/breaking-dr-mercola-deletes-every-article-25-yrs-worth-of-content-from-his-website-permanently/", "article:publisher": "https://www.facebook.com/HealthNutNews/", "article:section": "Health", "article:published_time": "2021-08-04T02:24:13-05:00", "article:modified_time": "2021-08-08T07:58:24-05:00", "updated_time": "2021-08-08T07:58:24-05:00", "image": "https://healthnutnews.com/wp-content/uploads/2021/07/00mercola-superJumbo-683x1024.jpg", "image:secure_url": "https://healthnutnews.com/wp-content/uploads/2021/07/00mercola-superJumbo-683x1024.jpg", "image:width": "683", "image:height": "1024"}, "tags": ["Health"], "tweets": [], "movies": [{"embed_type": "iframe", "provider": "youtube", "width": "1080", "height": "608", "embed_code": "<iframe loading=\"lazy\" title=\"Breaking: Dr. Mercola is deleting every article on his website of 25 years. Forever. &#xFFFC;\" width=\"1080\" height=\"608\" src=\"https://www.youtube.com/embed/QAo6zxqOsUE?feature=oembed\" frameborder=\"0\" allow=\"accelerometer; autoplay; clipboard-write; encrypted-media; gyroscope; picture-in-picture\" allowfullscreen=\"\"/>", "src": "https://www.youtube.com/embed/QAo6zxqOsUE?feature=oembed"}], "links": ["tg://msg?text=Breaking%3A%20Dr%20Mercola%20deleting%20every%20article%20%2825%20yrs%20worth%20of%20content%29%20from%20his%20website%2C%20permanently%21 - https%3A%2F%2Fhealthnutnews.com%2Fbreaking-dr-mercola-deletes-every-article-25-yrs-worth-of-content-from-his-website-permanently%2F", "mailto:?subject=Breaking%3A%20Dr%20Mercola%20deleting%20every%20article%20%2825%20yrs%20worth%20of%20content%29%20from%20his%20website%2C%20permanently%21&body=https%3A%2F%2Fhealthnutnews.com%2Fbreaking-dr-mercola-deletes-every-article-25-yrs-worth-of-content-from-his-website-permanently%2F", "#"], "authors": [], "publish_date": "2021-08-04T02:24:13-05:00"}