{"result_id": "150004", "URL": "https://healthrangerreport.com/situation-update-june-9-2022-sudden-vaccines-deaths-are-now-so-common-theres-a-new-syndrome-name-for-it", "timestamp": "2023-04-25 15:28:33 CEST+0200", "meta": {"description": "0:00 Intro 5:20 Attempted Murder 8:05 Pro Abortion Terrorist 11:20 Oil Shortage 43:05 Main Story For more updates, visit:  NaturalNews videos would not be possible without you, as always we remain passionately dedicated to our mission of educating people all over the world on the subject of natural healing remedies and personal liberty (food freedom, medical freedom, the freedom of speech, etc.). Together, we\u2019re helping create a better world, with more honest food labeling, reduced chemical contamination, the avoidance of toxic heavy metals and vastly increased scientific transparency. \u25b6\ufe0f Every dollar you spend at the Health Ranger Store goes toward helping us achieve important science and content goals for humanity: https://www.healthrangerstore.com/ \u25b6\ufe0f Sign Up For Our Newsletter: https://www.naturalnews.com/Readerregistration.html \u25b6\ufe0f Brighteon: https://www.brighteon.com/channels/hrreport \u25b6\ufe0f Join Our Social Network: https://brighteon.social/@HealthRanger \u25b6\ufe0f Check In Stock Products at: https://PrepWithMike.com \ud83d\udd34 Brighteon.Social: https://brighteon.social/@HealthRanger \ud83d\udd34 Parler: https://parler.com/#/user/naturalnews \ud83d\udd34 Gettr: https://gettr.com/user/naturalnews \ud83d\udd34 Gab: https://gab.ai/NaturalNews \ud83d\udd34 Bitchute: https://www.bitchute.com/channel/naturalnews \ud83d\udd34 Rumble: https://rumble.com/c/HealthRangerReport \ud83d\udd34 Mewe: https://mewe.com/i/health.ranger \ud83d\udd34 Spreely: https://www.spreely.com/page/NaturalNews \ud83d\udd34 PureSocialNetwork: https://puresocialnetwork.com/profile/?NaturalNews/ \ud83d\udd34 Pinterest: https://www.pinterest.com/realhealthrangerstore/", "lang": "en", "keywords": "", "favicon": "", "canonical": "https://healthrangerreport.com/situation-update-june-9-2022-sudden-vaccines-deaths-are-now-so-common-theres-a-new-syndrome-name-for-it", "encoding": "utf-8"}, "image": null, "domain": "healthrangerreport.com", "title": "The Health Ranger Report: Situation Update, June 9, 2022 - Sudden vaccine deaths are now so common there's a new SYNDROME name for it", "cleaned_text": "NaturalNews videos would not be possible without you, as always we remain passionately dedicated to our mission of educating people all over the world on the subject of natural healing remedies and personal liberty (food freedom, medical freedom, the freedom of speech, etc.). Together, we\u2019re helping create a better world, with more honest food labeling, reduced chemical contamination, the avoidance of toxic heavy metals and vastly increased scientific transparency.\n\n\u25b6\ufe0f Every dollar you spend at the Health Ranger Store goes toward helping us achieve important science and content goals for humanity: https://www.healthrangerstore.com/\n\n \u25b6\ufe0f Sign Up For Our Newsletter: https://www.naturalnews.com/Readerregistration.html\n\n \u25b6\ufe0f Brighteon: https://www.brighteon.com/channels/hrreport\n\n \u25b6\ufe0f Join Our Social Network: https://brighteon.social/@HealthRanger\n\n \u25b6\ufe0f Check In Stock Products at: https://PrepWithMike.com", "opengraph": {"url": "https://healthrangerreport.com/situation-update-june-9-2022-sudden-vaccines-deaths-are-now-so-common-theres-a-new-syndrome-name-for-it", "title": "The Health Ranger Report: Situation Update, June 9, 2022 - Sudden vaccine deaths are now so common there's a new SYNDROME name for it", "description": "0:00 Intro 5:20 Attempted Murder 8:05 Pro Abortion Terrorist 11:20 Oil Shortage 43:05 Main Story For more updates, visit:  NaturalNews videos would not be possible without you, as always we remain passionately dedicated to our mission of educating people all over the world on the subject of natural healing remedies and personal liberty (food freedom, medical freedom, the freedom of speech, etc.). Together, we\u2019re helping create a better world, with more honest food labeling, reduced chemical contamination, the avoidance of toxic heavy metals and vastly increased scientific transparency. \u25b6\ufe0f Every dollar you spend at the Health Ranger Store goes toward helping us achieve important science and content goals for humanity: https://www.healthrangerstore.com/ \u25b6\ufe0f Sign Up For Our Newsletter: https://www.naturalnews.com/Readerregistration.html \u25b6\ufe0f Brighteon: https://www.brighteon.com/channels/hrreport \u25b6\ufe0f Join Our Social Network: https://brighteon.social/@HealthRanger \u25b6\ufe0f Check In Stock Products at: https://PrepWithMike.com \ud83d\udd34 Brighteon.Social: https://brighteon.social/@HealthRanger \ud83d\udd34 Parler: https://parler.com/#/user/naturalnews \ud83d\udd34 Gettr: https://gettr.com/user/naturalnews \ud83d\udd34 Gab: https://gab.ai/NaturalNews \ud83d\udd34 Bitchute: https://www.bitchute.com/channel/naturalnews \ud83d\udd34 Rumble: https://rumble.com/c/HealthRangerReport \ud83d\udd34 Mewe: https://mewe.com/i/health.ranger \ud83d\udd34 Spreely: https://www.spreely.com/page/NaturalNews \ud83d\udd34 PureSocialNetwork: https://puresocialnetwork.com/profile/?NaturalNews/ \ud83d\udd34 Pinterest: https://www.pinterest.com/realhealthrangerstore/ ", "image": "http://assets.libsyn.com/show/74593?height=250&width=250&overlay=true", "image:width": "250", "image:height": "250"}, "tags": [], "tweets": [], "movies": [], "links": ["http://www.brighteon.com/channel/hrreport"], "authors": [], "publish_date": null}