{"result_id": "155007", "URL": "https://www.savethemales.ca/000294.html", "timestamp": "2023-04-25 15:30:31 CEST+0200", "meta": {"description": "Henry Makow's official web \nsite. Exposing Feminism and the New World Order", "lang": "en", "keywords": "", "favicon": "/save.ico", "canonical": "https://www.henrymakow.com/", "encoding": "utf-8"}, "image": null, "domain": "www.savethemales.ca", "title": "In \"Rothschilds Conduct Red Symphony\"", "cleaned_text": "In \"Rothschilds Conduct Red Symphony\" I introduced a document that nails the Illuminati conspiracy. It is the transcript of a police interrogation in 1938 of C.G. Rakowsky, a member of the Communist International.\n\nGo to: as image, or two part pdf:", "opengraph": {"image": "https://henrymakow.com/ads/hm.png", "image:width": "200", "image:height": "200", "site_name": "HenryMakow.com", "url": "https://henrymakow.com/000294.html", "title": "In \"Rothschilds Conduct Red Symphony\"", "description": "In "}, "tags": [], "tweets": [], "movies": [], "links": [], "authors": [], "publish_date": null}