{"result_id": "160021", "URL": "https://homevaccineeducationnetwork.com/", "timestamp": "2023-04-25 15:32:22 CEST+0200", "meta": {"description": "science and analysis of vaccine safety and effectiveness", "lang": "en", "keywords": "vaccine science, vaccine education, vaccine safety", "favicon": "", "canonical": "https://homevaccineeducationnetwork.com/", "encoding": "utf-8"}, "image": null, "domain": "homevaccineeducationnetwork.com", "title": "Home Vaccine Education Network", "cleaned_text": "", "opengraph": {"image": "https://storage.googleapis.com/wzsitethumbnails/site-49637919/800x500.jpg", "image:width": "800", "image:height": "500"}, "tags": [], "tweets": [], "movies": [], "links": [], "authors": [], "publish_date": null}