{"result_id": "161020", "URL": "https://humansarefree.com/2016/05/bill-gates-polio-vaccine-program-caused.html", "timestamp": "2023-04-25 15:32:54 CEST+0200", "meta": {"description": "Watch Billy Boy Stating That an 'Intentionally Caused Epidemic is the Most Likely Thing to Cause 10 Million Excess Deaths'", "lang": "en", "keywords": "", "favicon": "/apple-icon-57x57.png", "canonical": "https://humansbefree.com/2021/05/bill-gates-intentionally-caused-epidemic-to-cause-10-million-excess-deaths.html", "encoding": "UTF-8"}, "image": null, "domain": "humansarefree.com", "title": "Watch Billy Boy Stating That an 'Intentionally Caused Epidemic is the Most Likely Thing to Cause 10 Million Excess Deaths'", "cleaned_text": "I don\u2019t know about you, but I find Billy Boy to be one of the weirdest, most ghoulish people out there. Billy Boy is not a doctor, or a scientist, or a politician.\n\nYes, I am sure you already know this, but in this day and age, where he\u2019s treated like all of the above, it\u2019s worth repeating.\n\nGates is a really, really rich nerd who makes computer software, and mosquito nets, yet somehow he\u2019s been hailed a \u201cscientific doctor politician\u201d who has an awful lot to say about our nation\u2019s health and politics.\n\nIt seems like whenever there\u2019s a discussion on COVID and jjabs and how to properly handle this \u201cpandemic,\u201d Mr. Gates is in the middle of that convo.\n\nMany people find this to be disturbing, especially since Gates is infamous for his \u201cpopulation control\u201d stance.\n\nSure, there can be a legit debate about controlling exploding populations in certain areas of the world where they can\u2019t sustain a certain quality of human life, but when that conversation is presented by a guy who is pushing jjabs, it can understandably creep people out.\n\nAnd further to that \u201cpopulation control\u201d point, it doesn\u2019t help Mr. Gates much when video clips like this surface.\n\nRight now, we\u2019re in the midst of a \u201cpandemic\u201d that many experts believe originated in a lab, and some even think it could have been purposely released as a \u201cbio-weapon.\u201d\n\nEx-Pfizer VP Says Experimental MRNA Vaccines Could Be \u2018Used For Massive-Scale Depopulation\u2019.\n\nOf course, fact-checkers will say that\u2019s not true, but people can believe whatever the hell they want because this is America.\n\nOn the flip side, other experts claim it\u2019s not a \u201cman-made\u201d virus and it originated in a \u201cwet market\u2019 and came to us from animals.\n\nAgain, nobody knows for sure \u2013 not even the so-called \u201cexperts.\u201d\n\nWe may never know what really happened with COVID-19, but watch this video clip, and you\u2019ll discover that Mr. Gates certainly thinks viruses being released on purpose is a \u201cthing.\u201d\n\n\u201cAn epidemic, either naturally caused or intentionally caused, is the most likely thing to cause, say, 10 million excess deaths.\u201d \u2013 Billy Boy, 2017\n\nAgain, creepy\u2026 You can watch the video below:\n\nBilly Boy comes off as this really eccentric Napoleon-like character, with more money than God and he\u2019s got his nose into all sorts of viruses and jjabs. It\u2019s bizarre and troublesome.\n\nAnd far too many people have given him a free pass to play \u201cresearch scientist\u201d and \u201cdoctor\u201d when in fact, he\u2019s neither.\n\nI think it\u2019s time for Bill to retire from the public eye and go be a recluse on some remote island.\n\nI hear Epstein\u2019s island is available. That sounds like a good place for him to retire.\n\nIf he wants to create jjabs, he can do it for himself and his family and leave the rest of us alone.", "opengraph": {"url": "https://humansbefree.com/2021/05/bill-gates-intentionally-caused-epidemic-to-cause-10-million-excess-deaths.html", "site_name": "Humans Be Free", "locale": "en_US", "type": "article", "article:author": "https://www.facebook.com/PositiveNewBeginning/", "article:publisher": "https://www.facebook.com/PositiveNewBeginning/", "article:section": "Billy Boy", "title": "Watch Billy Boy Stating That an 'Intentionally Caused Epidemic is the Most Likely Thing to Cause 10 Million Excess Deaths'", "description": "Watch Billy Boy Stating That an 'Intentionally Caused Epidemic is the Most Likely Thing to Cause 10 Million Excess Deaths'", "image": "https://humansbefree.com/wp-content/uploads/2021/05/Watch-Bill-Gates-Stating-That-an-Intentionally-Caused-Epidemic-is-the-Most-Likely-Thing-to-Cause-10-Million-Excess-Deaths-e1619970488165.jpeg", "image:secure_url": "https://humansbefree.com/wp-content/uploads/2021/05/Watch-Bill-Gates-Stating-That-an-Intentionally-Caused-Epidemic-is-the-Most-Likely-Thing-to-Cause-10-Million-Excess-Deaths-e1619970488165.jpeg", "image:width": "907", "image:height": "510", "image:alt": "watch bill gates stating that an 'intentionally caused epidemic is the most likely thing to cause 10 million excess deaths'"}, "tags": [], "tweets": ["<blockquote class=\"twitter-tweet\" data-width=\"550\" data-dnt=\"true\">\n<p lang=\"en\" dir=\"ltr\">This ghoul just spilled the beans</p>\n<p>\"intentionally caused epidemic\u2026\" <a href=\"https://t.co/Nd4w57P9gE\">pic.twitter.com/Nd4w57P9gE</a></p>\n<p>\u2014 Amy (@RestingTwitFace) <a href=\"https://twitter.com/RestingTwitFace/status/1366017522508718084?ref_src=twsrc%5Etfw\">February 28, 2021</a></p></blockquote>\n"], "movies": [], "links": ["https://humansarefree.com/2021/04/bill-gates-admits-to-human-depopulation-program.html", "https://humansarefree.com/2020/04/who-the-hell-is-bill-gates-and-who-gave-him-so-much-power-over-the-people.html", "https://humansarefree.com/2021/04/bill-gates-admits-to-human-depopulation-program.html", "https://humansarefree.com/2020/01/bill-gates-world-economic-forum-ran-coronavirus-outbreak-simulation-just-6-weeks-before-the-real-outbreak.html", "https://humansarefree.com/2021/04/fauci-funded-gain-of-function-research-at-wuhan-lab.html", "https://humansarefree.com/?s=Covid-19+bio+weapon", "https://humansarefree.com/2021/04/ex-pfizer-vp-covid-19-jjabs-massive-scale-depopulation.html", "https://humansarefree.com/category/coronavirus", "https://t.co/Nd4w57P9gE", "https://twitter.com/RestingTwitFace/status/1366017522508718084?ref_src=twsrc%5Etfw", "https://humansarefree.com/2021/04/bill-gates-admits-to-human-depopulation-program.html", "https://humansarefree.com/2021/03/bill-gates-has-his-own-jeffrey-epstein-problem.html", "https://www.peoplealwayswin.com/2021/04/25/video-this-creepy-17-second-clip-of-bill-gates-stuns-everyone/"], "authors": ["HAF"], "publish_date": "2021-05-02T18:00:47"}