{"result_id": "162030", "URL": "https://staging.icandecide.org/article_tax/document/", "timestamp": "2023-04-25 15:34:07 CEST+0200", "meta": {"description": "", "lang": "en", "keywords": "", "favicon": "https://staging.icandecide.org/wp-content/uploads/2022/10/cropped-favicon-32x32.png", "canonical": "https://staging.icandecide.org/article_tax/document/", "encoding": "UTF-8"}, "image": null, "domain": "staging.icandecide.org", "title": "Document Archives", "cleaned_text": "Measles, Mumps and Rubella Vaccine (MMR) What Is MMR? July 2018 MMR is the vaccine against measles, mumps and Rubella (MMR). Those who are vaccinated have [...]", "opengraph": {"locale": "en_US", "type": "article", "title": "Document Archives - ICAN - Informed Consent Action Network", "url": "https://staging.icandecide.org/article_tax/document/", "site_name": "ICAN - Informed Consent Action Network"}, "tags": [], "tweets": [], "movies": [], "links": [], "authors": [], "publish_date": null}