{"result_id": "163031", "URL": "https://www.ihealthtube.com/video/are-these-causing-permanent-damage-babies", "timestamp": "2023-04-25 15:34:50 CEST+0200", "meta": {"description": "Get the latest updates at http://www.ihealthtube.com/content/newsletter Help support us at http://www.patreon.com/ihealthtube Does the amount of vaccines recommended for kids today concern you? Dr. Edward Group discusses this and what that schedule does inside a person's body. Find out the many ways he says vaccines can damage a person, including newborns!", "lang": "en", "keywords": "", "favicon": "https://www.ihealthtube.com/sites/default/files/ihealthtube_logo_1.png", "canonical": "https://www.ihealthtube.com/video/are-these-causing-permanent-damage-babies", "encoding": "utf-8"}, "image": null, "domain": "www.ihealthtube.com", "title": "Are These Causing Permanent Damage to Babies?!", "cleaned_text": "Get the latest updates at http://www.ihealthtube.com/content/newsletter\n\nHelp support us at http://www.patreon.com/ihealthtube\n\nDoes the amount of vaccines recommended for kids today concern you? Dr. Edward Group discusses this and what that schedule does inside a person's body. Find out the many ways he says vaccines can damage a person, including newborns!", "opengraph": {"site_name": "iHealthTube.com", "type": "article", "url": "https://www.ihealthtube.com/video/are-these-causing-permanent-damage-babies", "title": "Are These Causing Permanent Damage to Babies?!", "description": "Get the latest updates at http://www.ihealthtube.com/content/newsletter Help support us at http://www.patreon.com/ihealthtube Does the amount of vaccines recommended for kids today concern you? Dr. Edward Group discusses this and what that schedule does inside a person's body. Find out the many ways he says vaccines can damage a person, including newborns!", "updated_time": "2023-03-27T17:00:01-05:00", "image:url": "https://i.ytimg.com/vi/YLBoiHOzFWE/hqdefault.jpg", "image:secure_url": "https://i.ytimg.com/vi/YLBoiHOzFWE/hqdefault.jpg", "article:published_time": "2017-10-28T04:30:01-05:00", "article:modified_time": "2023-03-27T17:00:01-05:00"}, "tags": ["babies", "immune", "flu", "preservatives", "injection", "vaccines", "toxin", "flu shot", "contaminants"], "tweets": [], "movies": [], "links": ["http://www.ihealthtube.com/content/newsletter", "http://www.patreon.com/ihealthtube"], "authors": [], "publish_date": "2017-10-28T04:30:01-05:00"}