{"result_id": "163027", "URL": "https://www.ihealthtube.com/video/your-doctor-profiting-kids-vaccines", "timestamp": "2023-04-25 15:34:49 CEST+0200", "meta": {"description": "Stay connected with our FREE email newsletter! http://buff.ly/2iICMf1 Is your pediatrician working on a vaccine commission? Dr. Anthony DeMaria discusses recent research that should have you asking questions about the vaccine program in this country! Find out what he tells patients and what he's seen and researched when it comes to vaccines, including flu shots!", "lang": "en", "keywords": "", "favicon": "https://www.ihealthtube.com/sites/default/files/ihealthtube_logo_1.png", "canonical": "https://www.ihealthtube.com/video/your-doctor-profiting-kids-vaccines", "encoding": "utf-8"}, "image": null, "domain": "www.ihealthtube.com", "title": "Is Your Doctor Profiting Off Kids' Vaccines!?", "cleaned_text": "Is your pediatrician working on a vaccine commission? Dr. Anthony DeMaria discusses recent research that should have you asking questions about the vaccine program in this country! Find out what he tells patients and what he's seen and researched when it comes to vaccines, including flu shots!", "opengraph": {"site_name": "iHealthTube.com", "type": "article", "url": "https://www.ihealthtube.com/video/your-doctor-profiting-kids-vaccines", "title": "Is Your Doctor Profiting Off Kids' Vaccines!?", "description": "Stay connected with our FREE email newsletter! http://buff.ly/2iICMf1 Is your pediatrician working on a vaccine commission? Dr. Anthony DeMaria discusses recent research that should have you asking questions about the vaccine program in this country! Find out what he tells patients and what he's seen and researched when it comes to vaccines, including flu shots!", "updated_time": "2023-03-26T11:00:01-05:00", "image:url": "https://i.ytimg.com/vi/BH8bBacl-8k/hqdefault.jpg", "image:secure_url": "https://i.ytimg.com/vi/BH8bBacl-8k/hqdefault.jpg", "article:published_time": "2017-01-20T03:56:20-06:00", "article:modified_time": "2023-03-26T11:00:01-05:00"}, "tags": ["information", "money", "health", "profit", "insurance", "children", "vaccine", "pediatrician", "vaccines", "vitamin d", "children's health", "flu shot"], "tweets": [], "movies": [], "links": ["http://buff.ly/2iICMf1"], "authors": [], "publish_date": "2017-01-20T03:56:20-06:00"}