{"result_id": "167009", "URL": "https://infiniteunknown.net/category/global-news/", "timestamp": "2023-04-25 15:37:19 CEST+0200", "meta": {"description": "", "lang": "en", "keywords": "", "favicon": "", "canonical": "https://infiniteunknown.net/category/global-news/", "encoding": "UTF-8"}, "image": null, "domain": "infiniteunknown.net", "title": "Global News \u2013 Infinite Unknown", "cleaned_text": "Last week, an internal memo from Walt Disney warned about the second round of layoffs that would impact thousands of positions across their TV, film, and theme park divisions, along with corporate groups in every area. A Bloomberg article now confirms that the second phase of job cuts begins today.\n\nThe second phase of the three-round job cut lasts until Thursday and is expected to eliminate 4,000 workers from its entertainment unit, theme parks, and experiences and product divisions.\n\nCuts are coming to all of the company\u2019s divisions, stretching from the company headquarters in Burbank, California, to Connecticut, where its ESPN sports networks are based. Hourly workers at the theme parks will not be affected, the company said. \u2013Bloomberg\n\nDisney announced in February it planned to eliminate 7,000 positions from its 220,000 workforces, a move to save $5.5 billion per year.", "opengraph": {}, "tags": ["Gardening", "Agriculture"], "tweets": [], "movies": [], "links": ["https://www.zerohedge.com/markets/disney-meta-prepare-eliminate-thousands-jobs"], "authors": ["Infinite"], "publish_date": "2023-04-24T23:31:35-08:00"}