{"result_id": "168041", "URL": "http://www.informationclearinghouse.info/56782.htm", "timestamp": "2023-04-25 15:38:54 CEST+0200", "meta": {"description": "", "lang": "en", "keywords": "", "favicon": "http://www.informationclearinghouse.info/favicon.ico", "canonical": "http://www.informationclearinghouse.info/56782.htm", "encoding": "windows-1252"}, "image": null, "domain": "www.informationclearinghouse.info", "title": "Understanding Anti-Vaxxer Suspicion of Government Mandates & Corporations : Opinion:", "cleaned_text": "Purpose and Intent of this website: By Richard D Wolff\n\n \n\n Professor wolf breaks down why many in the United States distrust government mandates & the long history of private, medical capitalism influencing our public health. No Advertising - No Government Grants - This Is Independent Media Registration is necessary to post comments. We ask only that you do not use obscene or offensive language. Please be respectful of others. The views expressed in this article are solely those of the author and do not necessarily reflect the opinions of Information Clearing House. Your support has kept ICH free on the Web since 2002. Translation may take a moment to load.", "opengraph": {}, "tags": [], "tweets": [], "movies": [{"embed_type": "iframe", "provider": "youtube", "width": "690", "height": "422", "embed_code": "<iframe width=\"690\" height=\"422\" src=\"https://www.youtube.com/embed/kfdzT8VN7vY\" title=\"YouTube video player\" frameborder=\"0\" allow=\"accelerometer; autoplay; clipboard-write; encrypted-media; gyroscope; picture-in-picture\" allowfullscreen=\"\"/>", "src": "https://www.youtube.com/embed/kfdzT8VN7vY"}], "links": ["http://www.informationclearinghouse.info/", "https://cse.google.com/cse/publicurl?cx=010732926337524982427:va4-o-6opiq", "http://www.printfriendly.com", "http://www.informationclearinghouse.info/intent.htm", "https://youtu.be/kfdzT8VN7vY", "https://visitor.r20.constantcontact.com/d.jsp?llr=iqnuv6bab&p=oi&m=1101581137416&sit=mr9dynfcb&f=efc6d103-17c3-4940-b941-50c610e89267", "http://www.informationclearinghouse.info/support.htm", "http://www.microsofttranslator.com/bv.aspx?from=&to=es&a=http://www.informationclearinghouse.info/", "http://www.microsofttranslator.com/bv.aspx?from=&to=de&a=http%3A%2F%2Fwww.informationclearinghouse.info%2F", "http://www.microsofttranslator.com/bv.aspx?from=&to=nl&a=http%3A%2F%2Fwww.informationclearinghouse.info%2F", "http://www.microsofttranslator.com/bv.aspx?from=&to=da&a=http%3A%2F%2Fwww.informationclearinghouse.info%2F", "http://www.microsofttranslator.com/bv.aspx?from=en&to=fr&a=http%3A%2F%2Fwww.informationclearinghouse.info%2F"], "authors": [], "publish_date": null}