{"result_id": "168016", "URL": "http://www.informationclearinghouse.info/55058.htm", "timestamp": "2023-04-25 15:38:44 CEST+0200", "meta": {"description": "Supporting a law that forces Americans to relinquish control of their bodies to a corporate/state behemoth is an odd posture for liberals,", "lang": "en", "keywords": "", "favicon": "http://www.informationclearinghouse.info/favicon.ico", "canonical": "http://www.informationclearinghouse.info/55058.htm", "encoding": "windows-1252"}, "image": null, "domain": "www.informationclearinghouse.info", "title": "Opinion - Vaccines and the Liberal Mind", "cleaned_text": "The views expressed in this article are solely those of the author and do not necessarily reflect the opinions of Information Clearing House.", "opengraph": {}, "tags": [], "tweets": [], "movies": [], "links": [], "authors": [], "publish_date": null}