{"result_id": "169017", "URL": "https://www.infowars.com/posts/kirsch-celine-dion-was-disabled-from-a-known-side-effect-of-the-covid-vaccine-99-6-certainty/", "timestamp": "2023-04-25 15:39:02 CEST+0200", "meta": {"description": "Infowars: There's a War on for your Mind!", "lang": "en", "keywords": "", "favicon": "/favicon.ico", "canonical": "https://www.infowars.com/posts/kirsch-celine-dion-was-disabled-from-a-known-side-effect-of-the-covid-vaccine-99-6-certainty/", "encoding": "utf-8"}, "image": null, "domain": "www.infowars.com", "title": "Infowars Article", "cleaned_text": "", "opengraph": {"locale": "en_US", "url": "https://www.infowars.com/posts/", "type": "article", "article:published_time": "1680717511391", "article:author": "https://www.infowars.com/author/0", "title": "Infowars Article", "description": "Infowars: There's a War on for your Mind!", "image": "https://images.infowarsmedia.com/images/5f15b0fa677a7f01e92cd143", "image:alt": "Infowars Article", "site_name": "Infowars"}, "tags": [], "tweets": [], "movies": [], "links": [], "authors": [], "publish_date": "1680717511391"}