{"result_id": "169040", "URL": "https://www.infowars.com/posts/american-farmers-to-begin-injecting-livestock-with-mrna-shots-this-month/", "timestamp": "2023-04-25 15:39:24 CEST+0200", "meta": {"description": "There are no laws requiring informed consent for vaccine food.", "lang": "en", "keywords": "", "favicon": "/favicon.ico", "canonical": "https://www.infowars.com/posts/american-farmers-to-begin-injecting-livestock-with-mrna-shots-this-month/", "encoding": "utf-8"}, "image": null, "domain": "www.infowars.com", "title": "American Farmers To Begin Injecting Livestock With mRNA Shots This Month", "cleaned_text": "The unvaccinated have managed to evade the experimental mRNA technology deployed in Big Pharma\u2019s COVID vaccines.\n\nBut not for long, because very soon mRNA will be injected into your food.\n\nDon\u2019t miss this important report breaking down how fatal COVID shots were disproportionately sent to red states, further suggesting the establishment knew the shots were harmful and wanted to target conservatives:", "opengraph": {"locale": "en_US", "url": "https://www.infowars.com/posts/american-farmers-to-begin-injecting-livestock-with-mrna-shots-this-month", "type": "article", "article:published_time": "2023-04-05T11:10:46", "article:author": "https://www.infowars.com/author/8", "title": "American Farmers To Begin Injecting Livestock With mRNA Shots This Month", "description": "There are no laws requiring informed consent for vaccine food.", "image": "https://api-assets.infowars.com/2023/04/dsflweughlqeuyglh.jpg", "image:alt": "American Farmers To Begin Injecting Livestock With mRNA Shots This Month", "site_name": "Infowars"}, "tags": [], "tweets": [], "movies": [], "links": ["https://www.infowarsstore.com/preparedness/emergency-survival-foods?ims=thrxa&utm_campaign=restocksurvival&utm_source=Infowars+Billboard&utm_medium=banner&utm_content=restocksurvivalbillboard"], "authors": [], "publish_date": "2023-04-05T11:10:46"}