{"result_id": "170021", "URL": "https://ingredients.news/author/sdwells", "timestamp": "2023-04-25 15:39:41 CEST+0200", "meta": {"description": "Ingredients News | Ingredients News \u2013 Ingredients Information", "lang": "en", "keywords": "ingredients, food safety, toxic, health", "favicon": "wp-content/themes/NTTheme/images/Newstarget-fav.png", "canonical": "https://ingredients.news/author/sdwells", "encoding": "UTF-8"}, "image": null, "domain": "ingredients.news", "title": "\u2013 Ingredients Information", "cleaned_text": "Get independent news alerts on natural cures, food lab tests, cannabis medicine, science, robotics, drones, privacy and more.", "opengraph": {"title": "Ingredients News | Ingredients News \u2013 Ingredients Information", "type": "website", "url": "https://www.ingredients.news/author/sdwells", "site_name": "Ingredients News", "description": "Ingredients News | Ingredients News \u2013 Ingredients Information", "image": "https://www.ingredients.news/images/SocialImage.jpg"}, "tags": [], "tweets": [], "movies": [], "links": ["/privacypolicy"], "authors": [], "publish_date": null}