{"result_id": "174023", "URL": "https://www.investmentwatchblog.com/vaccine-bailout/", "timestamp": "2023-04-25 15:41:35 CEST+0200", "meta": {"description": "", "lang": "en", "keywords": "", "favicon": "https://www.investmentwatchblog.com/wp-content/uploads/2023/02/logo81-150x130.jpg", "canonical": "https://www.investmentwatchblog.com/vaccine-bailout/", "encoding": "UTF-8"}, "image": null, "domain": "www.investmentwatchblog.com", "title": "Vaccine bailout&#8230;", "cleaned_text": "The Biden administration is trying to bailout Moderna with your taxpayer dollars. pic.twitter.com/m576pj9LWl\n\nPfizer CEO Albert Bourla in Nov 2020: \u201cIf you don\u2019t vaccinate, you\u2019re becoming the weak link that will help this deadly virus replicate\u201d pic.twitter.com/07ISWeJqDn", "opengraph": {"type": "article", "title": "Vaccine bailout&#8230;"}, "tags": ["vaccine", "bailout"], "tweets": [], "movies": [], "links": ["https://t.co/07ISWeJqDn", "https://twitter.com/TheChiefNerd/status/1638678362322350080?ref_src=twsrc%5Etfw"], "authors": ["IWB"], "publish_date": "2023-03-23T19:16:32-04:00"}