{"result_id": "183009", "URL": "https://www.larouchepac.com/war_with_russia_don_t_be_fooled", "timestamp": "2023-04-25 16:10:03 CEST+0200", "meta": {"description": "", "lang": "en", "keywords": "", "favicon": "https://assets.nationbuilder.com/larouchepac/sites/1030/favicon_images/original/favicon.png?1612211172", "canonical": "https://www.larouchepac.com/war_with_russia_don_t_be_fooled", "encoding": "utf-8"}, "image": null, "domain": "www.larouchepac.com", "title": "War with Russia? Don't Be Fooled", "cleaned_text": "Every Republican Senator except for Rand Paul, is apparently stupid enough to think that pushing for an unnecessary (and disastrous) war with Russia--is a darned clever way to win support away from the senile Biden and the Democratic Party. If they believe that, they are indeed \u201cchildren,\u201d as Tucker Carlson said recently.\n\nBehind that miscalculation, lies another. These RINOs are despised by the base for undercutting President Trump and selling out the nation. How will they wrest control of the Republican Party away from Donald Trump, whose signature foreign policy was to end perpetual wars? How about a national war-fever\u2014or even a little war (they hope it will be little)?\n\nWhat these myopic fools refuse to face is that war, or the immediate threat of war, is the perfect excuse to implement a new form of top-down regimentation and control to replace mandates, lockdowns, and vaccine passes. The extraordinary powers that the \u201csecret government\u201d gained from the \u201cWar on Terror\u201d are still there. What better means to extend them further into full fascist dictatorship, than the threat of war with Russia?\n\nWe are heading into a critical phase in our fight to win back the control of the country, a fight which was crippled by the \u201cRussia, Russia, Russia\u201d hoax against President Trump, and the stolen election of 2020.", "opengraph": {"title": "War with Russia? Don't Be Fooled", "url": "https://www.larouchepac.com/war_with_russia_don_t_be_fooled", "description": "Every Republican Senator except for Rand Paul, is apparently stupid enough to think that pushing for an unnecessary (and disastrous) war with Russia--is a darned clever way to win support away from the senile Biden and the Democratic Party. If they believe that, they are indeed \u201cchildren,\u201d as Tucker Carlson said recently.\r\n\r\nBehind that miscalculation, lies another. These RINOs are despised by the base for undercutting President Trump and selling out the nation. How will they wrest control of the Republican Party away from Donald Trump, whose signature foreign policy was to end perpetual wars? How about a national war-fever\u2014or even a little war (they hope it will be little)?\r\n\r\nWhat these myopic fools refuse to face is that war, or the immediate threat of war, is the perfect excuse to implement a new form of top-down regimentation and control to replace mandates, lockdowns, and vaccine passes. The extraordinary powers that the \u201csecret government\u201d gained from the \u201cWar on Terror\u201d are still there. What better means to extend them further into full fascist dictatorship, than the threat of war with Russia?\r\n\r\nWe are heading into a critical phase in our fight to win back the control of the country, a fight which was crippled by the \u201cRussia, Russia, Russia\u201d hoax against President Trump, and the stolen election of 2020.", "type": "article", "image": "https://assets.nationbuilder.com/larouchepac/pages/6731/meta_images/original/Monday_Strategic_Overview.jpeg?1639524153", "site_name": "LaRouchePAC"}, "tags": ["3.Category-USA", "3.Category-Oligarchy"], "tweets": [], "movies": [], "links": [], "authors": [], "publish_date": null}