{"result_id": "186030", "URL": "https://lesmoutonsrebelles.com/pr-peyromaure-de-lhopital-cochin-a-paris-des-millions-de-francais-ont-ete-vaccines-pour-rien/", "timestamp": "2023-04-25 16:13:50 CEST+0200", "meta": {"description": "", "lang": "fr", "keywords": "", "favicon": "/wp-content/uploads/fbrfg/apple-touch-icon.png", "canonical": "https://lesmoutonsrebelles.com/pr-peyromaure-de-lhopital-cochin-a-paris-des-millions-de-francais-ont-ete-vaccines-pour-rien/", "encoding": "UTF-8"}, "image": null, "domain": "lesmoutonsrebelles.com", "title": "Pr Peyromaure de l\u2019h\u00f4pital Cochin \u00e0 Paris : \u00ab Des millions de Fran\u00e7ais ont \u00e9t\u00e9 vaccin\u00e9s pour rien !", "cleaned_text": "Dans cette vid\u00e9o (voir ci-dessous), le Pr Micha\u00ebl Peyromaure, chef du service d\u2019urologie de l\u2019h\u00f4pital Cochin \u00e0 Paris et auteur de \u00ab H\u00f4pital, ce qu\u2019on ne vous a jamais dit \u00bb aux \u00e9ditions Albin Michel, r\u00e9pondait \u00e0 Sonia Mabrouk. Les questions portaient sur l\u2019\u00e9tat de l\u2019h\u00f4pital, le risque de saturation des h\u00f4pitaux, l\u2019obligation vaccinale d\u00e9guis\u00e9e, le passe sanitaire ou passe vaccinal, le variant Omicron et la vaccination des enfants de 5 \u00e0 11 ans.\n\n\u00ab Moi, je consid\u00e8re que le passe sanitaire sur le plan fondamental est une esp\u00e8ce de discrimination, c\u2019est-\u00e0-dire qu\u2019on autorise certaines personnes \u00e0 avoir recours \u00e0 certaines activit\u00e9s sur un crit\u00e8re m\u00e9dical. Le principe me heurte et \u00e7a devrait \u00eatre une mesure d\u2019exception, or on constate que \u00e7a va durer. A titre personnel je ne suis pas tr\u00e8s favorable au passe sanitaire. \u00bb\n\nLoin de la langue de bois, le Pr Peyromaure assure dans des propos explosifs que \u00ab le reproche qu\u2019on peut faire au passe sanitaire et donc bient\u00f4t au passe vaccinal, c\u2019est qu\u2019il y a des millions de gens qui se sont fait vacciner pour rien parce qu\u2019ils ne sont pas \u00e0 risque. Tous les jeunes, par exemple, tous les gens qui ont 40-50 ans. [\u2026] il aurait fallu cibler les gens \u00e0 risque et laisser le virus circuler chez tous les autres. \u00bb\n\nA la question les non-vaccin\u00e9s sont-ils responsables de l\u2019engorgement des h\u00f4pitaux, sa r\u00e9ponse est \u00ab Non je crois qu\u2019il faut attribuer le d\u00e9litement de l\u2019h\u00f4pital \u00e0 tous nos politiques \u00e0 tous nos gouvernants successifs de droite de gauche et du centre qui n\u2019ont rien fait pour sauver cette institution [\u2026] toutes les mesures qui ont \u00e9t\u00e9 prises ces derni\u00e8res ann\u00e9es pour l\u2019h\u00f4pital sont all\u00e9es dans le m\u00eame sens, c\u2019est-\u00e0-dire une gestion tr\u00e8s comptable, tr\u00e8s rigide. Le pouvoir a impos\u00e9 \u00e0 l\u2019administration la mise au pas des soignants, la mise \u00e0 l\u2019\u00e9cart de notre mission de soins. \u00bb\n\nLe professeur pointe l\u2019\u00e9tat de son service et ses cons\u00e9quences catastrophiques : \u00ab Notre service d\u2019urologie \u00e0 l\u2019h\u00f4pital Cochin a toujours 50 % de ses salles d\u2019op\u00e9ration ferm\u00e9es, faute d\u2019infirmi\u00e8res de bloc, ce qui est tout \u00e0 fait consid\u00e9rable parce que nous d\u00e9programmons chaque semaine des patients. On estime que ces derniers mois on a d\u00fb reporter ou annuler 380 interventions chirurgicales rien que dans notre sp\u00e9cialit\u00e9. \u00bb\n\nSource : Le M\u00e9dia en 4-4-2", "opengraph": {"locale": "fr_FR", "type": "article", "title": "Pr Peyromaure de l\u2019h\u00f4pital Cochin \u00e0 Paris : \u00ab Des millions de Fran\u00e7ais ont \u00e9t\u00e9 vaccin\u00e9s pour rien ! \u00bb", "description": "Dans cette vid\u00e9o\u00a0(voir ci-dessous),\u00a0le Pr Micha\u00ebl Peyromaure, chef du service d\u2019urologie de l\u2019h\u00f4pital Cochin \u00e0 Paris et auteur de \u00ab\u00a0H\u00f4pital, ce qu\u2019on ne vous a jamais dit\u00a0\u00bb aux \u00e9ditions Albin Michel, r\u00e9pondait \u00e0 Sonia Mabrouk. Les questions portaient sur l\u2019\u00e9tat de l\u2019h\u00f4pital, le risque de saturation des h\u00f4pitaux, l\u2019obligation vaccinale d\u00e9guis\u00e9e, le passe sanitaire ou [\u2026]", "url": "https://lesmoutonsrebelles.com/pr-peyromaure-de-lhopital-cochin-a-paris-des-millions-de-francais-ont-ete-vaccines-pour-rien/", "site_name": "Les Moutons Rebelles", "article:publisher": "https://www.facebook.com/lesmoutonsrebelless/", "article:author": "https://www.facebook.com/lesmoutonsrebellesss/", "article:published_time": "2021-12-23T00:36:33+00:00", "image": "https://lesmoutonsrebelles.com/wp-content/uploads/2021/12/Professeur-Michael-Peyromaure.jpg", "image:width": "911", "image:height": "607"}, "tags": [], "tweets": [], "movies": [{"embed_type": "iframe", "provider": "youtube", "width": "700", "height": "400", "embed_code": "<iframe title=\"YouTube video player\" src=\"https://www.youtube.com/embed/CoDVIG2kYzY\" width=\"700\" height=\"400\" frameborder=\"0\" allowfullscreen=\"allowfullscreen\"/>", "src": "https://www.youtube.com/embed/CoDVIG2kYzY"}], "links": ["https://lesmoutonsrebelles.com/wp-content/uploads/2021/12/Professeur-Michael-Peyromaure.jpg", "https://livre.fnac.com/a14086304/Michael-Peyromaure-Hopital-ce-qu-on-ne-vous-a-jamais-dit", "https://lemediaen442.fr/pr-peyromaure-de-lhopital-cochin-a-paris-des-millions-de-francais-ont-ete-vaccines-pour-rien/"], "authors": [""], "publish_date": "2021-12-23T00:36:33+00:00"}