{"result_id": "186026", "URL": "https://translate.google.com/translate?hl=en&sl=fr&u=https://lesmoutonsrebelles.com/etude-22-des-moins-de-50-ans-diagnostiques-avec-une-nouvelle-maladie-post-vaccination/&prev=search&pto=aue", "timestamp": "2023-04-25 16:13:43 CEST+0200", "meta": {"description": "", "lang": "fr", "keywords": "", "favicon": "/wp-content/uploads/fbrfg/apple-touch-icon.png", "canonical": "https://lesmoutonsrebelles.com/etude-22-des-moins-de-50-ans-diagnostiques-avec-une-nouvelle-maladie-post-vaccination/", "encoding": "UTF-8"}, "image": null, "domain": "translate.google.com", "title": "\u00c9tude: 22 % des moins de 50 ans diagnostiqu\u00e9s avec une nouvelle maladie post-vaccination", "cleaned_text": "Le 27 juillet 2022, l\u2019organisation \u00ab Children\u2019s Health Defense \u00bb pr\u00e9sid\u00e9e par Robert F. Kennedy a re\u00e7u les deux sondages qui avaient \u00e9t\u00e9 command\u00e9s aupr\u00e8s de l\u2019institut d\u2019\u00e9tudes de march\u00e9 John Zogby Strategies, pour conna\u00eetre les cons\u00e9quences de la campagne de vaccination contre le Sars-CoV-2 au sein de la population am\u00e9ricaine. Les r\u00e9sultats qui en d\u00e9coulent devraient conduire \u00e0 des remises en question. Il a \u00e9t\u00e9 constat\u00e9, lors de la seconde enqu\u00eate, que 22 % des personnes de moins de 50 ans, qui n\u2019ont rien \u00e0 craindre du Covid-19, ont \u00e9t\u00e9 diagnostiqu\u00e9es avec une nouvelle maladie peu apr\u00e8s la campagne de vaccination.\n\nQue nous enseigne la premi\u00e8re enqu\u00eate ?\n\nLa premi\u00e8re enqu\u00eate, r\u00e9alis\u00e9e aupr\u00e8s de 1 038 participants, s\u2019adressait aux adultes de tous \u00e2ges. Des r\u00e9sultats inqui\u00e9tants, si l\u2019on en croit ses conclusions, puisque parmi l\u2019ensemble des participants, 33 % n\u2019\u00e9taient pas vaccin\u00e9s, 67 % avaient \u00e9t\u00e9 vaccin\u00e9s au moins une fois et 15 % d\u2019entre eux avaient d\u00e9clar\u00e9 avoir \u00e9t\u00e9 diagnostiqu\u00e9s avec une nouvelle maladie quelques semaines ou mois apr\u00e8s s\u2019\u00eatre fait inoculer le vaccin.\n\nLes r\u00e9sultats de cette \u00e9tude mettent en \u00e9vidence la vuln\u00e9rabilit\u00e9 des jeunes, puisque ce risque est concentr\u00e9 sur les tranches d\u2019\u00e2ges de 18 \u00e0 29 ans, avec 30 % des personnes vaccin\u00e9es qui ont re\u00e7u un nouveau diagnostic. Un chiffre \u00e9galement \u00e9lev\u00e9 pour la cat\u00e9gorie des personnes \u00e2g\u00e9es de 30 \u00e0 49 ans, qui sont 23 % \u00e0 avoir d\u00e9clar\u00e9 une nouvelle maladie.\n\nEn revanche, pour les tranches d\u2019\u00e2ges sup\u00e9rieures, les chiffres sont nettement en baisse. Parmi les personnes \u00e2g\u00e9es de 50 \u00e0 64 ans, 6 % d\u2019entre elles ont \u00e9t\u00e9 diagnostiqu\u00e9es avec une nouvelle pathologie, un chiffre qui tombe \u00e0 4 % chez les plus de 65 ans.\n\nCe sondage montre qu\u2019il existe aussi des disparit\u00e9s entre les appartenances ethniques, puisque les Afro-Am\u00e9ricains (21 %) et les Hispaniques (32 %) ont beaucoup plus souvent \u00e9t\u00e9 diagnostiqu\u00e9s avec de nouvelles maladies que les Occidentaux (7 %). Des donn\u00e9es qui devraient \u00eatre analys\u00e9es pour conna\u00eetre les raisons de ces diff\u00e9rences.\n\nSelon l\u2019enqu\u00eate, les nouvelles pathologies mentionn\u00e9es par les personnes interrog\u00e9es co\u00efncident avec les effets secondaires des vaccins. Parmi les \u00e9v\u00e9nements ind\u00e9sirables cit\u00e9s, les caillots sanguins (21%) ont \u00e9t\u00e9 le plus souvent mentionn\u00e9s, suivis par les crises cardiaques (19%), les l\u00e9sions h\u00e9patiques (18%), les embolies (17%) et les accidents vasculaires c\u00e9r\u00e9braux (15%).\n\nParmi les personnes vaccin\u00e9es consult\u00e9es, 67 % ont continu\u00e9 \u00e0 penser que la vaccination \u00e9tait une bonne d\u00e9cision, 24 % ont d\u00e9clar\u00e9 \u00eatre neutres sur le sujet, et 10 % ont regrett\u00e9 leur d\u00e9cision.\n\nLes personnes qui ont accept\u00e9 de participer \u00e0 cette enqu\u00eate ont \u00e9galement \u00e9t\u00e9 interrog\u00e9es \u00e0 propos de leur entourage apr\u00e8s la vaccination. 26 % des participants, dont la majorit\u00e9 sont jeunes, ont r\u00e9pondu conna\u00eetre des personnes ayant re\u00e7u de nouveaux diagnostics. Les maladies observ\u00e9es \u00e9taient les m\u00eames que celles mentionn\u00e9es ci-dessus.\n\nLes donn\u00e9es recueillies par la seconde enqu\u00eate\n\nQue nous apprend la seconde enqu\u00eate ? Peu de choses nouvelles. Il s\u2019agit plut\u00f4t d\u2019une confirmation de la premi\u00e8re, m\u00eame si des diff\u00e9rences existent. Celle-ci se concentre uniquement sur la cat\u00e9gorie des 18-49 ans, et la proportion des personnes souffrant de nouvelles maladies y est nettement plus importante. En effet, sur 829 personnes interrog\u00e9es, 38 % n\u2019avaient re\u00e7u aucune dose, 62 % \u00e9taient vaccin\u00e9es et parmi elles, 22 % ont \u00e9t\u00e9 diagnostiqu\u00e9es avec une nouvelle pathologie peu de temps apr\u00e8s le lancement de la campagne de vaccination.\n\nCe sondage d\u00e9taille \u00e9galement la proportion de maladies cit\u00e9es pour chacune d\u2019elles, ainsi que le degr\u00e9 de gravit\u00e9. Parmi les pathologies les plus fr\u00e9quemment rencontr\u00e9es, les maladies auto-immunes repr\u00e9sentent 21 %, les caillots sanguins 20 %, les attaques c\u00e9r\u00e9brales et les embolies pulmonaires 19 %. 17 % des personnes r\u00e9pondant \u00e0 l\u2019enqu\u00eate ont \u00e9galement d\u00e9clar\u00e9 des l\u00e9sions h\u00e9patiques, des thromboses des jambes et des infarctus du myocarde, et 15 % pr\u00e9senteraient des syndromes de Guillain-Barr\u00e9, des paralysies de Bell ou encore un cycle menstruel perturb\u00e9.\n\nCette \u00e9tude a par ailleurs examin\u00e9 les niveaux de gravit\u00e9 des \u00e9v\u00e9nements ind\u00e9sirables ou des pathologies d\u00e9clar\u00e9es. 47 % des personnes interrog\u00e9es ont d\u00e9clar\u00e9 que la maladie avait \u00e9t\u00e9 l\u00e9g\u00e8re, 43 % ont signal\u00e9 avoir souffert d\u2019\u00e9v\u00e9nements ind\u00e9sirables graves et 10 % des personnes affect\u00e9es n\u2019ont toujours pas \u00e0 ce jour recouvr\u00e9 la sant\u00e9.\n\nComme la premi\u00e8re, cette seconde enqu\u00eate r\u00e9v\u00e8le que la majorit\u00e9 des personnes (58 %) pensent que la vaccination est une bonne chose. 28 % est sans position tranch\u00e9e. Quant \u00e0 ceux qui regrettent, ils repr\u00e9sentent d\u00e9sormais 14%, un chiffre en l\u00e9g\u00e8re augmentation.\n\nSi corr\u00e9lation n\u2019est pas causalit\u00e9, et si l\u2019imputabilit\u00e9 de la preuve reste \u00e0 \u00e9tablir entre l\u2019acte de vaccination et le d\u00e9veloppement de pathologies, ce sont des chiffres qui devraient n\u00e9anmoins alerter les autorit\u00e9s, particuli\u00e8rement les centres de pharmacovigilance, afin de les amener \u00e0 s\u2019interroger sur les d\u00e9cisions contraignantes ou impos\u00e9es aux populations. La proportion importante d\u2019individus jeunes soup\u00e7onn\u00e9s d\u2019avoir souffert d\u2019\u00e9v\u00e9nements ind\u00e9sirables, alors que l\u2019infection par Sars-CoV-2 n\u2019a jamais repr\u00e9sent\u00e9 un risque majeur pour cette tranche d\u2019\u00e2ge, montre que la d\u00e9cision de vacciner en population g\u00e9n\u00e9rale \u00e9tait d\u2019une grande imprudence.\n\nAlors que des indices d\u2019effet secondaires sous-d\u00e9clar\u00e9s ne cessent de s\u2019accumuler un peu partout dans le monde, les preuves tangibles de l\u2019efficacit\u00e9 de ces th\u00e9rapies g\u00e9niques font toujours d\u00e9faut. Si plus personne ne croit \u00e0 un effet protecteur du vaccin contre la contamination et la transmission, l\u2019argument selon lequel il emp\u00eache de faire des formes s\u00e9v\u00e8res de la maladie est de plus en plus remis en question \u00e0 mesure que le ph\u00e9nom\u00e8ne ADE (Antibody Dependant Enhancement, qui se traduit par la facilitation de l\u2019infection par les anticorps) est d\u00e9montr\u00e9.\n\nIl faut \u00e9galement rappeler que tous les vaccins, qu\u2019ils aient \u00e9t\u00e9 con\u00e7us \u00e0 partir de la technologie \u00e0 ARN messager (Pfizer, Moderna) ou \u00e0 vecteur ad\u00e9novirus (Janssen et AstraZeneka), sont toujours en phase d\u2019\u00e9valuation et que par cons\u00e9quent, le caract\u00e8re exp\u00e9rimental de cette vaccination est toujours en cours.", "opengraph": {"locale": "fr_FR", "type": "article", "title": "\u00c9tude: 22 % des moins de 50 ans diagnostiqu\u00e9s avec une nouvelle maladie post-vaccination", "description": "Le 27 juillet 2022, l\u2019organisation \u00ab\u00a0Children\u2019s Health Defense\u00a0\u00bb pr\u00e9sid\u00e9e par Robert F. Kennedy a re\u00e7u les deux sondages qui avaient \u00e9t\u00e9 command\u00e9s aupr\u00e8s de l\u2019institut d\u2019\u00e9tudes de march\u00e9 John Zogby Strategies, pour conna\u00eetre les cons\u00e9quences de la campagne de vaccination contre le Sars-CoV-2 au sein de la population am\u00e9ricaine. Les r\u00e9sultats qui en d\u00e9coulent devraient [\u2026]", "url": "https://lesmoutonsrebelles.com/etude-22-des-moins-de-50-ans-diagnostiques-avec-une-nouvelle-maladie-post-vaccination/", "site_name": "Les Moutons Rebelles", "article:publisher": "https://www.facebook.com/lesmoutonsrebelless/", "article:author": "https://www.facebook.com/lesmoutonsrebellesss/", "article:published_time": "2022-08-06T00:25:02+00:00", "image": "https://lesmoutonsrebelles.com/wp-content/uploads/2022/08/image_1044304_20220804_ob_953dcb_000-t60cr.jpg", "image:width": "1300", "image:height": "903"}, "tags": [], "tweets": [], "movies": [], "links": ["https://translate.google.com/website?sl=fr&tl=en&hl=en&prev=search&u=https://childrenshealthdefense.org/press-release/15-of-american-adults-diagnosed-with-new-condition-after-covid-vaccine-zogby-survey-finds/", "https://translate.google.com/website?sl=fr&tl=en&hl=en&prev=search&u=https://childrenshealthdefense.org/press-release/15-of-american-adults-diagnosed-with-new-condition-after-covid-vaccine-zogby-survey-finds/", "https://translate.google.com/website?sl=fr&tl=en&hl=en&prev=search&u=https://www.francesoir.fr/opinions-entretiens/vaccination-des-enfants-rappels-et-maladies-auto-immunes-analyse-de-jean-marc"], "authors": [""], "publish_date": "2022-08-06T00:25:02+00:00"}