{"result_id": "186071", "URL": "https://lesmoutonsrebelles.com/virginie-joron-le-taux-de-mortalite-est-40-superieur-en-france-quen-roumanie-alors-que-les-francais-sont-deux-fois-plus-vaccines/", "timestamp": "2023-04-25 16:14:40 CEST+0200", "meta": {"description": "", "lang": "fr", "keywords": "", "favicon": "/wp-content/uploads/fbrfg/apple-touch-icon.png", "canonical": "https://lesmoutonsrebelles.com/virginie-joron-le-taux-de-mortalite-est-40-superieur-en-france-quen-roumanie-alors-que-les-francais-sont-deux-fois-plus-vaccines/", "encoding": "UTF-8"}, "image": null, "domain": "lesmoutonsrebelles.com", "title": "Virginie Joron : Le taux de mortalit\u00e9 est 40 % sup\u00e9rieur en France qu\u2019en Roumanie, alors que les Fran\u00e7ais sont deux fois plus vaccin\u00e9s !", "cleaned_text": "Toujours \u00e0 son poste afin de d\u00e9noncer les incoh\u00e9rences qui tournent autour de la vaccination et du covid, la d\u00e9put\u00e9e europ\u00e9enne Virginie Joron, membre du Rassemblement national, se pose une question extr\u00eamement int\u00e9ressante. Elle en fait part \u00e0 Kathleen Van Brempt, pr\u00e9sidente de la commission sp\u00e9ciale du Parlement europ\u00e9en, charg\u00e9e d\u2019examiner les le\u00e7ons de la pand\u00e9mie de Covid-19 :\n\n\u00ab D\u2019apr\u00e8s les chiffres de CDC * et le Centre europ\u00e9en de pr\u00e9vention et de contr\u00f4le des maladies. La Roumanie et la France ont en ce moment des taux similaires d\u2019hospitalisation ou d\u2019admission en r\u00e9animation pour Covid. En revanche le taux de mortalit\u00e9 est de 40 % sup\u00e9rieur en France. Je rappelle que 42 % des Roumains ont re\u00e7u deux doses contre 78 % en France. Pourquoi un taux de mortalit\u00e9 bien plus faible en Roumanie qu\u2019en France, alors que les Fran\u00e7ais sont presque deux fois plus vaccin\u00e9s ? \u00bb\n\n* CDC, Centers for Disease Control and Prevention, est une agence de sant\u00e9 publique am\u00e9ricaine.", "opengraph": {"locale": "fr_FR", "type": "article", "title": "Virginie Joron : Le taux de mortalit\u00e9 est 40 % sup\u00e9rieur en France qu\u2019en Roumanie, alors que les Fran\u00e7ais sont deux fois plus vaccin\u00e9s !", "description": "Toujours \u00e0 son poste afin de d\u00e9noncer les incoh\u00e9rences qui tournent autour de la vaccination et du covid, la d\u00e9put\u00e9e europ\u00e9enne Virginie Joron, membre du Rassemblement national, se pose une question extr\u00eamement int\u00e9ressante. Elle en fait part \u00e0 Kathleen Van Brempt, pr\u00e9sidente de la commission sp\u00e9ciale du Parlement europ\u00e9en, charg\u00e9e d\u2019examiner les le\u00e7ons de la [\u2026]", "url": "https://lesmoutonsrebelles.com/virginie-joron-le-taux-de-mortalite-est-40-superieur-en-france-quen-roumanie-alors-que-les-francais-sont-deux-fois-plus-vaccines/", "site_name": "Les Moutons Rebelles", "article:publisher": "https://www.facebook.com/lesmoutonsrebelless/", "article:author": "https://www.facebook.com/lesmoutonsrebellesss/", "article:published_time": "2022-09-03T16:46:30+00:00", "image": "https://lesmoutonsrebelles.com/wp-content/uploads/2022/09/brave_octwlbur05.jpg", "image:width": "1237", "image:height": "693"}, "tags": [], "tweets": [], "movies": [{"embed_type": "iframe", "provider": "youtube", "width": "696", "height": "392", "embed_code": "<iframe title=\"Taux de mortalit&#xE9; plus bas en Roumanie &#x1F1F7;&#x1F1F4; qu'en France &#x1F1EB;&#x1F1F7; ?!?\" width=\"696\" height=\"392\" src=\"https://www.youtube.com/embed/BPuBNVssIIs?feature=oembed\" frameborder=\"0\" allow=\"accelerometer; autoplay; clipboard-write; encrypted-media; gyroscope; picture-in-picture; web-share\" allowfullscreen=\"\"/>", "src": "https://www.youtube.com/embed/BPuBNVssIIs?feature=oembed"}], "links": ["https://lesmoutonsrebelles.com/wp-content/uploads/2022/09/brave_octwlbur05.jpg", "https://lemediaen442.fr/virginie-joron-le-taux-de-mortalite-est-40-superieur-en-france-quen-roumanie-alors-que-les-francais-sont-deux-fois-plus-vaccines/"], "authors": [""], "publish_date": "2022-09-03T16:46:30+00:00"}