{"result_id": "186067", "URL": "https://translate.google.com/translate?hl=en&sl=fr&u=https://lesmoutonsrebelles.com/pr-didier-raoult-quand-on-menace-les-gens-de-les-confiner-ou-de-ne-plus-les-soigner-cest-de-la-dictature/&prev=search&pto=aue", "timestamp": "2023-04-25 16:14:36 CEST+0200", "meta": {"description": "", "lang": "fr", "keywords": "", "favicon": "/wp-content/uploads/fbrfg/apple-touch-icon.png", "canonical": "https://lesmoutonsrebelles.com/pr-didier-raoult-quand-on-menace-les-gens-de-les-confiner-ou-de-ne-plus-les-soigner-cest-de-la-dictature/", "encoding": "UTF-8"}, "image": null, "domain": "translate.google.com", "title": "Pr Didier Raoult : \u00ab Quand on menace les gens de les confiner ou de ne plus les soigner, c\u2019est de la dictature", "cleaned_text": "Dans cette vid\u00e9o du 1er f\u00e9vrier 2022, le Pr Raoult, directeur de l\u2019IHU M\u00e9diterran\u00e9e Infection, est cat\u00e9gorique : \u00ab Ce qui est extr\u00eamement \u00e9trange et int\u00e9ressant, c\u2019est le niveau de tension sur la volont\u00e9 d\u2019augmenter la couverture vaccinale pour un vaccin, dont on a la preuve sous les yeux qu\u2019il ne marche absolument pas. \u00bb\n\nUne fois ce constat pos\u00e9, il n\u2019en reste pas moins que certains comportements ont laiss\u00e9 tomber la science pour aller vers la religion. \u00ab On est sorti de la science, c\u2019est de la croyance, de la religion. Cela avait \u00e9t\u00e9 tr\u00e8s bien d\u00e9fini par Karl Popper (voir vid\u00e9o plus bas) qui est le premier historien analyste des sciences du XXe si\u00e8cle. Il disait : \u201cSi vous ne pouvez pas prouver des \u00e9l\u00e9ments qui montrent que votre th\u00e9orie scientifique est fausse, c\u2019est que \u00e7a n\u2019est pas une th\u00e9orie scientifique c\u2019est de la religion.\u201d \u201cSi vous ne pouvez pas accepter que votre th\u00e9orie est fausse, c\u2019est que vous \u00eates sorti de la science et vous y croyez quoi qu\u2019il arrive.\u201d \u00bb\n\nLe directeur de l\u2019IHU fera aussi r\u00e9f\u00e9rence \u00e0 l\u2019exp\u00e9rience Milgram (voir vid\u00e9o ci-dessous) o\u00f9 98 % des participants sont pr\u00eats \u00e0 torturer leur semblables : \u00ab Vous vous rendez compte que des gens qui ont des fonctions administratives aussi \u00e9lev\u00e9es, puissent proposer de ne plus soigner les gens [il fait aussi r\u00e9f\u00e9rence \u00e0 Andr\u00e9 Grimaldi : les non-vaccin\u00e9s devraient dire s\u2019ils veulent \u00eatre r\u00e9anim\u00e9s], s\u2019ils ne leur ob\u00e9issent pas pour quelque chose qui n\u2019a pas de sens. \u00bb\n\nFace aux censures et \u00e0 cette religion de la \u00ab non-science \u00bb, Didier Raoult salue ceux qui r\u00e9sistent et fait r\u00e9f\u00e9rence au livre de Laurent Mucchielli La Doxa du Covid: Tome 1 : Peur, sant\u00e9, corruption et d\u00e9mocratie. \u00ab Il y a des sondages qui ont \u00e9t\u00e9 faits aux Etats-Unis et en Angleterre o\u00f9 il y a 50 % des d\u00e9mocrates qui sont d\u2019accord pour qu\u2019on enferme les non-vaccin\u00e9s. Alors qu\u2019on ne voit pas le danger que repr\u00e9sente un non-vaccin\u00e9 puisque les vaccin\u00e9s sont aussi positifs que les non-vaccin\u00e9s [\u2026] il y en a m\u00eame un peu plus chez les vaccin\u00e9s. Et ce sont des donn\u00e9es d\u2019observation, c\u2019est pas du r\u00eave et avec des donn\u00e9es de cette nature vous pouvez pas foutre des gens dans des camps de concentration parce qu\u2019ils ne vous ob\u00e9issent pas. Sinon, vous tombez dans des choses qui nous rappellent une partie de la Seconde Guerre mondiale. [\u2026] Quand on veut que les gens vous ob\u00e9issent alors que \u00e7a n\u2019a plus de sens, \u00e7a s\u2019appelle le totalitarisme. \u00bb\n\n\u00ab Quand on menace les gens de les enfermer ou de ne plus les soigner, c\u2019est de la dictature ! \u00bb", "opengraph": {"locale": "fr_FR", "type": "article", "title": "Pr Didier Raoult : \u00ab Quand on menace les gens de les confiner ou de ne plus les soigner, c\u2019est de la dictature \u00bb", "description": "Dans cette vid\u00e9o du 1er f\u00e9vrier 2022, le Pr Raoult, directeur de l\u2019IHU M\u00e9diterran\u00e9e Infection, est cat\u00e9gorique : \u00ab\u00a0Ce qui est extr\u00eamement \u00e9trange et int\u00e9ressant, c\u2019est le niveau de tension sur la volont\u00e9 d\u2019augmenter la couverture vaccinale pour un vaccin, dont on a la preuve sous les yeux qu\u2019il ne marche absolument pas.\u00a0\u00bb Une fois [\u2026]", "url": "https://lesmoutonsrebelles.com/pr-didier-raoult-quand-on-menace-les-gens-de-les-confiner-ou-de-ne-plus-les-soigner-cest-de-la-dictature/", "site_name": "Les Moutons Rebelles", "article:publisher": "https://www.facebook.com/lesmoutonsrebelless/", "article:author": "https://www.facebook.com/lesmoutonsrebellesss/", "article:published_time": "2022-02-01T18:08:51+00:00", "image": "https://lesmoutonsrebelles.com/wp-content/uploads/2022/02/hash.jpg", "image:width": "1920", "image:height": "1080"}, "tags": [], "tweets": [], "movies": [{"embed_type": "iframe", "provider": "youtube", "width": "700", "height": "400", "embed_code": "<iframe title=\"YouTube video player\" src=\"https://www.youtube.com/embed/eiwiH40AAjE\" width=\"700\" height=\"400\" frameborder=\"0\" allowfullscreen=\"\">&lt;span data-mce-type=\"bookmark\" style=\"display: inline-block; width: 0px; overflow: hidden; line-height: 0;\" class=\"mce_SELRES_start\"&gt;\ufeff&lt;/span&gt;</iframe>", "src": "https://www.youtube.com/embed/eiwiH40AAjE"}], "links": ["https://lesmoutonsrebelles-com.translate.goog/wp-content/uploads/2022/02/hash.jpg?_x_tr_sl=fr&_x_tr_tl=en&_x_tr_hl=en&_x_tr_pto=sc", "https://translate.google.com/website?sl=fr&tl=en&hl=en&prev=search&u=https://www.franceculture.fr/emissions/le-malheur-des-uns/karl-popper-ou-la-fin-de-la-certitude-scientifique", "https://translate.google.com/website?sl=fr&tl=en&hl=en&prev=search&u=https://www.midilibre.fr/2022/01/03/covid-19-et-tri-des-patients-pour-le-pr-grimlaldi-les-non-vaccines-devraient-dire-sils-veulent-etre-reanimes-10024259.php", "https://translate.google.com/website?sl=fr&tl=en&hl=en&prev=search&u=https://www.amazon.fr/Doxa-Covid-sant%25C3%25A9-corruption-d%25C3%25A9mocratie/dp/2376720397", "https://translate.google.com/website?sl=fr&tl=en&hl=en&prev=search&u=https://lemediaen442.fr/pr-didier-raoult-quand-on-menace-les-gens-de-les-confiner-ou-de-ne-plus-les-soigner-cest-de-la-dictature/"], "authors": [""], "publish_date": "2022-02-01T18:08:51+00:00"}