{"result_id": "191018", "URL": "https://littlethings.com/tag/friend%20drama", "timestamp": "2023-04-25 16:16:52 CEST+0200", "meta": {"description": "", "lang": "en", "keywords": "", "favicon": "/favicons/favicon.ico", "canonical": "https://littlethings.com/tag/friend%20drama", "encoding": "utf-8"}, "image": null, "domain": "littlethings.com", "title": "Family, Parenting, Pet and Lifestyle Tips That Bring Us Closer Together", "cleaned_text": "", "opengraph": {}, "tags": [], "tweets": [], "movies": [], "links": [], "authors": [], "publish_date": null}