{"result_id": "191034", "URL": "https://beta.littlethings.com/entertainment/marjorie-taylor-greene-vaccine-comments-holocaust", "timestamp": "2023-04-25 16:16:57 CEST+0200", "meta": {"description": "", "lang": "en", "keywords": "", "favicon": "/favicons/favicon.ico", "canonical": "https://beta.littlethings.com/entertainment/marjorie-taylor-greene-vaccine-comments-holocaust", "encoding": "utf-8"}, "image": null, "domain": "beta.littlethings.com", "title": "Family, Parenting, Pet and Lifestyle Tips That Bring Us Closer Together | LittleThings.com", "cleaned_text": "", "opengraph": {}, "tags": [], "tweets": [], "movies": [], "links": [], "authors": [], "publish_date": null}