{"result_id": "192008", "URL": "https://www.liveaction.org/news/tag/spuc/", "timestamp": "2023-04-25 16:17:04 CEST+0200", "meta": {"description": "", "lang": "en", "keywords": "", "favicon": "https://www.liveaction.org/news/wp-content/uploads/2020/09/lva-favicon1.png", "canonical": "https://www.liveaction.org/news/tag/spuc/", "encoding": "UTF-8"}, "image": null, "domain": "www.liveaction.org", "title": "SPUC Archives", "cleaned_text": "Fear of the potential liberalization of Scotland\u2019s current abortion law has drawn together an alliance of Catholic, Protestant, and Muslim pro-lifers under...", "opengraph": {"locale": "en_US", "type": "object", "title": "SPUC Archives - Live Action News", "url": "https://www.liveaction.org/news/tag/spuc/", "site_name": "Live Action News", "image": "https://www.liveaction.org/news/wp-content/uploads/2019/02/march_group_photo_og-1.jpg"}, "tags": [], "tweets": [], "movies": [], "links": [], "authors": [], "publish_date": null}