{"result_id": "193009", "URL": "https://www.livestrong.com/article/13729340-mistakes-that-spread-covid/", "timestamp": "2023-04-25 16:17:45 CEST+0200", "meta": {"description": "The holidays are near and COVID fatigue is setting in, but now is not the time to let your guard down. Avoid these mistakes to keep yourself and others safe.", "lang": "en", "keywords": "", "favicon": "/favicon.ico", "canonical": "https://www.livestrong.com/article/13729340-mistakes-that-spread-covid/", "encoding": "utf-8"}, "image": null, "domain": "www.livestrong.com", "title": "8 Mistakes That Make You More Likely to Spread COVID-19 | Livestrong.com", "cleaned_text": "So what type of mask should you be wearing instead? The CDC recommends two or more layers of washable, breathable fabric. While a September 2020 \u200bScience Advances\u200b study found N95 masks \u2014 the fitted type used by health care workers and first responders \u2014 are best at blocking respiratory droplets, the CDC discourages their use by the general public so as not to deplete supplies. The same study found three-ply masks worked almost as well.\n\nAnyone who is old enough to get vaccinated should do so, for your own safety and the safety of others around you, such as people who are immunocompromised. As much as 30 percent of infections are asymptomatic, based on CDC estimates. That means you can have COVID, not know it and inadvertently infect others.\n\nA test doesn't change the course of the disease, explains Thomas. \"But it does reassure individuals that, yes, I do have COVID-19. I do need to stay home, and I do need to isolate and I do need to notify others of my disease so they can take the proper precautions.\"", "opengraph": {"site_name": "LIVESTRONG.COM", "description": "The holidays are near and COVID fatigue is setting in, but now is not the time to let your guard down. Avoid these mistakes to keep yourself and others safe.", "url": "https://www.livestrong.com/article/13729340-mistakes-that-spread-covid/", "title": "8 Mistakes That Make You More Likely to Spread COVID-19 | Livestrong.com", "type": "article", "image": "https://img.livestrong.com/640/cme-data/getty%2F399a357117da432083401c99ecf50117.jpg"}, "tags": [], "tweets": [], "movies": [], "links": ["https://www.livestrong.com/article/13729140-covid-19-vaccine-development/", "https://www.cdc.gov/coronavirus/2019-ncov/vaccines/fully-vaccinated.html", "https://www.livestrong.com/stay-healthy/", "/article/13727561-how-to-wear-face-mask/", "/article/13727616-covid-19-test/", "/article/13725670-social-distancing-tips/", "https://www.livestrong.com/article/13726801-avoid-germs-public-transportation/", "https://www.cdc.gov/coronavirus/2019-ncov/community/large-events/considerations-for-events-gatherings.html", "https://www.livestrong.com/article/13763955-fully-vaccinated-covid/", "https://www.cdc.gov/coronavirus/2019-ncov/daily-life-coping/participate-in-activities.html", "/article/13727561-how-to-wear-face-mask/", "/article/13727616-covid-19-test/", "/article/13725670-social-distancing-tips/", "https://www.livestrong.com/article/13725670-social-distancing-tips/", "https://www.centerforhealthsecurity.org/our-people/adalja/", "https://www.livestrong.com/article/13727561-how-to-wear-face-mask/", "https://www.cdc.gov/coronavirus/2019-ncov/more/masking-science-sars-cov2.html", "https://www.bcm.edu/people-search/hana-el-sahly-21052", "https://www.cdc.gov/coronavirus/2019-ncov/prevent-getting-sick/about-face-coverings.html", "https://www.livestrong.com/article/13727169-how-to-buy-wash-cloth-face-mask/", "https://aip.scitation.org/doi/10.1063/5.0031996", "https://www.nist.gov/news-events/news/2020/11/new-airflow-videos-show-why-masks-exhalation-valves-do-not-slow-spread", "https://www.aanp.org/about/about-the-american-association-of-nurse-practitioners-aanp/aanp-leadership/board-of-directors/aanp-president", "https://advances.sciencemag.org/content/6/36/eabd3083", "https://amzn.to/31d7VRT", "https://fave.co/31nssTE", "https://fave.co/2NqUOEw", "https://science.sciencemag.org/content/370/6514/303.2", "https://www.livestrong.com/article/13729153-well-ventilated-meaning/", "https://www.livestrong.com/article/13727455-social-distancing-tips-seeing-loved-ones/", "https://covid.cdc.gov/covid-data-tracker/#covidnet-hospitalization-network", "https://www.mayoclinic.org/coronavirus-covid-19/vaccine-tracker", "https://www.cdc.gov/coronavirus/2019-ncov/hcp/planning-scenarios.html", "https://www.vaccines.gov/", "https://www.livestrong.com/article/13724994-what-weakens-immune-system/", "https://www.cdc.gov/coronavirus/2019-ncov/vaccines/faq.html", "https://www.livestrong.com/article/13730767-covid-vaccine-immunity-vs-natural-immunity/", "https://www.livestrong.com/article/13725173-how-and-when-to-wash-your-hands/", "https://health.clevelandclinic.org/body-temperature-what-is-and-isnt-normal/#:~:text=%E2%80%9CTypically%20anything%20in%20the%20range,or%20slightly%20lower%20than%20that.%E2%80%9D", "https://www.ncbi.nlm.nih.gov/pmc/articles/PMC7403846/", "https://www.cdc.gov/media/releases/2020/s-0909-covid-19-entry-strategy-air-passengers.html", "https://www.cdc.gov/coronavirus/2019-ncov/community/general-business-faq.html", "https://www.livestrong.com/article/13727292-social-distancing-guidelines-at-work/", "https://www.cdc.gov/coronavirus/2019-ncov/if-you-are-sick/end-home-isolation.html", "https://www.livestrong.com/article/13728584-what-to-clean-every-day-covid/", "https://www.livestrong.com/article/13729119-how-to-not-get-sick-when-your-family-is-sick/", "https://www.livestrong.com/article/13727783-covid-19-risk-medications/"], "authors": ["Karen Pallarito"], "publish_date": null}