{"result_id": "195036", "URL": "https://www.mediafactwatch.com/2023-02-01-pfizer-urgent-guidance-project-veritas-bombshell-video.html", "timestamp": "2023-04-25 16:19:06 CEST+0200", "meta": {"description": "Not long after Project Veritas released its latest bombshell expos\u00e9 about Pfizer\u2019s involvement in trying to manipulate covid to sell more \u201cvaccines,\u201d Google-owned YouTube pulled the video from its platform. Not long after that, the company issued an \u201curgent guidance\u201d to its employees about how to handle the video whenever a user tries to upload [\u2026]", "lang": "en", "keywords": "badhealth,badmedicine,Big Pharma,Censored Science,Collusion,conspiracy,corruption,COVID,deception,disinfo,free press,gain-of-function,Jordon Trishton Walker,media fact watch,medical censorship,Medical Tyranny,Pfizer,Project Veritas,speech police,urgent guidance,vaccine wars,vaccines", "favicon": "wp-content/themes/NTTheme/images/Newstarget-fav.png", "canonical": "https://www.mediafactwatch.com/2023-02-01-pfizer-urgent-guidance-project-veritas-bombshell-video.html", "encoding": "UTF-8"}, "image": null, "domain": "www.mediafactwatch.com", "title": "Damage control: Pfizer releases \u201curgent guidance\u201d telling employees how to handle Project Veritas bombshell video", "cleaned_text": "Not long after Project Veritas released its latest bombshell expos\u00e9 about Pfizer\u2019s involvement in trying to manipulate covid to sell more \u201cvaccines,\u201d Google-owned YouTube pulled the video from its platform. Not long after that, the company issued an \u201curgent guidance\u201d to its employees about how to handle the video whenever a user tries to upload or share it.\n\nA screenshot of that urgent guidance \u2013 see below \u2013 informs YouTube employees that the Project Veritas video \u201cviolates the COVID-19 Vaccine Misinformation policy for making a categorical claim that COVID-19 vaccines are ineffective, and should therefore be removed unless it contains sufficient EDSA / CRC.\u201d\n\nYouTube is concerned about a specific timestamp in the video when it is stated by Project Veritas that \u201cour undercover journalist asked Walker (referring to Jordon Trishton Walker) how Pfizer is handling the fact that their COVID vaccines are ineffective against virus variants.\u201d\n\nIf that timestamp is present, then YouTube employees are to check the \u201c[four] corners and metadata for EDSA that clearly contradicts, refutes or countervails the violative timestamp without any additional promotion (generalization, aggregation, repetition, affirmation).\u201d\n\nIf you\u2019re going to share the Project Veritas bombshell video about Pfizer, be sure to follow the rules contained in the leaked YouTube \u201curgent guidance\u201d\n\nIf a video upload of the Project Veritas video contains the offending timestamp and no sufficient CRC is present in the four corners, title, or description of the video, then YouTube employees are to issue a strike against the video and channel.\n\nIf a video upload of the Project Veritas video has the offending timestamped segment removed, or if it contains the violative timestamp but also contains EDSA / CRC in the four corners, title, or description, then the video can stay on YouTube.\n\n\u201cIt is important that we remove violative reuploads of this content as it spreads harmful misinformation about approved vaccines against COVID-19,\u201d YouTube higher-ups wrote to their employees.\n\nNone of these details would have been known publicly had someone at YouTube not leaked the guidance, which will help YouTube users who want to share the Project Veritas video to know how to do so safely to avoid receiving a strike or having their channel axed.\n\nYouTube basically nitpicked the Project Veritas video in search of anything that might constitute a violation. Once it was successful, the Google-owned platform pulled the original video and informed employees about how to remove all offending reuploads of it.\n\n\u201cYes, peasants: you need your information filtered and approved,\u201d wrote a commenter about what YouTube is effectively doing and saying with this \u201curgent guidance. \u201cYour \u2018news\u2019 must always remain Democrat-friendly.\u201d\n\n\u201cIt\u2019s comforting for the Deep State to know that YouTube is ready and willing to provide cover for them and Project 1984,\u201d wrote another.\n\nSomeone else wrote that it is \u201cnonsense\u201d for YouTube to claim that anything in the Project Veritas bombshell video about Pfizer is a violation of \u201cthe COVID-19 misinformation policy\u201d seeing as how YouTube is the COVID-19 misinformation policy.\n\n\u201cThis just proves that YouTube is conspiring with Big Pharma,\u201d suggested another.\n\n\u201cGoogle, its owner, is conspiring with Big Pharma because censorship is the game,\u201d responded someone else.\n\n\u201cThe only thing YouTube is good for these days is plumbing tutorials,\u201d joked another about how highly controlled YouTube has become in recent years.\n\nThe latest news about covid jabs can be found at ChemicalViolence.com.", "opengraph": {"title": "Damage control: Pfizer releases \u201curgent guidance\u201d telling employees how to handle Project Veritas bombshell video", "type": "article", "url": "https://www.mediafactwatch.com/2023-02-01-pfizer-urgent-guidance-project-veritas-bombshell-video.html", "site_name": "Media Fact Watch Com", "description": "Not long after Project Veritas released its latest bombshell expos\u00e9 about Pfizer\u2019s involvement in trying to manipulate covid to sell more \u201cvaccines,\u201d Google-owned YouTube pulled the video from its platform. Not long after that, the company issued an \u201curgent guidance\u201d to its employees about how to handle the video whenever a user tries to upload [\u2026]", "image": "https://www.mediafactwatch.com/wp-content/uploads/sites/41/2023/02/Project-Veritas-2.png"}, "tags": ["conspiracy", "Big Pharma", "speech police", "COVID", "deception", "Pfizer", "corruption", "Censored Science", "disinfo", "media fact watch", "medical censorship", "vaccine wars", "free press", "gain-of-function", "Medical Tyranny", "Jordon Trishton Walker", "Project Veritas", "Collusion", "vaccines", "urgent guidance"], "tweets": ["<blockquote class=\"twitter-tweet\">\n<p dir=\"ltr\" lang=\"en\" xml:lang=\"en\">BREAKING: <a href=\"https://twitter.com/YouTube?ref_src=twsrc%5Etfw\">@YouTube</a> Insider leaks \u201cUrgent Guidance\u201d document sent to employees on how to handle the <a href=\"https://twitter.com/Project_Veritas?ref_src=twsrc%5Etfw\">@Project_Veritas</a> <a href=\"https://twitter.com/pfizer?ref_src=twsrc%5Etfw\">@pfizer</a> <a href=\"https://twitter.com/hashtag/DirectedEvolution?src=hash&amp;ref_src=twsrc%5Etfw\">#DirectedEvolution</a> video \u201cEffective immediately as of 27 January 2023\u201d</p>\n<p>\u201cViolates the COVID-19 misinformation policy\u201d <a href=\"https://t.co/SoJusG8B4c\">pic.twitter.com/SoJusG8B4c</a></p>\n<p>\u2014 Eric Spracklen?? (@EricSpracklen) <a href=\"https://twitter.com/EricSpracklen/status/1620196477200117760?ref_src=twsrc%5Etfw\">January 30, 2023</a></p></blockquote>\n<p></p>\n<p>YouTube is concerned about a specific timestamp in the video when it is stated by Project Veritas that \u201cour undercover journalist asked Walker (referring to Jordon Trishton Walker) how Pfizer is handling the fact that their COVID vaccines are ineffective against virus variants.\u201d</p>\n<p>If that timestamp is present, then YouTube employees are to check the \u201c[four] corners and metadata for EDSA that clearly contradicts, refutes or countervails the violative timestamp without any additional promotion (generalization, aggregation, repetition, affirmation).\u201d</p>\n<p>(Related: Check out our <a href=\"https://www.naturalnews.com/2023-01-29-pfizer-jordon-trishton-walker-boston-consulting-group.html\" target=\"_blank\">earlier coverage</a> about Jordon Trishton Walker, a Boston Consulting Group [BCG] plant with a shady past who now works for Pfizer.)</p>\n<h2>If you\u2019re going to share the Project Veritas bombshell video about Pfizer, be sure to follow the rules contained in the leaked YouTube \u201curgent guidance\u201d</h2>\n<p>If a video upload of the Project Veritas video contains the offending timestamp and no sufficient CRC is present in the four corners, title, or description of the video, then YouTube employees are to issue a strike against the video and channel.</p>\n<p>If a video upload of the Project Veritas video has the offending timestamped segment removed, or if it contains the violative timestamp but also contains EDSA / CRC in the four corners, title, or description, then the video can stay on YouTube.</p>\n<p>\u201cIt is important that we remove violative reuploads of this content as it spreads harmful misinformation about approved vaccines against COVID-19,\u201d YouTube higher-ups wrote to their employees.</p>\n<p>None of these details would have been known publicly had someone at YouTube not leaked the guidance, which will help YouTube users who want to share the Project Veritas video to know how to do so safely to avoid receiving a strike or having their channel axed.</p>\n<p>YouTube basically nitpicked the Project Veritas video in search of anything that might constitute a violation. Once it was successful, the Google-owned platform pulled the original video and informed employees about how to remove all offending reuploads of it.</p>\n<p>\u201cYes, peasants: you need your information filtered and approved,\u201d wrote a commenter about what YouTube is effectively doing and saying with this \u201curgent guidance. \u201cYour \u2018news\u2019 must always remain Democrat-friendly.\u201d</p>\n<p>\u201cIt\u2019s comforting for the Deep State to know that YouTube is ready and willing to provide cover for them and Project 1984,\u201d wrote another.</p>\n<p>Someone else wrote that it is \u201cnonsense\u201d for YouTube to claim that anything in the Project Veritas bombshell video about Pfizer is a violation of \u201cthe COVID-19 misinformation policy\u201d seeing as how YouTube <i>is</i> the COVID-19 misinformation policy.</p>\n<p>\u201cThis just proves that YouTube is conspiring with Big Pharma,\u201d suggested another.</p>\n<p>\u201cGoogle, its owner, is conspiring with Big Pharma because censorship is the game,\u201d responded someone else.</p>\n<p>\u201cThe only thing YouTube is good for these days is plumbing tutorials,\u201d joked another about how highly controlled YouTube has become in recent years.</p>\n<p>The latest news about covid jabs can be found at <a href=\"http://chemicalviolence.com\" target=\"_blank\">ChemicalViolence.com</a>.</p>\n<p><b>Sources for this article include:</b></p>\n<p><a href=\"https://www.thegatewaypundit.com/2023/01/youtube-insider-leaks-urgent-guidance-doc-sent-employees-handle-project-veritas-bombshell-pfizer-video/\" target=\"_blank\">TheGatewayPundit.com</a></p>\n<p><a href=\"https://www.naturalnews.com/2023-01-29-pfizer-jordon-trishton-walker-boston-consulting-group.html\" target=\"_blank\">NaturalNews.com</a></p>\n<div class=\"addtoany_share_save_container addtoany_content_bottom\"><div class=\"a2a_kit a2a_kit_size_32 addtoany_list\" data-a2a-url=\"2023-02-01-pfizer-urgent-guidance-project-veritas-bombshell-video\" data-a2a-title=\"Damage control: Pfizer releases \u201curgent guidance\u201d telling employees how to handle Project Veritas bombshell video\"><a class=\"a2a_button_google_plus\" href=\"https://www.addtoany.com/add_to/google_plus?linkurl=%2Fmediafactwatch%2F2023-02-01-pfizer-urgent-guidance-project-veritas-bombshell-video&amp;linkname=Damage%20control%3A%20Pfizer%20releases%20%E2%80%9Curgent%20guidance%E2%80%9D%20telling%20employees%20how%20to%20handle%20Project%20Veritas%20bombshell%20video\" title=\"Google+\" rel=\"nofollow\" target=\"_blank\"></a><a class=\"a2a_dd addtoany_share_save\" href=\"https://www.addtoany.com/share\"></a></div></div><br /><a target=\"_new\" href=\"https://support.naturalnews.com/Feedback.html\"><font style=\"font-size:18px\">Submit a correction &gt;&gt;</font></a><p></p></div>&#13;\n&#13;\n &#13;\n&#13;\n &#13;\n&#13;\n&#13;\n &#13;\n&#13;\n<div class=\"Widget\" id=\"Widget15\" gravityScore=\"-3\" gravityNodes=\"1\"><div class=\"Content\" gravityScore=\"-5\" gravityNodes=\"1\"><p class=\"Title\">Get Our Free Email Newsletter</p>&#13;\n<p class=\"Description\">Get independent news alerts on natural cures, food lab tests, cannabis medicine, science, robotics, drones, privacy and more.</p>&#13;\n<iframe src=\"/NT-Include-ReaderRegistration-2019-Subscribe-Form-UnderArticle.html\" frameborder=\"0\" scrolling=\"no\" style=\"max-width:250px;overflow: hidden;height:70px;\"></iframe>&#13;\n<div class=\"Small\">  Subscription confirmation required.<a></a><span>  Subscription confirmation required.<a></a><span><a href=\"/privacypolicy\">Your privacy is protected.</a> Subscription confirmation required.</span></span></div>&#13;\n</div>&#13;\n</div>&#13;\n&#13;\n<hr id=\"Marker5\" class=\"Marker\" />&#13;\n<hr id=\"Marker6\" class=\"Marker\" />&#13;\n&#13;\n &#13;\n&#13;\n &#13;\n&#13;\n &#13;\n</div>&#13;\n</div>&#13;\n&#13;\n &#13;\n&#13;\n<div class=\"Article2\" gravityScore=\"-4\" gravityNodes=\"1\"><div class=\"Sticky2\" gravityScore=\"-5\" gravityNodes=\"1\"><hr id=\"Marker3\" class=\"Marker\" />&#13;\n&#13;\n&#13;\n<div class=\"Widget\" id=\"Widget15\" gravityScore=\"-7\" gravityNodes=\"1\"><div class=\"Content\" gravityScore=\"-12\" gravityNodes=\"1\"><p class=\"Title\">Get Our Free Email Newsletter</p>&#13;\n<p class=\"Description\">Get independent news alerts on natural cures, food lab tests, cannabis medicine, science, robotics, drones, privacy and more.</p>&#13;\n<iframe src=\"/NT-Include-ReaderRegistration-2019-Subscribe-Form-RightColumn.html\" frameborder=\"0\" scrolling=\"no\" style=\"max-width:250px;overflow: hidden;height:70px;\"></iframe>&#13;\n<div class=\"Small\">  Subscription confirmation required.<a></a><span>  Subscription confirmation required.<a></a><span><a href=\"/privacypolicy\">Your privacy is protected.</a> Subscription confirmation required.</span></span></div>&#13;\n</div>&#13;\n</div>&#13;\n&#13;\n<div id=\"rp_widget-2\" class=\"widget widget_rp_widget\"><h2><p class=\"SectionHead\">RECENT NEWS &amp; ARTICLES</p></h2><div class=\"PostsSmall\"><div class=\"Post\"><div class=\"Pic\"><a href=\"2023-02-02-news-leaders-call-for-end-objective-journalism.html\"><img border=\"0\" src=\"wp-content/uploads/sites/41/2023/02/Interview-News-Media-Tv-Journalist-Information-Public.jpg\" /></a>&#13;\n</div>&#13;\n<div class=\"Text\"><div class=\"Title\"><a href=\"2023-02-02-news-leaders-call-for-end-objective-journalism.html\">\u201cObjectivity has got to go\u201d: News leaders call for the end of objective journalism</a></div>&#13;\n<div class=\"Info\"><span class=\"Author\"><a href=\"author/victort\">By News Editors</a></span></div>&#13;\n</div>&#13;\n</div>&#13;\n<div class=\"Post\"><div class=\"Pic\"><a href=\"2023-02-02-media-objectivity-news-racist-relic-white-newsrooms.html\"><img border=\"0\" src=\"wp-content/uploads/sites/41/2023/02/Racism-Race-Puzzle-Shapes-Black-White.jpg\" /></a>&#13;\n</div>&#13;\n<div class=\"Text\"><div class=\"Title\"><a href=\"2023-02-02-media-objectivity-news-racist-relic-white-newsrooms.html\">Corporate media heads say \u201cobjectivity\u201d in news coverage is \u201cracist\u201d \u2013 a relic of \u201cwhite newsrooms\u201d</a></div>&#13;\n<div class=\"Info\"><span class=\"Author\"><a href=\"author/ethanh\">By Ethan Huff</a></span></div>&#13;\n</div>&#13;\n</div>&#13;\n<div class=\"Post\"><div class=\"Pic\"><a href=\"2023-02-02-forbes-tries-to-discredit-project-veritas-fails-miserably.html\"><img border=\"0\" src=\"wp-content/uploads/sites/41/2023/02/veritas.png\" /></a>&#13;\n</div>&#13;\n<div class=\"Text\"><div class=\"Title\"><a href=\"2023-02-02-forbes-tries-to-discredit-project-veritas-fails-miserably.html\">Forbes tries to discredit Project Veritas but FAILS miserably\u00a0</a></div>&#13;\n<div class=\"Info\"><span class=\"Author\"><a href=\"author/sdwells\">By S.D. Wells</a></span></div>&#13;\n</div>&#13;\n</div>&#13;\n<div class=\"Post\"><div class=\"Pic\"><a href=\"2023-02-01-watchdog-condemns-new-york-times-russiagate-coverage.html\"><img border=\"0\" src=\"wp-content/uploads/sites/41/2023/02/new_york_times_building.jpg\" /></a>&#13;\n</div>&#13;\n<div class=\"Text\"><div class=\"Title\"><a href=\"2023-02-01-watchdog-condemns-new-york-times-russiagate-coverage.html\">Prestigious liberal watchdog condemns New York Times\u2019 Russiagate coverage</a></div>&#13;\n<div class=\"Info\"><span class=\"Author\"><a href=\"author/victort\">By News Editors</a></span></div>&#13;\n</div>&#13;\n</div>&#13;\n<div class=\"Post\"><div class=\"Pic\"><a href=\"2023-02-01-news-outlets-abandoning-objectivity-because-its-racist.html\"><img border=\"0\" src=\"wp-content/uploads/sites/41/2023/02/Newsroom-News-Studio-Television.jpg\" /></a>&#13;\n</div>&#13;\n<div class=\"Text\"><div class=\"Title\"><a href=\"2023-02-01-news-outlets-abandoning-objectivity-because-its-racist.html\">News outlets announce they\u2019re abandoning \u201cobjectivity\u201d because it\u2019s racist</a></div>&#13;\n<div class=\"Info\"><span class=\"Author\"><a href=\"author/newseditors\">By News Editors</a></span></div>&#13;\n</div>&#13;\n</div>&#13;\n<div class=\"Post\"><div class=\"Pic\"><a href=\"2023-02-01-pfizer-urgent-guidance-project-veritas-bombshell-video.html\"><img border=\"0\" src=\"wp-content/uploads/sites/41/2023/02/Project-Veritas-2.png\" /></a>&#13;\n</div>&#13;\n<div class=\"Text\"><div class=\"Title\"><a href=\"2023-02-01-pfizer-urgent-guidance-project-veritas-bombshell-video.html\">Damage control: Pfizer releases \u201curgent guidance\u201d telling employees how to handle Project Veritas bombshell video</a></div>&#13;\n<div class=\"Info\"><span class=\"Author\"><a href=\"author/ethanh\">By Ethan Huff</a></span></div>&#13;\n</div>&#13;\n</div>&#13;\n<div class=\"Post\"><div class=\"Pic\"><a href=\"2023-02-01-antarctica-hasnt-warmed-70-years-despite-co2.html\"><img border=\"0\" src=\"wp-content/uploads/sites/41/2023/02/Winter-Antarctica-Ice-Iceberg-Sun-Sky.jpg\" /></a>&#13;\n</div>&#13;\n<div class=\"Text\"><div class=\"Title\"><a href=\"2023-02-01-antarctica-hasnt-warmed-70-years-despite-co2.html\">Antarctica hasn\u2019t warmed in 70 years despite rising CO2 levels; climate scientists baffled</a></div>&#13;\n<div class=\"Info\"><span class=\"Author\"><a href=\"author/ethanh\">By Ethan Huff</a></span></div>&#13;\n</div>&#13;\n</div>&#13;\n<div class=\"Post\"><div class=\"Pic\"><a href=\"2023-02-01-george-soros-bankrolling-worldwide-fact-checking-network.html\"><img border=\"0\" src=\"wp-content/uploads/sites/41/2023/02/George-Soros.jpg\" /></a>&#13;\n</div>&#13;\n<div class=\"Text\"><div class=\"Title\"><a href=\"2023-02-01-george-soros-bankrolling-worldwide-fact-checking-network.html\">George Soros bankrolling worldwide \u201cfact-checking\u201d network</a></div>&#13;\n<div class=\"Info\"><span class=\"Author\"><a href=\"author/kevinhughes\">By Kevin Hughes</a></span></div>&#13;\n</div>&#13;\n</div>&#13;\n<div class=\"Post\"><div class=\"Pic\"><a href=\"2023-02-01-marschall-american-cities-continue-to-burn.html\"><img border=\"0\" src=\"wp-content/uploads/sites/41/2023/02/Antifa-Symbols-Hate.jpg\" /></a>&#13;\n</div>&#13;\n<div class=\"Text\"><div class=\"Title\"><a href=\"2023-02-01-marschall-american-cities-continue-to-burn.html\">MARSCHALL: American cities burn as liberals continue to deny Antifa\u2019s existence</a></div>&#13;\n<div class=\"Info\"><span class=\"Author\"><a href=\"author/victort1\">By News Editors</a></span></div>&#13;\n</div>&#13;\n</div>&#13;\n<div class=\"Post\"><div class=\"Pic\"><a href=\"2023-01-31-6-ways-democrats-communist-globalists-foment-hate.html\"><img border=\"0\" src=\"wp-content/uploads/sites/41/2023/02/Men-Yelling.jpg\" /></a>&#13;\n</div>&#13;\n<div class=\"Text\"><div class=\"Title\"><a href=\"2023-01-31-6-ways-democrats-communist-globalists-foment-hate.html\">DIVIDED WE FALL: Top 6 Ways the Democrats and Communist Globalists aim to foment HATE between US citizens until the Republic is destroyed</a></div>&#13;\n<div class=\"Info\"><span class=\"Author\"><a href=\"author/sdwells\">By S.D. Wells</a></span></div>&#13;\n</div>&#13;\n</div>&#13;\n<div class=\"Post\"><div class=\"Pic\"><a href=\"2023-01-31-media-agrees-blame-white-people-tyre-nichols.html\"><img border=\"0\" src=\"wp-content/uploads/sites/41/2023/01/Racism-Race-BLM-Group-Crowd-Concept.jpg\" /></a>&#13;\n</div>&#13;\n<div class=\"Text\"><div class=\"Title\"><a href=\"2023-01-31-media-agrees-blame-white-people-tyre-nichols.html\">Media agrees: Blame White people for five Black cops beating Tyre Nichols</a></div>&#13;\n<div class=\"Info\"><span class=\"Author\"><a href=\"author/newseditors\">By News Editors</a></span></div>&#13;\n</div>&#13;\n</div>&#13;\n<div class=\"Post\"><div class=\"Pic\"><a href=\"2023-01-31-twitter-execs-knew-russian-collusion-2016-election-was-false-said-nothing.html\"><img border=\"0\" src=\"wp-content/uploads/sites/41/2023/01/Donald-Trump-Air-Force-One-Thumbs-Up.jpg\" /></a>&#13;\n</div>&#13;\n<div class=\"Text\"><div class=\"Title\"><a href=\"2023-01-31-twitter-execs-knew-russian-collusion-2016-election-was-false-said-nothing.html\">Twitter execs knew \u2018Russian collusion\u2019 narrative about Trump during 2016 election was false but said nothing about it</a></div>&#13;\n<div class=\"Info\"><span class=\"Author\"><a href=\"author/jdheyes\">By JD Heyes</a></span></div>&#13;\n</div>&#13;\n</div>&#13;\n<div class=\"Post\"><div class=\"Pic\"><a href=\"2023-01-31-russia-hacker-hamilton-68-a-big-hoax.html\"><img border=\"0\" src=\"wp-content/uploads/sites/41/2023/01/Fake-News-Fact-Truth-Myth-Rumor-Fiction.jpg\" /></a>&#13;\n</div>&#13;\n<div class=\"Text\"><div class=\"Title\"><a href=\"2023-01-31-russia-hacker-hamilton-68-a-big-hoax.html\">Highly quoted Russian hacker known as \u2018Hamilton 68\u2019 is just a big hoax: Twitter Files</a></div>&#13;\n<div class=\"Info\"><span class=\"Author\"><a href=\"author/jdheyes\">By JD Heyes</a></span></div>&#13;\n</div>&#13;\n</div>&#13;\n<div class=\"Post\"><div class=\"Pic\"><a href=\"2023-01-31-report-antifa-members-actually-privileged-white-kids.html\"><img border=\"0\" src=\"wp-content/uploads/sites/41/2023/01/Protest-Protesters-Police-Standoff-Riot-Signs.jpg\" /></a>&#13;\n</div>&#13;\n<div class=\"Text\"><div class=\"Title\"><a href=\"2023-01-31-report-antifa-members-actually-privileged-white-kids.html\">Many Antifa members aren\u2019t oppressed minorities but actually privileged White kids</a></div>&#13;\n<div class=\"Info\"><span class=\"Author\"><a href=\"author/bellecarter\">By Belle Carter</a></span></div>&#13;\n</div>&#13;\n</div>&#13;\n<div class=\"Post\"><div class=\"Pic\"><a href=\"2023-01-31-pfizer-responses-to-veritas-expose.html\"><img border=\"0\" src=\"wp-content/uploads/sites/41/2023/01/Covid-19-Coronavirus-Pfizer-Syringe-Vaccine-Vial.jpg\" /></a>&#13;\n</div>&#13;\n<div class=\"Text\"><div class=\"Title\"><a href=\"2023-01-31-pfizer-responses-to-veritas-expose.html\">Pfizer responses to Veritas expose</a></div>&#13;\n<div class=\"Info\"><span class=\"Author\"><a href=\"author/newseditors\">By News Editors</a></span></div>&#13;\n</div>&#13;\n</div>&#13;\n<div class=\"Post\"><div class=\"Pic\"><a href=\"2023-01-30-nfl-damar-hamlin-appears-bengals-conspiracy.html\"><img border=\"0\" src=\"wp-content/uploads/sites/41/2023/01/Football-Laces-Grass-Close-up.jpg\" /></a>&#13;\n</div>&#13;\n<div class=\"Text\"><div class=\"Title\"><a href=\"2023-01-30-nfl-damar-hamlin-appears-bengals-conspiracy.html\">NFL player Damar Hamlin makes first post-cardiac arrest appearance at Bengals playoff game \u2013 or did he?</a></div>&#13;\n<div class=\"Info\"><span class=\"Author\"><a href=\"author/ethanh\">By Ethan Huff</a></span></div>&#13;\n</div>&#13;\n</div>&#13;\n<div class=\"Post\"><div class=\"Pic\"><a href=\"2023-01-27-daily-mail-msn-remove-coverage-project-veritas.html\"><img border=\"0\" src=\"wp-content/uploads/sites/41/2023/01/Pfizer-is-mutating-1.jpg\" /></a>&#13;\n</div>&#13;\n<div class=\"Text\"><div class=\"Title\"><a href=\"2023-01-27-daily-mail-msn-remove-coverage-project-veritas.html\">MEMORY HOLED: Daily Mail and MSN take down their stories covering Project Veritas Pfizer bombshell</a></div>&#13;\n<div class=\"Info\"><span class=\"Author\"><a href=\"author/newseditors\">By News Editors</a></span></div>&#13;\n</div>&#13;\n</div>&#13;\n<div class=\"Post\"><div class=\"Pic\"><a href=\"2023-01-27-propaganda-and-censorship-dominate-the-information-war.html\"><img border=\"0\" src=\"wp-content/uploads/sites/41/2023/01/Censorship-Man-Censored-Tape-Mouth.jpg\" /></a>&#13;\n</div>&#13;\n<div class=\"Text\"><div class=\"Title\"><a href=\"2023-01-27-propaganda-and-censorship-dominate-the-information-war.html\">Propaganda and censorship dominate the information war</a></div>&#13;\n<div class=\"Info\"><span class=\"Author\"><a href=\"author/victort\">By News Editors</a></span></div>&#13;\n</div>&#13;\n</div>&#13;\n<div class=\"Post\"><div class=\"Pic\"><a href=\"2023-01-27-former-fbi-agent-handled-trump-russia-collusion-probe-arrested.html\"><img border=\"0\" src=\"wp-content/uploads/sites/41/2023/01/FBI-Department-of-Justice-Logo-Seal-Building.jpg\" /></a>&#13;\n</div>&#13;\n<div class=\"Text\"><div class=\"Title\"><a href=\"2023-01-27-former-fbi-agent-handled-trump-russia-collusion-probe-arrested.html\">Former FBI agent who handled fabricated \u2018Trump-Russia collusion\u2019 probe has been arrested for ties to Russian oligarch</a></div>&#13;\n<div class=\"Info\"><span class=\"Author\"><a href=\"author/jdheyes\">By JD Heyes</a></span></div>&#13;\n</div>&#13;\n</div>&#13;\n<div class=\"Post\"><div class=\"Pic\"><a href=\"2023-01-27-atlantic-wants-twitter-censor-viral-diedsuddenly-trend.html\"><img border=\"0\" src=\"wp-content/uploads/sites/41/2023/01/Censored-Twitter-Tablet-Computer.jpg\" /></a>&#13;\n</div>&#13;\n<div class=\"Text\"><div class=\"Title\"><a href=\"2023-01-27-atlantic-wants-twitter-censor-viral-diedsuddenly-trend.html\">Globalist Atlantic publication wants Twitter to censor viral #DiedSuddenly trend</a></div>&#13;\n<div class=\"Info\"><span class=\"Author\"><a href=\"author/victort\">By News Editors</a></span></div>&#13;\n</div>&#13;\n</div>&#13;\n</div></div>&#13;\n</div>&#13;\n</div>&#13;\n&#13;\n &#13;\n &#13;\n</div>&#13;\n</div>&#13;\n&#13;\n &#13;\n&#13;\n &#13;\n&#13;\n &#13;\n&#13;\n</div>&#13;\n&#13;\n</div>&#13;\n&#13;\n&#13;\n &#13;\n&#13;\n&#13;\n &#13;\n &#13;\n&#13;\n&#13;\n &#13;\n&#13;\n &#13;\n&#13;\n &#13;\n&#13;\n &#13;\n&#13;\n &#13;\n&#13;\n &#13;\n&#13;\n&#13;\n</div></div></body></html>\n"], "movies": [], "links": ["https://www.thegatewaypundit.com/2023/01/youtube-insider-leaks-urgent-guidance-doc-sent-employees-handle-project-veritas-bombshell-pfizer-video/", "https://twitter.com/YouTube?ref_src=twsrc%5Etfw", "https://twitter.com/Project_Veritas?ref_src=twsrc%5Etfw", "https://twitter.com/pfizer?ref_src=twsrc%5Etfw", "https://twitter.com/hashtag/DirectedEvolution?src=hash&ref_src=twsrc%5Etfw", "https://t.co/SoJusG8B4c", "https://twitter.com/EricSpracklen/status/1620196477200117760?ref_src=twsrc%5Etfw", "https://www.naturalnews.com/2023-01-29-pfizer-jordon-trishton-walker-boston-consulting-group.html", "http://chemicalviolence.com", "https://www.thegatewaypundit.com/2023/01/youtube-insider-leaks-urgent-guidance-doc-sent-employees-handle-project-veritas-bombshell-pfizer-video/", "https://www.naturalnews.com/2023-01-29-pfizer-jordon-trishton-walker-boston-consulting-group.html", "https://www.addtoany.com/add_to/google_plus?linkurl=%2Fmediafactwatch%2F2023-02-01-pfizer-urgent-guidance-project-veritas-bombshell-video&linkname=Damage%20control%3A%20Pfizer%20releases%20%E2%80%9Curgent%20guidance%E2%80%9D%20telling%20employees%20how%20to%20handle%20Project%20Veritas%20bombshell%20video", "https://www.addtoany.com/share", "https://support.naturalnews.com/Feedback.html"], "authors": [], "publish_date": null}