{"result_id": "199042", "URL": "https://medicalkidnap.com/2022/09/12/hollywood-makeup-artist-dead-9-days-after-monkeypox-vaccine/", "timestamp": "2023-04-25 16:20:50 CEST+0200", "meta": {"description": "There have been no recorded deaths so far from those diagnosed with monkeypox, but we now have our first report of someone who died shortly following a monkeypox vaccine. Michael Mosher, a Hollywood makeup artist, has died 9 days after receiving a monkeypox vaccine, according to social media posts. He was reportedly vaccinated for monkeypox on August 25, 2022, and then \"died suddenly\" on September 3, 2022. Mosher was also a fan of the COVID-19 shots and fully vaccinated for COVID, while ridiculing \"anti-vaxxers\" who refused to get the shots. The White House has ordered 2.5 million doses of the monkeypox vaccine, and the CDC is developing a protocol aimed at allowing use of Bavarian Nordic A/S\u2019s Jynneos vaccine in children.", "lang": "en", "keywords": "", "favicon": "/wp-content/uploads/sites/7/2014/10/medicalkidnap-fav.png", "canonical": "https://medicalkidnap.com/2022/09/12/hollywood-makeup-artist-dead-9-days-after-monkeypox-vaccine/", "encoding": "utf-8"}, "image": null, "domain": "medicalkidnap.com", "title": "Hollywood Makeup Artist Dead 9 Days After Monkeypox Vaccine - Medical Kidnap", "cleaned_text": "There have been no recorded deaths so far from those diagnosed with monkeypox, but we now have our first report of someone who died shortly following a monkeypox vaccine.\n\nMichael Mosher, a Hollywood makeup artist, has died 9 days after receiving a monkeypox vaccine, according to social media posts.\n\nHe was reportedly vaccinated for monkeypox on August 25, 2022, and then \u201cdied suddenly\u201d on September 3, 2022.\n\nMosher was also a fan of the COVID-19 shots and fully vaccinated for COVID, while ridiculing \u201canti-vaxxers\u201d who refused to get the shots.\n\nThe White House has ordered 2.5 million doses of the monkeypox vaccine, and the CDC is developing a protocol aimed at allowing use of Bavarian Nordic A/S\u2019s Jynneos vaccine in children. (Source.)\n\nMonkeyPox Vaccine Has HIGHER Rates of Heart Disease Side Effects than COVID Vaccines and the CDC Wants to Inject them Into Your Children\n\nComment on this article at HealthImpactNews.com.\n\nUnderstand the Times We are Currently Living Through\n\nThe God of All Comfort\n\nYear 2023: Will America Fulfill Its Destiny? Jesus Christ is the Only \u201cTranshuman\u201d the World Has Ever Seen or Will Ever See\n\nAn Invitation to the Technologists to Join the Winning Side\n\nSynagogue of Satan: Why It\u2019s Time to Leave the Corporate Christian Church\n\nHow to Determine if you are a Disciple of Jesus Christ or Not\n\nEpigenetics Exposes Darwinian Biology as a Religion \u2013 Your DNA Does NOT Determine Your Health!\n\nWhat Happens When a Holy and Righteous God Gets Angry? Lessons from History and the Prophet Jeremiah\n\nInsider Exposes Freemasonry as the World\u2019s Oldest Secret Religion and the Luciferian Plans for The New World Order\n\nIdentifying the Luciferian Globalists Implementing the New World Order \u2013 Who are the \u201cJews\u201d?\n\nSupport the case against Medical Kidnapping by purchasing our new book!\n\nIf you know people who are skeptical and cannot believe that medical kidnapping happens in the U.S. today, this is the book for them! Backed with solid references and real life examples, they will not be able to deny the plain evidence before them, and will become better educated on this topic that is destroying the American family.\n\n2 Books\n\n Retail: $49.98 (for 2 books)\n\n FREE Shipping Available!\n\n Now: $19.99 (for 2 books)\n\n Order here!", "opengraph": {"locale": "en_US", "site_name": "Medical Kidnap - News on medical abductions by hospitals and government social agencies.", "type": "article", "title": "Hollywood Makeup Artist Dead 9 Days After Monkeypox Vaccine - Medical Kidnap", "description": "There have been no recorded deaths so far from those diagnosed with monkeypox, but we now have our first report of someone who died shortly following a monkeypox vaccine. Michael Mosher, a Hollywood makeup artist, has died 9 days after receiving a monkeypox vaccine, according to social media posts. He was reportedly vaccinated for monkeypox on August 25, 2022, and then \"died suddenly\" on September 3, 2022. Mosher was also a fan of the COVID-19 shots and fully vaccinated for COVID, while ridiculing \"anti-vaxxers\" who refused to get the shots. The White House has ordered 2.5 million doses of the monkeypox vaccine, and the CDC is developing a protocol aimed at allowing use of Bavarian Nordic A/S\u2019s Jynneos vaccine in children.", "url": "https://medicalkidnap.com/2022/09/12/hollywood-makeup-artist-dead-9-days-after-monkeypox-vaccine/", "article:published_time": "2022-09-12T20:08:26+00:00", "article:modified_time": "2022-09-12T20:08:26+00:00"}, "tags": ["monkeypox vaccine"], "tweets": [], "movies": [], "links": ["https://time.com/6190759/monkeypox-vaccine-kids/", "https://healthimpactnews.com/2022/monkeypox-vaccine-has-higher-rates-of-heart-disease-side-effects-than-covid-vaccines-and-the-cdc-wants-to-inject-them-into-your-children/", "https://healthimpactnews.com/2022/hollywood-makeup-artist-dead-9-days-after-monkeypox-vaccine/", "https://created4health.org/the-god-of-all-comfort/", "https://created4health.org/the-god-of-all-comfort/", "https://created4health.org/year-2023-will-america-fulfill-its-destiny-jesus-christ-is-the-only-trans-human-the-world-has-ever-seen-or-will-ever-see/", "https://created4health.org/year-2023-will-america-fulfill-its-destiny-jesus-christ-is-the-only-trans-human-the-world-has-ever-seen-or-will-ever-see/", "https://created4health.org/an-invitation-to-the-technologists-to-join-the-winning-side/", "https://created4health.org/an-invitation-to-the-technologists-to-join-the-winning-side/", "https://created4health.org/synagogue-of-satan-why-its-time-to-leave-the-corporate-christian-church/", "https://created4health.org/synagogue-of-satan-why-its-time-to-leave-the-corporate-christian-church/", "https://created4health.org/how-to-determine-if-you-are-a-disciple-of-jesus-christ-or-not/", "https://created4health.org/how-to-determine-if-you-are-a-disciple-of-jesus-christ-or-not/", "https://healthimpactnews.com/2023/epigenetics-exposes-darwinian-biology-as-a-religion-your-dna-does-not-determine-your-health/", "https://healthimpactnews.com/2023/epigenetics-exposes-darwinian-biology-as-a-religion-your-dna-does-not-determine-your-health/", "https://created4health.org/what-happens-when-a-holy-and-righteous-god-gets-angry-lessons-from-history-and-the-prophet-jeremiah/", "https://created4health.org/what-happens-when-a-holy-and-righteous-god-gets-angry-lessons-from-history-and-the-prophet-jeremiah/", "https://healthimpactnews.com/2021/insider-exposes-freemasonry-as-the-worlds-oldest-secret-religion-and-the-luciferian-plans-for-the-new-world-order/", "https://healthimpactnews.com/2021/insider-exposes-freemasonry-as-the-worlds-oldest-secret-religion-and-the-luciferian-plans-for-the-new-world-order/", "https://healthimpactnews.com/2021/identifying-the-luciferian-globalists-implementing-the-new-world-order-who-are-the-jews/", "https://healthimpactnews.com/2021/identifying-the-luciferian-globalists-implementing-the-new-world-order-who-are-the-jews/", "https://created4health.org/fact-check-christianity-and-the-christian-religion-is-not-found-in-the-bible-the-person-jesus-christ-is/", "https://created4health.org/fact-check-christianity-and-the-christian-religion-is-not-found-in-the-bible-the-person-jesus-christ-is/", "https://created4health.org/the-seal-and-mark-of-god-is-far-more-important-than-the-mark-of-the-beast-are-you-prepared-for-whats-coming/", "https://created4health.org/the-seal-and-mark-of-god-is-far-more-important-than-the-mark-of-the-beast-are-you-prepared-for-whats-coming/", "https://created4health.org/the-satanic-roots-to-modern-medicine-the-mark-of-the-beast/", "https://created4health.org/the-satanic-roots-to-modern-medicine-the-mark-of-the-beast/", "https://created4health.org/medicine-idolatry-in-the-twenty-first-century/", "https://created4health.org/medicine-idolatry-in-the-twenty-first-century/", "https://created4health.org/make-reading-the-bible-a-new-year-resolution-it-could-change-your-life/", "https://healthimpactnews.com/2020/how-to-beat-internet-censorship-and-create-your-own-newsfeed/", "https://healthimpactnews.com/2020/how-to-beat-internet-censorship-and-create-your-own-newsfeed/", "https://t.me/healthimpact", "https://www.bitchute.com/channel/HlyeDvlqcVJm/", "https://odysee.com/@HealthImpactNews:1", "https://t.me/healthimpact", "https://www.bitchute.com/channel/HlyeDvlqcVJm/", "https://odysee.com/@HealthImpactNews:1", "https://www.torproject.org/", "https://www.torproject.org/", "http://a272fk5d36p7qbmdgcf5d4dwwmhncdkteqmnzbercp75hgycbmytb4ad.onion/", "http://mhr6ji2fyhcaeviqoz2yyx7vq5neq54yqdlkvxyg2j3yl2ktxizc36id.onion/", "http://ahdemogiwgycere5gc3r4lzyusa77ksrt6q7fcc2nall27gpnxkzdvid.onion/", "http://f7rkl2pb2uwyyrw3mgaxstwig3nhpl25fhjdvoultpn4j56n3vkbgkad.onion/", "http://mh7mycgri5w3vdm3jmuir6dhtecgu76njt2eehqhiwxrygiivq53i5ad.onion/", "https://healthytraditions.com/products/the-new-child-abuse-pediatrician-doctors-become-prosecutors?_pos=1&_sid=7318fafb2&_ss=r", "https://healthytraditions.com/products/how-to-protect-yourself-and-your-children-from-medical-kidnapping-ebook?_pos=6&_sid=037ad3469&_ss=r", "https://healthytraditions.com/products/medical-kidnapping-ebook?_pos=1&_sid=2f54e5c55&_ss=r", "https://healthytraditions.com/products/book-medical-kidnapping-a-threat-to-every-family-in-america-by-brian-shilhavy?_pos=7&_sid=2f54e5c55&_ss=r", "https://healthytraditions.com/products/book-medical-kidnapping-a-threat-to-every-family-in-america-by-brian-shilhavy?_pos=7&_sid=2f54e5c55&_ss=r", "https://healthytraditions.com/products/book-medical-kidnapping-a-threat-to-every-family-in-america-by-brian-shilhavy", "https://healthytraditions.com/products/book-medical-kidnapping-a-threat-to-every-family-in-america-by-brian-shilhavy", "https://healthimpactnews.com/revive/www/delivery/ck.php?n=af3e0a62&cb=INSERT_RANDOM_NUMBER_HERE"], "authors": [], "publish_date": "2022-09-12T20:08:26+00:00"}