{"result_id": "202035", "URL": "https://healthypets.mercola.com/sites/healthypets/archive/2021/03/17/way-to-prevent-and-treat-kennel-cough.aspx", "timestamp": "2023-04-25 16:22:00 CEST+0200", "meta": {"description": "Bordetella, or kennel cough, is similar to a chest cold in humans and is marked by a dry hacking cough.", "lang": "en", "keywords": "", "favicon": "//media.mercola.com/assets/images/mercola/favicon.ico", "canonical": "https://healthypets.mercola.com/sites/healthypets/archive/2021/03/17/way-to-prevent-and-treat-kennel-cough.aspx", "encoding": "UTF-8"}, "image": null, "domain": "healthypets.mercola.com", "title": "My Preferred Way to Prevent and Treat Kennel Cough", "cleaned_text": "Unlock censored pet health information that Google doesn\u2019t want you to read\n\nKeep your privacy secure \u2014 we will soon be blocking our content from Google search to ensure your privacy stays protected\n\nGet access to all of Dr. Becker\u2019s health articles, E-books and special reports", "opengraph": {"image": "https://media.mercola.com/ImageServer/Public/2021/March/FB/kennel-cough-02-fb.jpg", "title": "My Preferred Way to Prevent and Treat Kennel Cough", "type": "article", "url": "http://healthypets.mercola.com/sites/healthypets/archive/2021/03/17/way-to-prevent-and-treat-kennel-cough.aspx", "site_name": "Mercola.com", "description": "Bordetella, or kennel cough, is similar to a chest cold in humans and is marked by a dry hacking cough."}, "tags": [], "tweets": [], "movies": [], "links": [], "authors": [], "publish_date": null}