{"result_id": "202023", "URL": "https://healthypets.mercola.com/sites/healthypets/archive/2011/06/21/expert-proof-most-pets-are-vaccinated-way-too-often.aspx", "timestamp": "2023-04-25 16:21:54 CEST+0200", "meta": {"description": "The rabies vaccine is required by every state in the U.S. but repeatedly administering the rabies vaccine for dogs does not enhance your pet's immunity.", "lang": "en", "keywords": "", "favicon": "//media.mercola.com/assets/images/mercola/favicon.ico", "canonical": "https://healthypets.mercola.com/sites/healthypets/archive/2011/06/21/expert-proof-most-pets-are-vaccinated-way-too-often.aspx", "encoding": "UTF-8"}, "image": null, "domain": "healthypets.mercola.com", "title": "Should the Rabies Vaccine Be Given Every Two or Three Years?", "cleaned_text": "Unlock censored pet health information that Google doesn\u2019t want you to read\n\nKeep your privacy secure \u2014 we will soon be blocking our content from Google search to ensure your privacy stays protected\n\nGet access to all of Dr. Becker\u2019s health articles, E-books and special reports", "opengraph": {"image": "https://media.mercola.com/ImageServer/Public/2016/April/does-pet-really-need-another-rabies-vaccine-fb.jpg", "title": "Should the Rabies Vaccine Be Given Every Two or Three Years?", "type": "article", "url": "http://healthypets.mercola.com/sites/healthypets/archive/2011/06/21/expert-proof-most-pets-are-vaccinated-way-too-often.aspx", "site_name": "Mercola.com", "description": "The rabies vaccine is required by every state in the U.S. but repeatedly administering the rabies vaccine for dogs does not enhance your pet's immunity."}, "tags": [], "tweets": [], "movies": [], "links": [], "authors": [], "publish_date": null}