{"result_id": "206037", "URL": "https://nationalsecurity.news/2021-10-14-america-a-dead-man-walking.html", "timestamp": "2023-04-25 16:25:17 CEST+0200", "meta": {"description": "Will America Exist in 10 or 20 Years? Probably Not I knew America was finished when the insouciant dumbshits let the corrupt Establishment openly and blatantly steal a presidential election and install a cipher as front man for the Establishment\u2019s agenda. (Article republished from PaulCraigRoberts.org) What is the Establishment\u2019s agenda? It is Evil incarnate. The [\u2026]", "lang": "en", "keywords": "anti-white,big government,brainwashed,Collapse,conspiracy,deep state,democrats,identity politics,insanity,invasion usa,migrants,national security,Open Borders,population control,propaganda", "favicon": "wp-content/themes/NTTheme/images/Newstarget-fav.png", "canonical": "https://nationalsecurity.news/2021-10-14-america-a-dead-man-walking.html", "encoding": "UTF-8"}, "image": null, "domain": "nationalsecurity.news", "title": "America: A dead man walking", "cleaned_text": "Will America Exist in 10 or 20 Years? Probably Not\n\nI knew America was finished when the insouciant dumbshits let the corrupt Establishment openly and blatantly steal a presidential election and install a cipher as front man for the Establishment\u2019s agenda.\n\nWhat is the Establishment\u2019s agenda? It is Evil incarnate.\n\nThe agenda is the rewrite of Western history as one vast crime.\n\nThe agenda is the demonization of all European and British ethnicities with white skin.\n\nThe agenda is the replacement in Western universities and school systems of pride for the great achievements of Western civilization, such as the rule of law as a shield of the people instead of a weapon in the hands of the government, civil liberty, and no crime without intent, with guilt for, and rejection of, our achievements reduced to racism, misogynism, and denial of multiple genders. Monuments to heroes are destroyed and replaced with shrines to felon drug addicts. The rewriting of history in the West by the West\u2019s worst enemies is now being used in elementary schools to separate white children from their culture and their identity. The parents who complain are being designated \u201cdomestic terrorists\u201d by the anti-white Democrat school boards and the Democrat anti-American Biden regime. The evidence is everywhere. See here for example: https://www.paulcraigroberts.org/2021/10/11/get-your-children-out-of-public-schools-where-they-are-brainwashed-with-critical-race-and-gender-indoctrination/\n\nThe agenda is the overrunning of British, European, American, and Canadian white ethnicities with a policy of open borders to third world unassimilable illegal immigrant-invaders. The immigrant-invaders receive preferential treatment from the anti-white European political regime and media. The consequence is the demoralization of European ethnicities. In some European countries, for a white woman to report her rape by an immigrant-invader borders on a hate crime. The European governments are careful not to report the race of those arrested for crimes. To honestly report would be a hate crime, a sign of racism, and result in a demand for resignation if not arrest.\n\nThe agenda is the replacement of white ethnicities who are taxed too heavily to afford children with publicly-supported immigrant-invaders who have many children, and by intermarriage of races encouraged by propaganda, advertising, and entertainment. Indeed, in the US for example white men have disappeared from advertisements, and their traditional movie roles are now taken by women and blacks. A white family is seldom seen in advertisements.\n\nThe agenda is to kill and make infertile as many white people as possible with Covid mRNA \u201cvaccines\u201d that attack the body\u2019s fertility organs and destroy the body\u2019s natural immune system.\n\nEvery dumbshit who votes Democrat votes for this agenda. Americans are so utterly stupid that they vote themselves for obliteration. A people this stupid cannot be helped.\n\nThroughout the Christian world, or perhaps more correctly, the former Christian world, no Christian churches are being built, but mosques proliferate. It is the Muslims, not the Christians or name-only Christians, who have confidence. Jean Raspail in his bestseller in 1973 explained how this works. His book is out of print, and no publishing house has the courage to publish a book that informs the people who are selected for destruction and are well on their way to Orwell\u2019s memory hole.\n\nThose people are white people. Their future is death and obliteration. And the dumbshits sit there, with guns in their safes, sucking their thumbs, voting for Democrats, taking the death jab, sending their kids to public schools and universities to be brainwashed against white people.\n\nSuch a people are already dead.\n\nAn overstatement? Perhaps. The Jews thought Mein Kampf was an overstatement and ignored the writing on the wall.", "opengraph": {"title": "America: A dead man walking", "type": "article", "url": "https://www.nationalsecurity.news/2021-10-14-america-a-dead-man-walking.html", "site_name": "National Security", "description": "Will America Exist in 10 or 20 Years? Probably Not I knew America was finished when the insouciant dumbshits let the corrupt Establishment openly and blatantly steal a presidential election and install a cipher as front man for the Establishment\u2019s agenda. (Article republished from PaulCraigRoberts.org) What is the Establishment\u2019s agenda? It is Evil incarnate. The [\u2026]", "image": "https://www.nationalsecurity.news/wp-content/uploads/sites/23/2021/10/Usa-Flag-American-Background-Abstract-Colorful-America.jpg"}, "tags": ["conspiracy", "population control", "big government", "Open Borders", "deep state", "national security", "Collapse", "democrats", "invasion usa", "migrants", "insanity", "brainwashed", "propaganda", "identity politics", "anti-white"], "tweets": [], "movies": [], "links": ["https://www.paulcraigroberts.org/2021/10/12/america-a-dead-man-walking/", "https://www.paulcraigroberts.org/2021/10/11/get-your-children-out-of-public-schools-where-they-are-brainwashed-with-critical-race-and-gender-indoctrination/", "https://www.paulcraigroberts.org/2021/10/12/america-a-dead-man-walking/", "https://www.addtoany.com/add_to/google_plus?linkurl=%2Fnationalsecurity%2F2021-10-14-america-a-dead-man-walking&linkname=America%3A%20A%20dead%20man%20walking", "https://www.addtoany.com/share", "http://store.naturalnews.com/Ranger-Bucket--Organic-Emergency-Storable-Food-Supply_p_860.html?a_aid=JD&a_bid=d9ca75ec", "https://support.naturalnews.com/Feedback.html"], "authors": [], "publish_date": null}