{"result_id": "213018", "URL": "https://naturalnewsblogs.com/tag/polio-vaccine/", "timestamp": "2023-04-25 16:29:49 CEST+0200", "meta": {"description": "", "lang": "it", "keywords": "", "favicon": "https://naturalnewsblogs.com/wp-content/themes/NaturalNews101/images/NaturalNews.ico", "canonical": "https://naturalnewsblogs.com/tag/polio-vaccine/", "encoding": "UTF-8"}, "image": null, "domain": "naturalnewsblogs.com", "title": "polio vaccine Archives", "cleaned_text": "", "opengraph": {"locale": "en_US", "type": "object", "title": "polio vaccine Archives - NaturalNewsBlogs", "url": "https://naturalnewsblogs.com/tag/polio-vaccine/", "site_name": "NaturalNewsBlogs"}, "tags": [], "tweets": [], "movies": [], "links": [], "authors": [], "publish_date": null}