{"result_id": "214030", "URL": "https://www.naturalnewsradio.com/The-Health-Ranger-Report.html", "timestamp": "2023-04-25 16:30:58 CEST+0200", "meta": {"description": "The Power to Heal is Yours!", "lang": "en", "keywords": "Natural News, Radio, Robert Scott Bell, Health Ranger, Streaming, Video", "favicon": "//www.naturalnewsradio.com/Assets/Themes/NaturalNewsRadio/Images/favicon.ico", "canonical": "https://www.naturalnewsradio.com/The-Health-Ranger-Report.html", "encoding": null}, "image": null, "domain": "www.naturalnewsradio.com", "title": "The Health Ranger Report", "cleaned_text": "", "opengraph": {"title": "The Health Ranger Report", "description": "The Power to Heal is Yours!", "type": "website", "url": "https://www.naturalnewsradio.com", "site_name": "NaturalNewsRadio", "image": "https://www.naturalnewsradio.com/Assets/Uploads//NaturalNews-Radio.jpg"}, "tags": [], "tweets": [], "movies": [], "links": [], "authors": [], "publish_date": null}