{"result_id": "215031", "URL": "https://www.naturalpedia.com/myelin-damage-causes-side-effects-and-treatments-at-naturalpedia-com.html", "timestamp": "2023-04-25 16:31:24 CEST+0200", "meta": {"description": "Myelin damage is a condition wherein the destruction of the myelin sheath\u00a0\u2013 a lipid-rich substance that normally protects nerve fibers\u00a0\u2013 ...", "lang": "en", "keywords": "myelin damage", "favicon": "https://www.naturalpedia.com/images/icon.ico", "canonical": "https://www.naturalpedia.com/myelin-damage-causes-side-effects-and-treatments-at-naturalpedia-com.html", "encoding": "UTF-8"}, "image": null, "domain": "www.naturalpedia.com", "title": "Myelin damage \u2013 causes, side effects and treatments at NaturalPedia.com", "cleaned_text": "Myelin damage is a condition wherein the destruction of the myelin sheath \u2013 a lipid-rich substance that normally protects nerve fibers \u2013 occurs. The process of destruction is called demyelination and it causes the nerve fibers to be exposed, damaging the nervous system and the peripheral nervous system.\n\nThis condition is commonly caused by some viral infections, metabolic issues, oxygen loss, and physical compression.\n\nThe most popular kind of this disorder is multiple sclerosis.\n\nKnown risk factors and symptoms of myelin damage\n\nSince the nerves play a big role in the entire body function, a variety of symptoms may be experienced by those suffering from myelin damage, such as:\n\u2022 No control over bladder and urge to bowel\n\nAs mentioned above, myelin damage largely affects the central nervous system and peripheral nervous system. Since the entire body is associated with nerve activities, this condition may also affect the rest of the human body.\n\nFood items or nutrients that may prevent or relieve myelin damage\n\nAlthough there are no particular foods that can prevent myelin damage, there are recommended foods and nutrients that can help deal with its most common kind which is multiple sclerosis.\n\nSince myelin damage is an autoimmune disease, there is no specific way of curing or stopping it. However, there are natural ways that can be done to help treat and manage it.\n\u2022 Exposure to the sun for vitamin D.\n\u2022 Consuming organic foods and staying away from GMO products.\n\u2022 Be aware of possible allergies and ensure they are not triggered\n\u2022 Get tested for vitamin and heavy metal levels.\n\nWhere to learn more\n\u2022 Aging without disease: Scientists have discovered that nervous system function can be restored with proper lifestyle adjustments\n\nMyelin damage is a degenerative process that destroys myelin sheats responsible for protecting nerve fibers. It can be caused by viral infections, metabolic issues, oxygen loss, and physical compression and affects the nervous system and peripheral nervous system of a person.T he most common type of this disease is called multiple sclerosis.\n\nAmong many symptoms associated with myelin damage, the more known ones are numbness, poor or total loss of reflexes, uncoordinated movements, blurry vision, dizziness and fatigue, palpitations, memory problems, pain, and difficulty controlling the bladder and bowel movement.\n\nFoods rich in probiotics, selenium, ginseng, omega-3, and vitamin D may prevent or relieve the symptoms of myelin damage. In addition, ginger, cannabis, cranberry, echinacea, peppermint are also recommended.\n\nTo treat myelin damage, it is essential to switch to a healthier lifestyle. Exposure to the sun, consumption of a healthy diet, and regular exercise can help in dealing with the disease. Meanwhile, it\u2019s important to steer clear of GMO products, foods with gluten, and the use of the microwave.", "opengraph": {"title": "Myelin damage \u2013 causes, side effects and treatments at NaturalPedia.com", "type": "article", "url": "http://www.naturalpedia.com/myelin-damage-causes-side-effects-and-treatments-at-naturalpedia-com.html", "site_name": "Natural Pedia Com", "description": "Myelin damage is a condition wherein the destruction of the myelin sheath\u00a0\u2013 a lipid-rich substance that normally protects nerve fibers\u00a0\u2013 ...", "image": "http://www.naturalpedia.com/wp-content/uploads/sites/292/2018/06/Nerves.jpg"}, "tags": ["myelin damage"], "tweets": [], "movies": [], "links": ["https://www.medicinenet.com/script/main/art.asp?articlekey=11143", "https://www.healthline.com/health/multiple-sclerosis/demyelination#symptoms", "https://www.msdmanuals.com/professional/neurologic-disorders/demyelinating-disorders/overview-of-demyelinating-disorders", "https://www.organicfacts.net/home-remedies/multiple-sclerosis.html", "https://www.mindbodygreen.com/0-9943/15-ways-to-help-treat-ms-naturally.html", "https://www.naturalnews.com/023080_vaccine_HPV_cancer.html", "https://www.naturalnewsblogs.com/navigating-hot-spots/", "https://www.naturalnewsblogs.com/ms-nutrition-dietary-intervention-multiple-sclerosis-shows-great-results/", "https://www.naturalnews.com/2017-05-10-wireless-devices-the-unspoken-truth.html", "https://www.naturalnews.com/2017-12-05-aging-without-disease-scientists-have-discovered-that-nervous-system-function-can-be-restored-with-proper-lifestyle-adjustments.html", "https://www.medicinenet.com/script/main/art.asp?articlekey=11143", "https://www.healthline.com/health/multiple-sclerosis/demyelination#symptoms", "https://www.msdmanuals.com/professional/neurologic-disorders/demyelinating-disorders/overview-of-demyelinating-disorders", "https://www.organicfacts.net/home-remedies/multiple-sclerosis.html", "https://www.mindbodygreen.com/0-9943/15-ways-to-help-treat-ms-naturally.html", "https://www.addtoany.com/add_to/facebook?linkurl=%2Fnaturalpedia%2Fmyelin-damage-causes-side-effects-and-treatments-at-naturalpedia-com.html&linkname=Myelin%20damage%20%E2%80%93%20causes%2C%20side%20effects%20and%20treatments%20at%20NaturalPedia.com", "https://www.addtoany.com/add_to/twitter?linkurl=%2Fnaturalpedia%2Fmyelin-damage-causes-side-effects-and-treatments-at-naturalpedia-com.html&linkname=Myelin%20damage%20%E2%80%93%20causes%2C%20side%20effects%20and%20treatments%20at%20NaturalPedia.com", "https://www.addtoany.com/add_to/google_plus?linkurl=%2Fnaturalpedia%2Fmyelin-damage-causes-side-effects-and-treatments-at-naturalpedia-com.html&linkname=Myelin%20damage%20%E2%80%93%20causes%2C%20side%20effects%20and%20treatments%20at%20NaturalPedia.com", "https://www.addtoany.com/share"], "authors": ["Zoey Sky", "Rhonda Johansson", "Ralph Flores", "Frances Bloomfield"], "publish_date": "2019-02-15T17:45:55+00:00"}