{"result_id": "227013", "URL": "https://www.nowtheendbegins.com/after-cashing-out-biontech-stock-bill-gates-criticizes-covid-mrna-vaccines/", "timestamp": "2023-04-25 16:38:40 CEST+0200", "meta": {"description": "After Reaping Huge Profits Selling BioNTech Shares, Bill Gates Now Trashed Current mRNA Vaccines talking about the 'many problems' they have.", "lang": "en", "keywords": "", "favicon": "https://t4x3y5r8.stackpathcdn.com/wp-content/uploads/2020/04/cropped-nteb-site-icon-2020-new-logo-hi-res-32x32.png", "canonical": "https://www.nowtheendbegins.com/after-cashing-out-biontech-stock-bill-gates-criticizes-covid-mrna-vaccines/", "encoding": "UTF-8"}, "image": null, "domain": "www.nowtheendbegins.com", "title": "After Selling Off His BioNTech Stock For A Cool $500 Million Profit, Bill Gates Suddenly Starts Talking About All The 'Problems With The Current Vaccines', Hmm", "cleaned_text": "Bill Gates, long recognized as one of the world\u2019s foremost proponents of vaccines, raised some eyebrows at a recent talk in Australia when he admitted there are \u201cproblems\u201d with current COVID-19 vaccines.\n\nEveryone\u2019s favorite epidemiologist Bill Gates became uncharacteristically critical of the current mRNA COVID \u2018vaccines\u2019 which led a lot of people to scratch their heads wondering why. You can stop scratching now, as it turns out, Bill Gates just cashed out his investment in BioNTech for a cool half a billion dollars, and suddenly there are nothing but problems with the vaccines he said the entire would should be forced to take. If you recall that, at the height of the pandemic, Pfizer and BioNTech said that were making $1,000-per-second in profits. Is your COVID fog starting to clear up a little now?\n\n\u201cFor the love of money is the root of all evil: which while some coveted after, they have erred from the faith, and pierced themselves through with many sorrows.\u201d 1 Timothy 6:10 (KJB)\n\nAfter this stunning though expected revelation, Bill Gates is now championing \u2018new methods\u2019 of delivering \u2018life saving vaccines\u2019 to people including a nasal spray, and I am positive he is already investing in whatever company will produce that. Bill Gates is not only evil, he is also a very predictable and self-serving and self-enriching liar who profits off the misery he causes. If you\u2019re taking notes, write this down. Anything that Bill Gates is for, you be against. That\u2019s the memo.\n\nFROM THE DEFENDER: Speaking at Australia\u2019s Lowy Institute as part of a talk entitled \u201cPreparing for Global Challenges: In Conversation with Bill Gates,\u201d the Microsoft founder made the following admission:\n\n\u201cWe also need to fix the three problems of COVID-19 vaccines. The current vaccines are not infection-blocking. They\u2019re not broad, so when new variants come up you lose protection, and they have very short duration, particularly in the people who matter, which are old people.\u201d\n\nSuch statements came as a surprise to some in light of Gates\u2019 longstanding support of \u2014 and investments in \u2014 vaccine manufacturers and organizations promoting global vaccination. However, they were the latest in a string of developments in recent weeks that have increasingly called the COVID-19 vaccines, in particular, into question.\n\nSeveral analysts and commentators were critical of Gates \u2014 but not due to disagreement with the statements he made in Australia. Instead, they argued that he had previously heavily invested in mRNA vaccines at the same time he encouraged a global COVID-19 vaccination campaign and supported mandatory vaccination.\n\nSpeaking Jan. 25 on The Hill TV\u2019s \u201cRising,\u201d co-hosts Briahna Joy Gray and Robby Soave addressed Gates\u2019 statements. Soave initially agreed at face value with Gates\u2019 criticism of current mRNA vaccines, saying:\n\n\u201cHe really nails it on the issues that we\u2019re having: the short duration of protection, not a significant discernable impact on the transmission of cases \u2026 not a massive benefit for a lot of otherwise healthy and younger people.\u201d\n\nHowever, Soave \u2014 who on Jan. 19 revealed \u201cFacebook files\u201d indicating the CDC significantly influenced content moderation and censorship on the platform pertaining to COVID-19 vaccines \u2014 then pointed out Gates\u2019 prior investments that contributed to the development of mRNA vaccine technology.\n\n\u201cWe were just doing some digging,\u201d continued Soave, \u201c[and] we saw that he sold a lot of those shares at \u2026 how much profit was that?\u201d\n\n\u201c10x,\u201d replied Gray. \u201cHe invested $55 million in BioNTech back in 2019 and it\u2019s now worth north of $550 million. He sold some stock \u2026 at the end of last year, I believe it was, with the share price over $300, which represented a huge gain for him over when he invested.\u201d\n\n\u201cLet\u2019s follow that trajectory: Gates invests heavily in BioNTech, \u2018mRNA vaccines are great, this is the future,\u2019 he talks about the vaccine timeline and how we can develop it faster, \u2018we might have to cut some corners on safety\u2019 \u2026 All in \u2026 sells it \u2026 makes a huge amount of money \u2026 but now it\u2019s \u2018yeah, it\u2019s okay, it could be better, but what we really need is this breath spray.\u2019\u201d\n\nSoave was referring to a statement Gates made during his recent talk in Australia, immediately prior to his remarks regarding the mRNA vaccines, where he said:\n\n\u201cWe think we can also have, very early in an epidemic, a thing that you can inhale that will mean that you can\u2019t be infected, a blocker, an inhaled blocker.\u201d\n\nGray raised the issue of conflicts of interest between individuals such as Gates who hold significant positions with drug and vaccine manufacturers, and the federal government\u2019s spending of large sums of taxpayer money to purchase these products. She said:\n\n\u201cAt the same time, the Biden administration is opening its doors, revolving doors, to people from these various industries like Jeff Zients, who is the new chief of staff for Joe Biden \u2026 who has spent his entire career at the kinds of companies, investing in the kinds of companies, that have been overcharging the government for Medicare and Medicaid payments and exact kinds of overpayments. It is an enormous grift and one that is incredibly common.\u201d\n\nZients was formerly the Biden administration\u2019s \u201cCOVID czar\u201d and publicly pushed for universal vaccination. READ MORE\n\nAWKWARD! Bill Gates Squirms When Asked About Relationship With Jeffrey Epstein\n\nNow The End Begins is your front line defense against the rising tide of darkness in the last Days before the Rapture of the Church\n\u2022 HOW TO DONATE: Click here to view our WayGiver Funding page\n\nWhen you contribute to this fundraising effort, you are helping us to do what the Lord called us to do. The money you send in goes primarily to the overall daily operations of this site. When people ask for Bibles, we send them out at no charge. When people write in and say how much they would like gospel tracts but cannot afford them, we send them a box at no cost to them for either the tracts or the shipping, no matter where they are in the world. We have a Gospel Billboard program. We are now broadcasting Bible studies, Podcasts and a Sunday Service 5 times a week, thanks to your generous donations. All this is possible because YOU pray for us, YOU support us, and YOU give so we can continue growing.\n\nBut whatever you do, don\u2019t do nothing. Time is short and we need your help right now. The Lord has given us an open door with a tremendous \u2018course\u2019 for us to fulfill that will create an excellent experience at the Judgement Seat of Christ. Please pray for our efforts, and if the Lord leads you to donate, be as generous as possible. The war is REAL, the battle HOT and the time is SHORT\u2026TO THE FIGHT!!!\n\n\u201cLooking for that blessed hope, and the glorious appearing of the great God and our Saviour Jesus Christ;\u201d Titus 2:13 (KJB)", "opengraph": {"type": "article", "image": "https://t4x3y5r8.stackpathcdn.com/wp-content/uploads/2023/01/bill-gates-criticizes-covid-vaccines-after-cashing-out-his-biontech-stock.jpg", "url": "https://www.nowtheendbegins.com/after-cashing-out-biontech-stock-bill-gates-criticizes-covid-mrna-vaccines/", "title": "After Selling Off His BioNTech Stock For A Cool $500 Million Profit, Bill Gates Suddenly Starts Talking About All The 'Problems With The Current Vaccines', Hmm", "description": "After Reaping Huge Profits Selling BioNTech Shares, Bill Gates Now Trashed Current mRNA Vaccines talking about the 'many problems' they have.", "locale": "en_US", "site_name": "Now The End Begins", "article:publisher": "https://www.facebook.com/ntebministries/", "article:published_time": "2023-01-31T21:42:57+00:00", "article:modified_time": "2023-02-01T12:59:33+00:00", "image:width": "950", "image:height": "450", "image:type": "image/jpeg"}, "tags": ["COVID-19", "BioNTech", "Bill Gates"], "tweets": ["<blockquote class=\"twitter-tweet\">\n<p dir=\"ltr\" lang=\"en\">Bill Gates last week saying the \u201cvaccines don\u2019t block transmission, they\u2019re not broad and they have a very short duration\u201d. Now why on earth would anyone with a brain want these vaccine?? <a href=\"https://twitter.com/hashtag/BillGatesBioTerrorist?src=hash&amp;ref_src=twsrc%5Etfw\">#BillGatesBioTerrorist</a> <a href=\"https://twitter.com/hashtag/vaccinegenocide?src=hash&amp;ref_src=twsrc%5Etfw\">#vaccinegenocide</a> <a href=\"https://twitter.com/hashtag/DiedSuddendly?src=hash&amp;ref_src=twsrc%5Etfw\">#DiedSuddendly</a> <a href=\"https://t.co/wiBFUQKZBB\">pic.twitter.com/wiBFUQKZBB</a></p>\n<p>\u2014 Now The End Begins (@NowTheEndBegins) <a href=\"https://twitter.com/NowTheEndBegins/status/1618310022827741185?ref_src=twsrc%5Etfw\">January 25, 2023</a></p></blockquote>\n"], "movies": [{"embed_type": "iframe", "provider": "youtube", "width": "950", "height": "534", "embed_code": "<iframe loading=\"lazy\" title=\"YouTube video player\" src=\"https://www.youtube.com/embed/AyZvC-z9qV0\" width=\"950\" height=\"534\" frameborder=\"0\" allowfullscreen=\"allowfullscreen\">\ufeff</iframe>", "src": "https://www.youtube.com/embed/AyZvC-z9qV0"}], "links": ["https://www.addtoany.com/add_to/reddit?linkurl=https%3A%2F%2Fwww.nowtheendbegins.com%2Fafter-cashing-out-biontech-stock-bill-gates-criticizes-covid-mrna-vaccines%2F&linkname=After%20Selling%20Off%20His%20BioNTech%20Stock%20For%20A%20Cool%20%24500%20Million%20Profit%2C%20Bill%20Gates%20Suddenly%20Starts%20Talking%20About%20All%20The%20%E2%80%98Problems%20With%20The%20Current%20Vaccines%E2%80%99%2C%20Hmm", "https://www.addtoany.com/add_to/email?linkurl=https%3A%2F%2Fwww.nowtheendbegins.com%2Fafter-cashing-out-biontech-stock-bill-gates-criticizes-covid-mrna-vaccines%2F&linkname=After%20Selling%20Off%20His%20BioNTech%20Stock%20For%20A%20Cool%20%24500%20Million%20Profit%2C%20Bill%20Gates%20Suddenly%20Starts%20Talking%20About%20All%20The%20%E2%80%98Problems%20With%20The%20Current%20Vaccines%E2%80%99%2C%20Hmm", "https://www.addtoany.com/add_to/pinterest?linkurl=https%3A%2F%2Fwww.nowtheendbegins.com%2Fafter-cashing-out-biontech-stock-bill-gates-criticizes-covid-mrna-vaccines%2F&linkname=After%20Selling%20Off%20His%20BioNTech%20Stock%20For%20A%20Cool%20%24500%20Million%20Profit%2C%20Bill%20Gates%20Suddenly%20Starts%20Talking%20About%20All%20The%20%E2%80%98Problems%20With%20The%20Current%20Vaccines%E2%80%99%2C%20Hmm", "https://www.addtoany.com/add_to/print?linkurl=https%3A%2F%2Fwww.nowtheendbegins.com%2Fafter-cashing-out-biontech-stock-bill-gates-criticizes-covid-mrna-vaccines%2F&linkname=After%20Selling%20Off%20His%20BioNTech%20Stock%20For%20A%20Cool%20%24500%20Million%20Profit%2C%20Bill%20Gates%20Suddenly%20Starts%20Talking%20About%20All%20The%20%E2%80%98Problems%20With%20The%20Current%20Vaccines%E2%80%99%2C%20Hmm", "https://www.addtoany.com/share", "https://www.nowtheendbegins.com/pfizer-biontech-say-third-shot-booster-needed-to-protect-against-omicron-covid-variant/", "https://www.nowtheendbegins.com/category/bill-gates/", "https://twitter.com/hashtag/BillGatesBioTerrorist?src=hash&ref_src=twsrc%5Etfw", "https://twitter.com/hashtag/vaccinegenocide?src=hash&ref_src=twsrc%5Etfw", "https://twitter.com/hashtag/DiedSuddendly?src=hash&ref_src=twsrc%5Etfw", "https://t.co/wiBFUQKZBB", "https://twitter.com/NowTheEndBegins/status/1618310022827741185?ref_src=twsrc%5Etfw", "https://childrenshealthdefense.org/defender/bill-gates-profits-biontech-effectiveness-covid-vaccines/", "https://waygiver.com/campaigns/1486", "https://biblesbehindbars.com/"], "authors": ["Geoffrey Grider"], "publish_date": "2023-01-31T21:42:57+00:00"}