{"result_id": "229037", "URL": "https://nutritionfacts.org/topics/dha/page/3/", "timestamp": "2023-04-25 16:42:10 CEST+0200", "meta": {"description": "", "lang": "en", "keywords": "", "favicon": "/apple-touch-icon.png", "canonical": "https://nutritionfacts.org/topics/dha/page/3/", "encoding": "utf-8"}, "image": null, "domain": "nutritionfacts.org", "title": "DHA | Page 3 of 3 | Health Topics", "cleaned_text": "Much of our fish supply is so polluted that algae-derived sources of long-chain omega-3 fatty acids may be safest option.", "opengraph": {}, "tags": [], "tweets": [], "movies": [], "links": [], "authors": [], "publish_date": null}