{"result_id": "233011", "URL": "https://mediabiasfactcheck.com/conspiracy/", "timestamp": "2023-04-25 16:44:23 CEST+0200", "meta": {"description": "", "lang": "en", "keywords": "", "favicon": "https://i0.wp.com/mediabiasfactcheck.com/wp-content/uploads/2020/12/cropped-transparent-MBFC-Square512.png?fit=32%2C32&ssl=1", "canonical": "https://mediabiasfactcheck.com/conspiracy/", "encoding": "UTF-8"}, "image": null, "domain": "mediabiasfactcheck.com", "title": "Conspiracy-Pseudoscience", "cleaned_text": "Sources in the Conspiracy-Pseudoscience category may publish unverifiable information that is not always supported by evidence. These sources may be untrustworthy for credible/verifiable information, therefore fact checking and further investigation is recommended on a per article basis when obtaining information from these sources.\n\nClick the links below for a detailed report\n\nLast Updated on April 21, 2023 by Media Bias Fact Check\n\nLeft vs. Right Bias: How we rate the bias of media sources", "opengraph": {"locale": "en_US", "type": "article", "title": "Conspiracy-Pseudoscience", "description": "Sources in the Conspiracy-Pseudoscience\u00a0category may publish unverifiable information that is not always supported by evidence. These sources may be", "url": "https://mediabiasfactcheck.com/conspiracy/", "site_name": "Media Bias/Fact Check", "article:publisher": "https://www.facebook.com/mediabiasfactcheck/", "article:modified_time": "2023-04-22T00:43:00+00:00"}, "tags": [], "tweets": [], "movies": [], "links": ["https://mediabiasfactcheck.com/2020electioncenter-com-bias/", "https://mediabiasfactcheck.com/21st-century-wire/", "https://mediabiasfactcheck.com/79days-news/", "https://mediabiasfactcheck.com/369news/", "https://mediabiasfactcheck.com/911truth-org/", "https://mediabiasfactcheck.com/above-top-secret/", "https://mediabiasfactcheck.com/a-call-for-an-uprising/", "https://mediabiasfactcheck.com/acn-latitudes/", "https://mediabiasfactcheck.com/activist-post/", "https://mediabiasfactcheck.com/actualized-org-bias/", "https://mediabiasfactcheck.com/additude-magazine/", "https://mediabiasfactcheck.com/age-of-autism/", "https://mediabiasfactcheck.com/newsinstact-com-alien-news-bias/", "https://mediabiasfactcheck.com/alliance-advanced-health/", "https://mediabiasfactcheck.com/alliance-for-natural-health-bias-junk-science/", "https://mediabiasfactcheck.com/altermed-zentrum-bias/", "https://mediabiasfactcheck.com/alternative-daily-bias/", "https://mediabiasfactcheck.com/alternative-media-television-amtv/", "https://mediabiasfactcheck.com/alternativenews-com/", "https://mediabiasfactcheck.com/althealth-works/", "https://mediabiasfactcheck.com/altleft-news-bias/", "https://mediabiasfactcheck.com/american-digital-news/", "https://mediabiasfactcheck.com/american-free-press/", "https://mediabiasfactcheck.com/american-intelligence-media/", "https://mediabiasfactcheck.com/amg-news/", "https://mediabiasfactcheck.com/american-policy-center/", "https://mediabiasfactcheck.com/americas-frontline-doctors/", "https://mediabiasfactcheck.com/ancient-code/", "https://mediabiasfactcheck.com/ancient-origins/", "https://mediabiasfactcheck.com/and-magazine/", "https://mediabiasfactcheck.com/anewspost-com/", "https://mediabiasfactcheck.com/answers-in-genesis/", "https://mediabiasfactcheck.com/anti-empire-bias/", "https://mediabiasfactcheck.com/anya-vien/", "https://mediabiasfactcheck.com/apost-com/", "https://mediabiasfactcheck.com/architects-engineers-for-9-11-truth/", "https://mediabiasfactcheck.com/asia-pacific-research/", "https://mediabiasfactcheck.com/askingangels-com/", "https://mediabiasfactcheck.com/assassination-science/", "https://mediabiasfactcheck.com/australian-national-review/", "https://mediabiasfactcheck.com/autism-speaks/", "https://mediabiasfactcheck.com/awake-canada-bias/", "https://mediabiasfactcheck.com/awareness-act/", "https://mediabiasfactcheck.com/banned-video/", "https://mediabiasfactcheck.com/behold-israel/", "https://mediabiasfactcheck.com/best-news-here/", "https://mediabiasfactcheck.com/big-government-news/", "https://mediabiasfactcheck.com/biodefense/", "https://mediabiasfactcheck.com/biologos-foundation/", "https://mediabiasfactcheck.com/biotech-express-magazine-bias/", "https://mediabiasfactcheck.com/blacklisted-news/", "https://mediabiasfactcheck.com/blckbx-tv-bias/", "https://mediabiasfactcheck.com/bonsens/", "https://mediabiasfactcheck.com/brand-new-tube/", "https://mediabiasfactcheck.com/brighteon/", "https://mediabiasfactcheck.com/brightside/", "https://mediabiasfactcheck.com/bugout-news/", "https://mediabiasfactcheck.com/campusinsanity-com/", "https://mediabiasfactcheck.com/cancer-news/", "https://mediabiasfactcheck.com/catholic-online/", "https://mediabiasfactcheck.com/charisma-news/", "https://mediabiasfactcheck.com/childrens-health-defense/", "https://mediabiasfactcheck.com/chlorellafactor-com/", "https://mediabiasfactcheck.com/christian-apologetics-research-ministry-carm/", "https://mediabiasfactcheck.com/christian-broadcasting-network-cbn/", "https://mediabiasfactcheck.com/christian-ministries-international/", "https://mediabiasfactcheck.com/christian-science/", "https://mediabiasfactcheck.com/citizens-for-legitimate-government-clg-news/", "https://mediabiasfactcheck.com/climate-change-dispatch/", "https://mediabiasfactcheck.com/climate-depot/", "https://mediabiasfactcheck.com/climate-etc/", "https://mediabiasfactcheck.com/climate-news/", "https://mediabiasfactcheck.com/cnn-so-fake-news/", "https://mediabiasfactcheck.com/coast-to-coast-am/", "https://mediabiasfactcheck.com/collapse-news/", "https://mediabiasfactcheck.com/collective-evolution/", "https://mediabiasfactcheck.com/committee-constructive-tomorrow-cfact-org/", "https://mediabiasfactcheck.com/conscious-life-news/", "https://mediabiasfactcheck.com/conspiracy-daily-update/", "https://mediabiasfactcheck.com/consumer-wellness-center/", "https://mediabiasfactcheck.com/cosmic-intelligence-agency/", "https://mediabiasfactcheck.com/counterthink-com/", "https://mediabiasfactcheck.com/covert-geopolitics/", "https://mediabiasfactcheck.com/creationwiki/", "https://mediabiasfactcheck.com/cs-globe/", "https://mediabiasfactcheck.com/cureus-journal-of-medical-science-bias/", "https://mediabiasfactcheck.com/curious-mind-magazine/", "https://mediabiasfactcheck.com/dailyclout-bias/", "https://mediabiasfactcheck.com/daily-grail/", "https://mediabiasfactcheck.com/dailyhealthpost/", "https://mediabiasfactcheck.com/daily-sceptic-bias/", "https://mediabiasfactcheck.com/dark-journalist/", "https://mediabiasfactcheck.com/david-icke/", "https://mediabiasfactcheck.com/david-wolfe/", "https://mediabiasfactcheck.com/diedsuddenly-info/", "https://mediabiasfactcheck.com/discovery-institute/", "https://mediabiasfactcheck.com/disobedient-media/", "https://mediabiasfactcheck.com/doctoroz-com/", "https://mediabiasfactcheck.com/doctors-for-covid-ethics/", "https://mediabiasfactcheck.com/dr-axe/", "https://mediabiasfactcheck.com/drnorthrup-com/", "https://mediabiasfactcheck.com/earthpulse-press/", "https://mediabiasfactcheck.com/ecology-news/", "https://mediabiasfactcheck.com/educate-inspire-change/", "https://mediabiasfactcheck.com/educate-yourself/", "https://mediabiasfactcheck.com/electroverse/", "https://mediabiasfactcheck.com/eluxe-magazine/", "https://mediabiasfactcheck.com/environmental-working-group-ewg/", "https://mediabiasfactcheck.com/escape-all-these-things/", "https://mediabiasfactcheck.com/eugenics-news/", "https://mediabiasfactcheck.com/europe-reloaded/", "https://mediabiasfactcheck.com/evolution-news-and-views/", "https://mediabiasfactcheck.com/fabiosa/", "https://mediabiasfactcheck.com/faithit/", "https://mediabiasfactcheck.com/faithpanda/", "https://mediabiasfactcheck.com/food-babe/", "https://mediabiasfactcheck.com/food-matters/", "https://mediabiasfactcheck.com/food-news/", "https://mediabiasfactcheck.com/forever-conscious/", "https://mediabiasfactcheck.com/free-thought-project/", "https://mediabiasfactcheck.com/freedom-advocates-agenda-21/", "https://mediabiasfactcheck.com/freedomain-radio/", "https://mediabiasfactcheck.com/freedom-news/", "https://mediabiasfactcheck.com/freeworldnews-tv/", "https://mediabiasfactcheck.com/friends-of-science/", "https://mediabiasfactcheck.com/front-line-covid-19-critical-care-alliance-flccc-bias/", "https://mediabiasfactcheck.com/gaia/", "https://mediabiasfactcheck.com/gender-news-bias/", "https://mediabiasfactcheck.com/geoengineering-news/", "https://mediabiasfactcheck.com/geoengineering-watch/", "https://mediabiasfactcheck.com/get-holistic-health/", "https://mediabiasfactcheck.com/glitch-news/", "https://mediabiasfactcheck.com/global-healing-center/", "https://mediabiasfactcheck.com/global-research/", "https://mediabiasfactcheck.com/global-skywatch/", "https://mediabiasfactcheck.com/gmo-watch-bias/", "https://mediabiasfactcheck.com/gmwatch/", "https://mediabiasfactcheck.com/godlike-productions/", "https://mediabiasfactcheck.com/goop/", "https://mediabiasfactcheck.com/got-questions-gotquestions-org/", "https://mediabiasfactcheck.com/government-slaves/", "https://mediabiasfactcheck.com/greenmedinfo/", "https://mediabiasfactcheck.com/greenpeace/", "https://mediabiasfactcheck.com/health-and-money-news/", "https://mediabiasfactcheck.com/healing-food-reference/", "https://mediabiasfactcheck.com/healing-oracle/", "https://mediabiasfactcheck.com/health-impact-news/", "https://mediabiasfactcheck.com/health-news/", "https://mediabiasfactcheck.com/health-nut-news/", "https://mediabiasfactcheck.com/health-ranger-report/", "https://mediabiasfactcheck.com/health-sciences-institute/", "https://mediabiasfactcheck.com/healthy-and-natural-world/", "https://mediabiasfactcheck.com/healthy-food-house/", "https://mediabiasfactcheck.com/healthy-holistic-living/", "https://mediabiasfactcheck.com/henry-makow-savethemales-ca/", "https://mediabiasfactcheck.com/herb/", "https://mediabiasfactcheck.com/herbreference-com/", "https://mediabiasfactcheck.com/higher-perspective/", "https://mediabiasfactcheck.com/homeopathy-journal/", "https://mediabiasfactcheck.com/home-vaccine-education-network-bias/", "https://mediabiasfactcheck.com/humans-are-free/", "https://mediabiasfactcheck.com/ican-informed-consent-action-network-bias/", "https://mediabiasfactcheck.com/ihealthtube/", "https://mediabiasfactcheck.com/i-heart-intelligence/", "https://mediabiasfactcheck.com/illuminati-watcher/", "https://mediabiasfactcheck.com/independent-science-news/", "https://mediabiasfactcheck.com/infinite-unknown/", "https://mediabiasfactcheck.com/information-clearing-house/", "https://mediabiasfactcheck.com/infowars-alex-jones/", "https://mediabiasfactcheck.com/ingredients-news/", "https://mediabiasfactcheck.com/institute-for-creation-research-icr/", "https://mediabiasfactcheck.com/institute-for-responsible-technology/", "https://mediabiasfactcheck.com/international-climate-science-coalition/", "https://mediabiasfactcheck.com/investment-watch-blog/", "https://mediabiasfactcheck.com/iowa-climate-science-education/", "https://mediabiasfactcheck.com/irish-sentinel-bias/", "https://mediabiasfactcheck.com/israel365-news/", "https://mediabiasfactcheck.com/jeda-news/", "https://mediabiasfactcheck.com/jehovahs-witnesses-jw-org/", "https://mediabiasfactcheck.com/jesus-is-savior/", "https://mediabiasfactcheck.com/joebiden-news/", "https://mediabiasfactcheck.com/junkscience-com/", "https://mediabiasfactcheck.com/larouche-pac/", "https://mediabiasfactcheck.com/learntherisk-org/", "https://mediabiasfactcheck.com/leftcult/", "https://mediabiasfactcheck.com/les-moutons-rebelles-the-rebel-sheep-bias/", "https://mediabiasfactcheck.com/liberty-news-2/", "https://mediabiasfactcheck.com/liberty-planet-bias/", "https://mediabiasfactcheck.com/libtards-news/", "https://mediabiasfactcheck.com/lifespa/", "https://mediabiasfactcheck.com/littlethings/", "https://mediabiasfactcheck.com/live-action/", "https://mediabiasfactcheck.com/livestrong-com/", "https://mediabiasfactcheck.com/living-whole/", "https://mediabiasfactcheck.com/media-fact-watch/", "https://mediabiasfactcheck.com/media-roots/", "https://mediabiasfactcheck.com/medical-censorship-news-bias/", "https://mediabiasfactcheck.com/medical-daily/", "https://mediabiasfactcheck.com/medical-kidnap/", "https://mediabiasfactcheck.com/medical-medium/", "https://mediabiasfactcheck.com/medicine-news/", "https://mediabiasfactcheck.com/mercola/", "https://mediabiasfactcheck.com/mindbodygreen/", "https://mediabiasfactcheck.com/modern-alternative-mama/", "https://mediabiasfactcheck.com/national-file/", "https://mediabiasfactcheck.com/nationalsecurity-news/", "https://mediabiasfactcheck.com/national-vaccine-information-center-nvic/", "https://mediabiasfactcheck.com/natural-cures/", "https://mediabiasfactcheck.com/natural-health-365/", "https://mediabiasfactcheck.com/naturalmedicine-news/", "https://mediabiasfactcheck.com/natural-news/", "https://mediabiasfactcheck.com/naturalnewsblogs/", "https://mediabiasfactcheck.com/natural-news-radio/", "https://mediabiasfactcheck.com/naturalpedia-com/", "https://mediabiasfactcheck.com/natural-society/", "https://mediabiasfactcheck.com/naturally-savvy/", "https://mediabiasfactcheck.com/need-to-know/", "https://mediabiasfactcheck.com/neon-nettle/", "https://mediabiasfactcheck.com/neuronation/", "https://mediabiasfactcheck.com/new-american-news/", "https://mediabiasfactcheck.com/newsinsideout-com/", "https://mediabiasfactcheck.com/news-target/", "https://mediabiasfactcheck.com/newsbud/", "https://mediabiasfactcheck.com/nomorefakenews-com-bias/", "https://mediabiasfactcheck.com/notrickszone/", "https://mediabiasfactcheck.com/now-the-end-begins/", "https://mediabiasfactcheck.com/nutrientreference-com/", "https://mediabiasfactcheck.com/nutritionfacts-org/", "https://mediabiasfactcheck.com/nwo-report-bias/", "https://mediabiasfactcheck.com/occupy-yourself/", "https://mediabiasfactcheck.com/offguardian/", "https://mediabiasfactcheck.com/online-updates/", "https://mediabiasfactcheck.com/organic-consumers-association/", "https://mediabiasfactcheck.com/organic-facts/", "https://mediabiasfactcheck.com/our-health-guides/", "https://mediabiasfactcheck.com/pandemic-news/", "https://mediabiasfactcheck.com/patriots-for-truth/", "https://mediabiasfactcheck.com/paulcraigroberts-org-bias/", "https://mediabiasfactcheck.com/peta-people-for-the-ethical-treatment-of-animals/", "https://mediabiasfactcheck.com/philosophers-stone-bias/", "https://mediabiasfactcheck.com/physicians-for-informed-consent-bias/", "https://mediabiasfactcheck.com/pollution-news/", "https://mediabiasfactcheck.com/prepare-for-change/", "https://mediabiasfactcheck.com/press-for-truth/", "https://mediabiasfactcheck.com/prevention-magazine/", "https://mediabiasfactcheck.com/principia-scientific-international/", "https://mediabiasfactcheck.com/primary-doctor-medical-journal/", "https://mediabiasfactcheck.com/prison-planet/", "https://mediabiasfactcheck.com/prophecy-news-watch/", "https://mediabiasfactcheck.com/prophecy-today/", "https://mediabiasfactcheck.com/qanon-pub/", "https://mediabiasfactcheck.com/randpaul-news/", "https://mediabiasfactcheck.com/rapture-news-network/", "https://mediabiasfactcheck.com/real-climate-science/", "https://mediabiasfactcheck.com/real-jew-news/", "https://mediabiasfactcheck.com/real-news-24/", "https://mediabiasfactcheck.com/realfarmacy/", "https://mediabiasfactcheck.com/redoubt-news/", "https://mediabiasfactcheck.com/redpill-project-bias/", "https://mediabiasfactcheck.com/renegade-tribune-bias/", "https://mediabiasfactcheck.com/rense/", "https://mediabiasfactcheck.com/return-to-now/", "https://mediabiasfactcheck.com/revolution-radio/", "https://mediabiasfactcheck.com/rumor-mill-news-bias/", "https://mediabiasfactcheck.com/sanevax/", "https://mediabiasfactcheck.com/sante-plus-magazine/", "https://mediabiasfactcheck.com/science-news-2/", "https://mediabiasfactcheck.com/science-vibe/", "https://mediabiasfactcheck.com/sgt-report/", "https://mediabiasfactcheck.com/sheep-killers/", "https://mediabiasfactcheck.com/shoebat/", "https://mediabiasfactcheck.com/signs-of-the-times-sott/", "https://mediabiasfactcheck.com/skeptiko/", "https://mediabiasfactcheck.com/snopes-news/", "https://mediabiasfactcheck.com/south-front/", "https://mediabiasfactcheck.com/space-news/", "https://mediabiasfactcheck.com/stillness-in-the-storm/", "https://mediabiasfactcheck.com/stormfront/", "https://mediabiasfactcheck.com/supplementreference-com/", "https://mediabiasfactcheck.com/sustainable-pulse/", "https://mediabiasfactcheck.com/swiss-policy-research/", "https://mediabiasfactcheck.com/talknetwork-com/", "https://mediabiasfactcheck.com/technocracy-news/", "https://mediabiasfactcheck.com/the-anti-media/", "https://mediabiasfactcheck.com/the-automatic-earth/", "https://mediabiasfactcheck.com/the-common-sense-show/", "https://mediabiasfactcheck.com/the-corbett-report/", "https://mediabiasfactcheck.com/the-daily-expose/", "https://mediabiasfactcheck.com/the-daily-sheeple/", "https://mediabiasfactcheck.com/thedailyworld-net-bias/", "https://mediabiasfactcheck.com/the-defender-childrens-health-defense-credibility/", "https://mediabiasfactcheck.com/the-european-union-times/", "https://mediabiasfactcheck.com/the-event-chronicle/", "https://mediabiasfactcheck.com/the-fullerton-informer/", "https://mediabiasfactcheck.com/the-greanville-post-bias-rating/", "https://mediabiasfactcheck.com/the-health-ranger/", "https://mediabiasfactcheck.com/the-healthy-american/", "https://mediabiasfactcheck.com/the-hearty-soul/", "https://mediabiasfactcheck.com/the-highwire/", "https://mediabiasfactcheck.com/the-liberty-beacon/", "https://mediabiasfactcheck.com/the-mind-unleashed/", "https://mediabiasfactcheck.com/the-new-nationalist-bias/", "https://mediabiasfactcheck.com/the-pulse-bias/", "https://mediabiasfactcheck.com/the-purist-magazine-bias/", "https://mediabiasfactcheck.com/the-rundown-live/", "https://mediabiasfactcheck.com/the-stream/", "https://mediabiasfactcheck.com/the-trumpet/", "https://mediabiasfactcheck.com/the-truth-about-cancer/", "https://mediabiasfactcheck.com/the-truth-seeker/", "https://mediabiasfactcheck.com/the-vaccine-reaction/", "https://mediabiasfactcheck.com/vermont-independent/", "https://mediabiasfactcheck.com/the-waking-times/", "https://mediabiasfactcheck.com/thinking-humanity/", "https://mediabiasfactcheck.com/thought-catalog/", "https://mediabiasfactcheck.com/thought-crime-radio/", "https://mediabiasfactcheck.com/thrive-global/", "https://mediabiasfactcheck.com/thrive-movement/", "https://mediabiasfactcheck.com/treason-news/", "https://mediabiasfactcheck.com/trialsite-news/", "https://mediabiasfactcheck.com/trunews/", "https://mediabiasfactcheck.com/truth11-com-bias/", "https://mediabiasfactcheck.com/twisted-news/", "https://mediabiasfactcheck.com/unlimited-hangout-bias/", "https://mediabiasfactcheck.com/uk-column/", "https://mediabiasfactcheck.com/usa-hitman/", "https://mediabiasfactcheck.com/usawatchdog-com/", "https://mediabiasfactcheck.com/vaccine-impact/", "https://mediabiasfactcheck.com/vaccines-news/", "https://mediabiasfactcheck.com/vaccine-papers/", "https://mediabiasfactcheck.com/vaccines-revealed/", "https://mediabiasfactcheck.com/vaccine-safety-info/", "https://mediabiasfactcheck.com/vactruth-com/", "https://mediabiasfactcheck.com/vaxxter/", "https://mediabiasfactcheck.com/veterans-today/", "https://mediabiasfactcheck.com/vigilant-citizen/", "https://mediabiasfactcheck.com/votefraud-news/", "https://mediabiasfactcheck.com/watts-up-with-that/", "https://mediabiasfactcheck.com/we-are-anonymous/", "https://mediabiasfactcheck.com/we-are-change/", "https://mediabiasfactcheck.com/weston-a-price-foundation/", "https://mediabiasfactcheck.com/what-really-happened/", "https://mediabiasfactcheck.com/whatdoesitmean/", "https://mediabiasfactcheck.com/whitehouse-news/", "https://mediabiasfactcheck.com/wikispooks/", "https://mediabiasfactcheck.com/winter-watch/", "https://mediabiasfactcheck.com/world-affairs-brief/", "https://mediabiasfactcheck.com/world-council-for-health-bias/", "https://mediabiasfactcheck.com/world-doctors-alliance/", "https://mediabiasfactcheck.com/worldhealth-net/", "https://mediabiasfactcheck.com/world-lifestyle-bias/", "https://mediabiasfactcheck.com/world-truth-tv/", "https://mediabiasfactcheck.com/worldview-weekend-bias/", "https://mediabiasfactcheck.com/x22-report/", "https://mediabiasfactcheck.com/zero-hedge/", "https://mediabiasfactcheck.com/left-vs-right-bias-how-we-rate-the-bias-of-media-sources/", "https://mediabiasfactcheck.com/interactive-political-orientation-map-of-the-world/", "https://www.addtoany.com/add_to/pinterest?linkurl=https%3A%2F%2Fmediabiasfactcheck.com%2Fconspiracy%2F&linkname=Conspiracy-Pseudoscience", "https://www.addtoany.com/add_to/email?linkurl=https%3A%2F%2Fmediabiasfactcheck.com%2Fconspiracy%2F&linkname=Conspiracy-Pseudoscience", "https://www.addtoany.com/add_to/tumblr?linkurl=https%3A%2F%2Fmediabiasfactcheck.com%2Fconspiracy%2F&linkname=Conspiracy-Pseudoscience", "https://www.addtoany.com/add_to/reddit?linkurl=https%3A%2F%2Fmediabiasfactcheck.com%2Fconspiracy%2F&linkname=Conspiracy-Pseudoscience", "https://www.addtoany.com/add_to/linkedin?linkurl=https%3A%2F%2Fmediabiasfactcheck.com%2Fconspiracy%2F&linkname=Conspiracy-Pseudoscience", "https://www.addtoany.com/add_to/flipboard?linkurl=https%3A%2F%2Fmediabiasfactcheck.com%2Fconspiracy%2F&linkname=Conspiracy-Pseudoscience", "https://www.addtoany.com/share", "https://mediabiasfactcheck.com/pseudoscience-dictionary-5g-coronavirus-conspiracy/", "https://mediabiasfactcheck.com/conspiracy-planet/", "https://mediabiasfactcheck.com/conspiracy-daily-update/", "https://mediabiasfactcheck.com/the-daily-conspiracy/", "https://mediabiasfactcheck.com/conspiracy-inquirer/"], "authors": [], "publish_date": "April 25, 2023"}