{"result_id": "233007", "URL": "https://mediabiasfactcheck.com/2023/01/22/the-latest-fact-checks-curated-by-media-bias-fact-check-01-22-2023/", "timestamp": "2023-04-25 16:44:17 CEST+0200", "meta": {"description": "", "lang": "en", "keywords": "", "favicon": "https://i0.wp.com/mediabiasfactcheck.com/wp-content/uploads/2020/12/cropped-transparent-MBFC-Square512.png?fit=32%2C32&ssl=1", "canonical": "https://mediabiasfactcheck.com/2023/01/22/the-latest-fact-checks-curated-by-media-bias-fact-check-01-22-2023/", "encoding": "UTF-8"}, "image": null, "domain": "mediabiasfactcheck.com", "title": "The Latest Fact Checks curated by Media Bias Fact Check 01/22/2023", "cleaned_text": "Media Bias Fact Check selects and publishes fact checks from around the world. We only utilize fact-checkers that are either a signatory of the International Fact-Checking Network (IFCN) or have been verified as credible by MBFC. Further, we review each fact check for accuracy before publishing. We fact-check the fact-checkers and let you know their bias. When appropriate, we explain the rating and/or offer our own rating if we disagree with the fact-checker. (D. Van Zandt)\n\nClaim Codes: Red = Fact Check on a Right Claim, Blue = Fact Check on a Left Claim, Black = Not Political/Conspiracy/Pseudoscience/Other\n\nYou are viewing this page with fewer Ads\n\n See all MBFC content Completely Ad-Free\n\nDisclaimer: We are providing links to fact-checks by third-party fact-checkers. If you do not agree with a fact check, please directly contact the source of that fact check.", "opengraph": {"locale": "en_US", "type": "article", "title": "The Latest Fact Checks curated by Media Bias Fact Check 01/22/2023", "description": "Media Bias Fact Check selects and publishes fact checks from around the world. We only utilize fact-checkers that are either a signatory of the", "url": "https://mediabiasfactcheck.com/2023/01/22/the-latest-fact-checks-curated-by-media-bias-fact-check-01-22-2023/", "site_name": "Media Bias/Fact Check", "article:publisher": "https://www.facebook.com/mediabiasfactcheck/", "article:published_time": "2023-01-22T11:00:51+00:00", "article:modified_time": "2023-01-21T13:46:49+00:00", "image": "https://i0.wp.com/mediabiasfactcheck.com/wp-content/uploads/2017/02/31734949153_ee73b7ebed_z-e1608502223634.jpg?fit=200%2C200&ssl=1", "image:width": "200", "image:height": "200", "image:type": "image/jpeg"}, "tags": ["Daily Fact Check"], "tweets": [], "movies": [], "links": ["https://mediabiasfactcheck.com/membership-account/membership-levels/", "https://mediabiasfactcheck.com/verify-fact-check-bias/", "https://www.verifythis.com/article/news/verify/taxes-verify/house-gop-bill-create-national-sales-tax-abolish-irs-fact-check/536-f74c49e3-04ca-4214-9f12-68c443fd123b", "https://mediabiasfactcheck.com/lead-stories/", "https://leadstories.com/hoax-alert/2023/01/fact-check-no-evidence-klaus-schwab-has-banned-vaccinated-pilots-from-transporting-wef-members-to-davos.html", "https://mediabiasfactcheck.com/news-punch/", "https://mediabiasfactcheck.com/politifact/", "https://www.politifact.com/factchecks/2023/jan/20/ron-desantis/gov-ron-desantis-falsely-claims-bivalent-booster-v/", "https://mediabiasfactcheck.com/usa-today-2/", "https://www.usatoday.com/story/news/factcheck/2023/01/20/fact-check-global-warming-caused-co-2-not-ocean-warming/11066134002/", "https://mediabiasfactcheck.com/politifact/", "https://www.politifact.com/factchecks/2023/jan/20/instagram-posts/faa-medical-guidelines-changed-advice-cardiologist/", "https://mediabiasfactcheck.com/philippines-media-profile/", "https://mediabiasfactcheck.com/vera-files/", "https://verafiles.org/articles/vera-files-fact-check-pal-did-not-cancel-canada-flight-due-to-marcos-switzerland-visit", "https://newsfactsnetwork.com/2023/04/25/north-dakota-governor-signs-strict-abortion-bill-into-law/", "https://newsfactsnetwork.com/2023/04/25/north-dakota-governor-signs-strict-abortion-bill-into-law/", "//newsfactsnetwork.com", "https://newsfactsnetwork.com/2023/04/25/3-arrested-after-protest-groups-clash-outside-texas-drag-show-police-say/", "https://newsfactsnetwork.com/2023/04/25/3-arrested-after-protest-groups-clash-outside-texas-drag-show-police-say/", "//newsfactsnetwork.com", "https://newsfactsnetwork.com/2023/04/25/biden-announces-2024-reelection-bid-lets-finish-this-job/", "https://newsfactsnetwork.com/2023/04/25/biden-announces-2024-reelection-bid-lets-finish-this-job/", "//newsfactsnetwork.com", "https://newsfactsnetwork.com/2023/04/25/debt-limit-plan-wont-be-changed-house-gop-leaders-tell-holdouts/", "https://newsfactsnetwork.com/2023/04/25/debt-limit-plan-wont-be-changed-house-gop-leaders-tell-holdouts/", "//newsfactsnetwork.com", "https://newsfactsnetwork.com/2023/04/25/us-supreme-court-rebuffs-exxon-chevron-appeals-in-climate-cases/", "https://newsfactsnetwork.com/2023/04/25/us-supreme-court-rebuffs-exxon-chevron-appeals-in-climate-cases/", "//newsfactsnetwork.com", "https://mediabiasfactcheck.com/2023/04/25/the-latest-fact-checks-curated-by-media-bias-fact-check-04-25-2023/", "https://mediabiasfactcheck.com/2023/04/25/the-latest-fact-checks-curated-by-media-bias-fact-check-04-25-2023/", "//mediabiasfactcheck.com", "https://mediabiasfactcheck.com/2023/04/25/daily-source-bias-check-national-center-for-transgender-equality/", "https://mediabiasfactcheck.com/2023/04/25/daily-source-bias-check-national-center-for-transgender-equality/", "//mediabiasfactcheck.com", "https://newsfactsnetwork.com/2023/04/24/united-states-sends-first-deportation-flight-to-cuba-since-2020/", "https://newsfactsnetwork.com/2023/04/24/united-states-sends-first-deportation-flight-to-cuba-since-2020/", "//newsfactsnetwork.com", "https://www.addtoany.com/add_to/pinterest?linkurl=https%3A%2F%2Fmediabiasfactcheck.com%2F2023%2F01%2F22%2Fthe-latest-fact-checks-curated-by-media-bias-fact-check-01-22-2023%2F&linkname=The%20Latest%20Fact%20Checks%20curated%20by%20Media%20Bias%20Fact%20Check%2001%2F22%2F2023", "https://www.addtoany.com/add_to/email?linkurl=https%3A%2F%2Fmediabiasfactcheck.com%2F2023%2F01%2F22%2Fthe-latest-fact-checks-curated-by-media-bias-fact-check-01-22-2023%2F&linkname=The%20Latest%20Fact%20Checks%20curated%20by%20Media%20Bias%20Fact%20Check%2001%2F22%2F2023", "https://www.addtoany.com/add_to/tumblr?linkurl=https%3A%2F%2Fmediabiasfactcheck.com%2F2023%2F01%2F22%2Fthe-latest-fact-checks-curated-by-media-bias-fact-check-01-22-2023%2F&linkname=The%20Latest%20Fact%20Checks%20curated%20by%20Media%20Bias%20Fact%20Check%2001%2F22%2F2023", "https://www.addtoany.com/add_to/reddit?linkurl=https%3A%2F%2Fmediabiasfactcheck.com%2F2023%2F01%2F22%2Fthe-latest-fact-checks-curated-by-media-bias-fact-check-01-22-2023%2F&linkname=The%20Latest%20Fact%20Checks%20curated%20by%20Media%20Bias%20Fact%20Check%2001%2F22%2F2023", "https://www.addtoany.com/add_to/linkedin?linkurl=https%3A%2F%2Fmediabiasfactcheck.com%2F2023%2F01%2F22%2Fthe-latest-fact-checks-curated-by-media-bias-fact-check-01-22-2023%2F&linkname=The%20Latest%20Fact%20Checks%20curated%20by%20Media%20Bias%20Fact%20Check%2001%2F22%2F2023", "https://www.addtoany.com/add_to/flipboard?linkurl=https%3A%2F%2Fmediabiasfactcheck.com%2F2023%2F01%2F22%2Fthe-latest-fact-checks-curated-by-media-bias-fact-check-01-22-2023%2F&linkname=The%20Latest%20Fact%20Checks%20curated%20by%20Media%20Bias%20Fact%20Check%2001%2F22%2F2023", "https://www.addtoany.com/share"], "authors": ["Media Bias Fact Check"], "publish_date": "2023-01-22T11:00:51+00:00"}