{"result_id": "234042", "URL": "https://organicconsumers.org/uruguay-halts-covid-19-vaccine-for-kids-under-13-judge-demands-government-officials-turn-over-pfizer-contracts/", "timestamp": "2023-04-25 16:45:50 CEST+0200", "meta": {"description": "", "lang": "en", "keywords": "", "favicon": "https://organicconsumers.org/wp-content/uploads/2022/02/cropped-OCAtomatotransparent-32x32.png", "canonical": "https://organicconsumers.org/uruguay-halts-covid-19-vaccine-for-kids-under-13-judge-demands-government-officials-turn-over-pfizer-contracts/", "encoding": "utf-8"}, "image": null, "domain": "organicconsumers.org", "title": "Uruguay Halts COVID-19 Vaccine for Kids Under 13, Judge Demands Government Officials Turn Over Pfizer Contracts", "cleaned_text": "Uruguay suspended COVID-19 vaccines for children under 13 after a judge on Thursday issued an injunction halting vaccinations in that age group until government officials turn over contracts between Pfizer and the Uruguayan government.\n\nUruguayan government officials and Pfizer were ordered on Wednesday to appear in court after judge Alejandro Recarey gave them 48 hours to present detailed information on Pfizer\u2019s COVID-19 vaccine while the court considered an injunction request to halt COVID-19 vaccinations for children 5 and older.\n\nThe government said a confidentiality clause in the contract prevents it from producing the documents, The Washington Post reported.\n\nAccording to ABC News, the judge received answers to 18 questions about the safety and chemical composition of COVID-19 vaccines, signed by Health Minister Daniel Salinas, but did not turn over the contracts.\n\nIt is unknown whether the answers provided by government officials adequately addressed the questions posed by the judge, who ultimately ordered an injunction based on what was provided.", "opengraph": {"locale": "en_US", "type": "article", "title": "Uruguay Halts COVID-19 Vaccine for Kids Under 13, Judge Demands Government Officials Turn Over Pfizer Contracts", "description": "Uruguay suspended COVID-19 vaccines for children under 13 after a judge on Thursday issued an injunction halting vaccinations in that age group until government officials turn over contracts between Pfizer and the Uruguayan government.Uruguayan government officials and Pfizer were ordered on Wednesday to appear in court after judge Alejandro", "url": "https://organicconsumers.org/uruguay-halts-covid-19-vaccine-for-kids-under-13-judge-demands-government-officials-turn-over-pfizer-contracts/", "site_name": "Organic Consumers", "article:publisher": "https://www.facebook.com/organicconsumers", "article:published_time": "2022-07-12T18:26:31+00:00", "image": "https://organicconsumers.org/wp-content/uploads/2023/02/covid_injection_cc_1200x630-2.png", "image:width": "1200", "image:height": "630", "image:type": "image/png"}, "tags": [], "tweets": [], "movies": [], "links": ["//childrenshealthdefense.org/defender/uruguay-covid-vaccine-kids/\" target=\"oca-linked\">Read the Full Article</a>", "https://abcnews.go.com/International/wireStory/uruguay-suspends-covid-vaccination-children-13-86409875", "https://childrenshealthdefense.org/defender/uruguayan-covid-vaccine-kids-pfizer/", "https://childrenshealthdefense.org/defender_category/covid/", "https://www.washingtonpost.com/world/uruguay-suspends-covid-vaccination-for-children-under-13/2022/07/07/5fb0b818-fe41-11ec-b39d-71309168014b_story.html", "https://abcnews.go.com/International/wireStory/uruguay-suspends-covid-vaccination-children-13-86409875"], "authors": ["Heather"], "publish_date": "2022-07-12T18:26:31+00:00"}