{"result_id": "234003", "URL": "https://organicconsumers.org/the-threat-of-self-spreading-vaccines/", "timestamp": "2023-04-25 16:45:11 CEST+0200", "meta": {"description": "", "lang": "en", "keywords": "", "favicon": "https://organicconsumers.org/wp-content/uploads/2022/02/cropped-OCAtomatotransparent-32x32.png", "canonical": "https://organicconsumers.org/the-threat-of-self-spreading-vaccines/", "encoding": "utf-8"}, "image": null, "domain": "organicconsumers.org", "title": "The Threat of Self-Spreading Vaccines", "cleaned_text": "It may sound like the plot of a science fiction movie, but U.S. National Institutes of Health (NIH) funded scientists have been secretly working on genetically-engineered live virus vaccines, which they refer to as \u201ccontagious\u201d vaccines, that can transmit vaccine strain viruses through a population on their own. The vaccines are so contagious that only five percent of the population would need to receive the shot, while the other 95 percent would be passively vaccinated through vaccine strain infection, shedding and transmission.\n\nA \u201dcontagious\u201d vaccine would spread swiftly as people come in close contact with body fluids of a recently vaccinated person, such as saliva or nasal secretions, like when a person sneezes or coughs and inhales droplets from someone infected with a cold or influenza virus.1 Spurred by the COVID-19 pandemic, researchers in the United States, Europe and Australia are looking into the using these types of community transmissible vaccines in the future.2", "opengraph": {"locale": "en_US", "type": "article", "title": "The Threat of Self-Spreading Vaccines", "description": "It may sound like the plot of a science fiction movie, but U.S. National Institutes of Health (NIH) funded scientists have been secretly working on genetically-engineered live virus vaccines, which they refer to as \u201ccontagious\u201d vaccines, that can transmit vaccine strain viruses through a population on their own. The vaccines are so contagious that only", "url": "https://organicconsumers.org/the-threat-of-self-spreading-vaccines/", "site_name": "Organic Consumers", "article:publisher": "https://www.facebook.com/organicconsumers", "article:published_time": "2022-07-05T21:47:59+00:00", "image": "https://organicconsumers.org/wp-content/uploads/2023/02/scientist_research_specimen_tube_1200x630.jpg", "image:width": "1200", "image:height": "630", "image:type": "image/jpeg"}, "tags": [], "tweets": [], "movies": [], "links": ["//thevaccinereaction.org/2022/07/the-threat-of-self-spreading-vaccines/\" target=\"oca-linked\">Read the Full Article</a>", "https://thevaccinereaction.org/2022/07/the-threat-of-self-spreading-vaccines/#_edn1", "https://thevaccinereaction.org/2022/07/the-threat-of-self-spreading-vaccines/#_edn2"], "authors": ["OCA"], "publish_date": "2022-07-05T21:47:59+00:00"}