{"result_id": "238020", "URL": "https://patriots4truth.org/2020/10/09/british-military-knocking-on-doors-for-covid-testing/", "timestamp": "2023-04-25 16:47:01 CEST+0200", "meta": {"description": "Alert to all British patriots: Pass this information through your downline and networks. The British military is going door to door for \"voluntary testing\". You must resist. Inform your neighbors. Also, notice half way through the video, as the people are walking down the street, there are utility poles with 5G units. THIS IS NOT\u2026", "lang": "en", "keywords": "", "favicon": "https://i0.wp.com/patriots4truth.org/wp-content/uploads/2017/12/cropped-aim-4-truth-png-bw1.png?fit=32%2C32&ssl=1", "canonical": "https://patriots4truth.org/2020/10/09/british-military-knocking-on-doors-for-covid-testing/", "encoding": "UTF-8"}, "image": null, "domain": "patriots4truth.org", "title": "British Military Knocking on Doors for COVID Testing", "cleaned_text": "Alert to all British patriots: Pass this information through your downline and networks. The British military is going door to door for \u201cvoluntary testing\u201d. You must resist. Inform your neighbors.\n\nAlso, notice half way through the video, as the people are walking down the street, there are utility poles with 5G units. THIS IS NOT GOOD. They are creating an urban \u201coven\u201d to fry their citizens using a combo of vaccines, nanobots, and 5G. Below this video, we left you headline links that take you to articles that describe how these modern genocide ovens work.\n\nThe Hidden Dangers of Electricity Are a Mortal Threat to Humanity\n\nCharles M. Lieber Uses Viruses, Nanotechnology, and 5G to Eradicate Humanity\n\nThe Queen\u2019s Crown Virus Must Be Destroyed Before It Destroys Humanity\n\nModerna\u2019s totally disqualifying RED FLAG \u201cstrategic\u201d relationships to the Queen, Wellcome Trust, and Bill Gates", "opengraph": {"type": "article", "title": "British Military Knocking on Doors for COVID Testing", "url": "https://patriots4truth.org/2020/10/09/british-military-knocking-on-doors-for-covid-testing/", "description": "Alert to all British patriots: Pass this information through your downline and networks. The British military is going door to door for \u201cvoluntary testing\u201d. You must resist. Inform your\u2026", "article:published_time": "2020-10-09T02:22:28+00:00", "article:modified_time": "2020-10-09T02:23:19+00:00", "site_name": "Patriots for Truth", "image": "https://i0.wp.com/patriots4truth.org/wp-content/uploads/2017/12/aim-4-truth-png-bw.png?fit=714%2C705&ssl=1", "image:width": "714", "image:height": "705", "locale": "en_US"}, "tags": [], "tweets": [], "movies": [], "links": ["https://aim4truth.org/2020/09/25/the-hidden-dangers-of-electricity-are-a-mortal-threat-to-humanity/", "https://aim4truth.org/2020/03/28/charles-m-lieber-and-the-queens-qinetiq/", "https://aim4truth.org/2020/05/28/charles-m-lieber-uses-viruses-nontechnology-and-5g-to-eradicate-humanity/", "https://aim4truth.org/2020/03/16/crown-virus-must-be-destroyed/", "https://aim4truth.org/2020/08/04/modernas-totally-disqualifying-red-flag-strategic-relationships-to-the-queen-wellcome-trust-and-bill-gates/", "https://patriots4truth.org/2020/10/09/british-military-knocking-on-doors-for-covid-testing/?share=twitter", "https://patriots4truth.org/2020/10/09/british-military-knocking-on-doors-for-covid-testing/?share=facebook"], "authors": [], "publish_date": "2020-10-09T02:22:28+00:00"}