{"result_id": "239037", "URL": "https://www.paulcraigroberts.org/2023/01/31/the-covid-pandemic-and-the-mrna-vaccine-what-is-the-truth/", "timestamp": "2023-04-25 16:47:53 CEST+0200", "meta": {"description": "", "lang": "en", "keywords": "", "favicon": "https://www.paulcraigroberts.org/wp-content/images/fav.png", "canonical": "https://www.paulcraigroberts.org/2023/01/31/the-covid-pandemic-and-the-mrna-vaccine-what-is-the-truth/", "encoding": "UTF-8"}, "image": null, "domain": "www.paulcraigroberts.org", "title": "The COVID Pandemic and the mRNA Vaccine: What Is the Truth?", "cleaned_text": "The COVID Pandemic and the mRNA Vaccine: What Is the Truth?\n\nThe COVID Pandemic and the mRNA Vaccine: What Is the Truth?\n\nThis article is of the greatest importance. Dr.Russell L. Blaylock explains and documents the manipulation of the \u201cCovid Pandemic\u201d by government bureaucracies, medical associations, medical boards, media and international agencies. Real experts as contrasted with medical bureaucrats who have never treated a patient were demonized, silenced, and their careers destroyed. You have to understand that this was not a mistake. This was an intentional deadly attack on humanity. If we let them get away with it, it will not be the last attack.", "opengraph": {"image": "http://www.paulcraigroberts.org/wp-content/uploads/2015/11/pcr_168x180.jpg"}, "tags": [], "tweets": [], "movies": [], "links": ["https://www.globalresearch.ca/covid-update-what-truth/5779037", "http://www.linkedin.com/shareArticle?mini=true&url=https%3A%2F%2Fwww.paulcraigroberts.org%2F2023%2F01%2F31%2Fthe-covid-pandemic-and-the-mrna-vaccine-what-is-the-truth%2F&title=The%20COVID%20Pandemic%20and%20the%20mRNA%20Vaccine%3A%20What%20Is%20the%20Truth%3F%C2%A0", "http://reddit.com/submit?url=https%3A%2F%2Fwww.paulcraigroberts.org%2F2023%2F01%2F31%2Fthe-covid-pandemic-and-the-mrna-vaccine-what-is-the-truth%2F&title=The%20COVID%20Pandemic%20and%20the%20mRNA%20Vaccine%3A%20What%20Is%20the%20Truth%3F%C2%A0", "https://www.paulcraigroberts.org/2023/01/31/the-covid-pandemic-and-the-mrna-vaccine-what-is-the-truth/", "https://www.paulcraigroberts.org/2023/04/24/no-more-truth-from-fox-news/", "https://www.paulcraigroberts.org/2023/04/24/no-more-truth-from-fox-news/", "https://www.paulcraigroberts.org/2023/04/25/our-heartless-medical-system/", "https://www.paulcraigroberts.org/2023/04/25/our-heartless-medical-system/", "https://www.paulcraigroberts.org/2023/04/24/the-western-world-has-forsaken-all-of-its-former-values/", "https://www.paulcraigroberts.org/2023/04/24/the-western-world-has-forsaken-all-of-its-former-values/", "https://www.paulcraigroberts.org/2023/04/23/the-death-of-law-based-justice/", "https://www.paulcraigroberts.org/2023/04/23/the-death-of-law-based-justice/", "https://www.paulcraigroberts.org/2023/04/18/thanks-to-washingtons-abuse-of-the-reserve-currency-role-the-dollar-is-on-its-way-out/", "https://www.paulcraigroberts.org/2023/04/18/thanks-to-washingtons-abuse-of-the-reserve-currency-role-the-dollar-is-on-its-way-out/", "https://www.paulcraigroberts.org/2023/04/18/my-ignored-warnings-of-american-de-industrialization/", "https://www.paulcraigroberts.org/2023/04/18/my-ignored-warnings-of-american-de-industrialization/", "https://www.paulcraigroberts.org/2023/04/20/the-empire-of-lies-2/", "https://www.paulcraigroberts.org/2023/04/20/the-empire-of-lies-2/", "https://www.paulcraigroberts.org/2023/04/17/some-comments-on-the-inanities-of-our-time/", "https://www.paulcraigroberts.org/2023/04/17/some-comments-on-the-inanities-of-our-time/", "https://www.paulcraigroberts.org/2023/04/17/what-former-new-york-prosecutors-say-about-braggs-fake-case-against-trump/", "https://www.paulcraigroberts.org/2023/04/17/what-former-new-york-prosecutors-say-about-braggs-fake-case-against-trump/", "https://www.paulcraigroberts.org/2023/04/13/slavery-in-america-was-resurrected-in-1913/", "https://www.paulcraigroberts.org/2023/04/13/slavery-in-america-was-resurrected-in-1913/", "https://www.paulcraigroberts.org/2023/04/10/trump-is-americas-last-hope/", "https://www.paulcraigroberts.org/2023/04/10/trump-is-americas-last-hope/", "https://www.paulcraigroberts.org/2023/04/10/steve-kirsch-is-an-american-hero/", "https://www.paulcraigroberts.org/2023/04/10/steve-kirsch-is-an-american-hero/", "https://www.paulcraigroberts.org/2023/04/11/the-curse-of-rousseau/", "https://www.paulcraigroberts.org/2023/04/11/the-curse-of-rousseau/", "https://www.paulcraigroberts.org/2023/04/04/what-trumps-indictment-means/", "https://www.paulcraigroberts.org/2023/04/04/what-trumps-indictment-means/", "https://www.paulcraigroberts.org/2023/04/03/the-death-of-free-speech-truth-and-the-rule-of-law/", "https://www.paulcraigroberts.org/2023/04/03/the-death-of-free-speech-truth-and-the-rule-of-law/", "https://www.paulcraigroberts.org/2023/04/03/the-republican-party-has-reached-the-point-where-it-has-to-fight-for-trump-or-be-deserted-by-voters/", "https://www.paulcraigroberts.org/2023/04/03/the-republican-party-has-reached-the-point-where-it-has-to-fight-for-trump-or-be-deserted-by-voters/", "https://www.paulcraigroberts.org/2023/04/03/elon-musk-on-the-new-york-times-this-is-priceless/", "https://www.paulcraigroberts.org/2023/04/03/elon-musk-on-the-new-york-times-this-is-priceless/", "https://www.paulcraigroberts.org/2023/04/12/historical-lies-used-to-demonize-a-classic-historical-novel/", "https://www.paulcraigroberts.org/2023/04/12/historical-lies-used-to-demonize-a-classic-historical-novel/", "https://www.paulcraigroberts.org/2023/04/02/so-far-the-republican-partys-response-to-the-indictment-of-president-trump-is-to-use-the-event-for-fundraising/", "https://www.paulcraigroberts.org/2023/04/02/so-far-the-republican-partys-response-to-the-indictment-of-president-trump-is-to-use-the-event-for-fundraising/", "https://www.paulcraigroberts.org/2023/04/02/showpiece-of-democrats-insurrection-show-trials-suddenly-released-from-prison/", "https://www.paulcraigroberts.org/2023/04/02/showpiece-of-democrats-insurrection-show-trials-suddenly-released-from-prison/", "https://www.paulcraigroberts.org/2023/03/31/black-quota-hire-falsely-indicts-president-trump/", "https://www.paulcraigroberts.org/2023/03/31/black-quota-hire-falsely-indicts-president-trump/", "https://www.paulcraigroberts.org/2023/03/30/does-america-have-a-future-3/", "https://www.paulcraigroberts.org/2023/03/30/does-america-have-a-future-3/", "https://www.paulcraigroberts.org/2023/03/29/us-media-complicit-in-two-mass-murders-covid-vax-and-fentanyl/", "https://www.paulcraigroberts.org/2023/03/29/us-media-complicit-in-two-mass-murders-covid-vax-and-fentanyl/", "https://www.paulcraigroberts.org/2023/04/06/the-destruction-of-the-american-male/", "https://www.paulcraigroberts.org/2023/04/06/the-destruction-of-the-american-male/", "https://www.paulcraigroberts.org/2023/03/29/why-the-dollar-based-international-system-is-breaking-up/", "https://www.paulcraigroberts.org/2023/03/29/why-the-dollar-based-international-system-is-breaking-up/", "https://www.paulcraigroberts.org/2023/03/27/for-decades-i-have-explained-that-watergate-was-a-cia-scheme-to-remove-president-nixon-from-office/", "https://www.paulcraigroberts.org/2023/03/27/for-decades-i-have-explained-that-watergate-was-a-cia-scheme-to-remove-president-nixon-from-office/", "https://www.paulcraigroberts.org/2023/03/28/the-quota-hire-pretending-to-be-a-secretary-of-defense-is-terminating-the-us-army/", "https://www.paulcraigroberts.org/2023/03/28/the-quota-hire-pretending-to-be-a-secretary-of-defense-is-terminating-the-us-army/", "https://www.paulcraigroberts.org/2023/03/26/the-erosion-of-equality-under-law-continues/", "https://www.paulcraigroberts.org/2023/03/26/the-erosion-of-equality-under-law-continues/", "https://www.paulcraigroberts.org/2023/03/22/incompetent-federal-reserve-goofs-again/", "https://www.paulcraigroberts.org/2023/03/22/incompetent-federal-reserve-goofs-again/", "https://www.paulcraigroberts.org/2023/03/21/the-chinese-document-us-hegemony-and-its-perils-february-20-2023/", "https://www.paulcraigroberts.org/2023/03/21/the-chinese-document-us-hegemony-and-its-perils-february-20-2023/", "https://www.paulcraigroberts.org/2023/03/20/the-rise-of-tyranny-in-the-united-states/", "https://www.paulcraigroberts.org/2023/03/20/the-rise-of-tyranny-in-the-united-states/", "https://www.paulcraigroberts.org/2023/03/19/the-us-has-the-world-setup-for-a-worse-financial-crisis-than-in-2008/", "https://www.paulcraigroberts.org/2023/03/19/the-us-has-the-world-setup-for-a-worse-financial-crisis-than-in-2008/", "https://www.paulcraigroberts.org/2023/03/16/does-putin-want-nuclear-war/", "https://www.paulcraigroberts.org/2023/03/16/does-putin-want-nuclear-war/", "https://www.paulcraigroberts.org/2023/03/14/the-cover-up-begins/", "https://www.paulcraigroberts.org/2023/03/14/the-cover-up-begins/", "https://www.paulcraigroberts.org/2023/03/14/the-christian-hating-jew-zelensky-a-sexual-pervert-who-biden-is-supporting-with-christian-money-is-evicting-christian-monks-as-a-spiritual-cleansing-of-ukraine/", "https://www.paulcraigroberts.org/2023/03/14/the-christian-hating-jew-zelensky-a-sexual-pervert-who-biden-is-supporting-with-christian-money-is-evicting-christian-monks-as-a-spiritual-cleansing-of-ukraine/", "https://www.paulcraigroberts.org/2023/03/14/it-seems-putin-is-unwilling-or-lacks-the-force-to-quickly-end-the-conflict-before-the-west-can-arm-and-train-the-ukrainians-with-more-powerful-weapons/", "https://www.paulcraigroberts.org/2023/03/14/it-seems-putin-is-unwilling-or-lacks-the-force-to-quickly-end-the-conflict-before-the-west-can-arm-and-train-the-ukrainians-with-more-powerful-weapons/", "https://www.paulcraigroberts.org/2023/03/13/banking-troubles-on-the-horizon/", "https://www.paulcraigroberts.org/2023/03/13/banking-troubles-on-the-horizon/", "https://www.paulcraigroberts.org/2023/03/15/are-jews-responsible-for-the-destruction-of-western-civilization-as-tobias-langdon-claims-or-is-the-cause-self-destruction-resulting-from-white-liberal-attacks-on-white-confidence/", "https://www.paulcraigroberts.org/2023/03/15/are-jews-responsible-for-the-destruction-of-western-civilization-as-tobias-langdon-claims-or-is-the-cause-self-destruction-resulting-from-white-liberal-attacks-on-white-confidence/", "https://www.paulcraigroberts.org/2023/03/10/former-cdc-director-robert-redfield-told-congress-that-there-is-no-doubt-that-fauci-at-nih-funded-gain-of-function-research-that-made-possible-the-covid-pandemic/", "https://www.paulcraigroberts.org/2023/03/10/former-cdc-director-robert-redfield-told-congress-that-there-is-no-doubt-that-fauci-at-nih-funded-gain-of-function-research-that-made-possible-the-covid-pandemic/", "https://www.paulcraigroberts.org/2023/03/12/what-is-going-on-in-the-federal-reserves-head/", "https://www.paulcraigroberts.org/2023/03/12/what-is-going-on-in-the-federal-reserves-head/", "https://www.paulcraigroberts.org/2023/03/12/what-is-going-on-inside-the-kremlins-head/", "https://www.paulcraigroberts.org/2023/03/12/what-is-going-on-inside-the-kremlins-head/", "https://www.paulcraigroberts.org/2023/03/08/tucker-carlson-exposes-the-january-6-insurrection-hoax-and-is-denounced-by-leaders-of-the-republican-party-and-of-course-the-whore-media/", "https://www.paulcraigroberts.org/2023/03/08/tucker-carlson-exposes-the-january-6-insurrection-hoax-and-is-denounced-by-leaders-of-the-republican-party-and-of-course-the-whore-media/", "https://www.paulcraigroberts.org/2023/03/06/does-the-kremlin-desire-the-conflict-in-ukraine-to-spin-out-of-control/", "https://www.paulcraigroberts.org/2023/03/06/does-the-kremlin-desire-the-conflict-in-ukraine-to-spin-out-of-control/", "https://www.paulcraigroberts.org/2023/03/05/the-kremlin-still-has-not-committed-the-russian-army-to-the-ukrainian-conflict/", "https://www.paulcraigroberts.org/2023/03/05/the-kremlin-still-has-not-committed-the-russian-army-to-the-ukrainian-conflict/", "https://www.paulcraigroberts.org/2023/03/05/as-truth-declines-so-do-we-all/", "https://www.paulcraigroberts.org/2023/03/05/as-truth-declines-so-do-we-all/", "https://www.paulcraigroberts.org/2023/03/09/the-replacement-of-white-people-continues-with-remake-of-peter-pan/", "https://www.paulcraigroberts.org/2023/03/09/the-replacement-of-white-people-continues-with-remake-of-peter-pan/", "https://www.paulcraigroberts.org/2023/03/07/the-safe-and-effective-mrna-vaccines-caused-more-covid-cases-and-more-deaths-than-the-virus-itself/", "https://www.paulcraigroberts.org/2023/03/07/the-safe-and-effective-mrna-vaccines-caused-more-covid-cases-and-more-deaths-than-the-virus-itself/", "https://www.paulcraigroberts.org/2023/02/27/putin-went-to-war-but-refuses-to-fight/", "https://www.paulcraigroberts.org/2023/02/27/putin-went-to-war-but-refuses-to-fight/", "https://www.paulcraigroberts.org/2023/02/26/has-russia-given-up-on-resisting-domination-by-the-west/", "https://www.paulcraigroberts.org/2023/02/26/has-russia-given-up-on-resisting-domination-by-the-west/", "https://www.paulcraigroberts.org/2023/02/26/what-do-americans-get-from-their-government/", "https://www.paulcraigroberts.org/2023/02/26/what-do-americans-get-from-their-government/"], "authors": [], "publish_date": null}