{"result_id": "241007", "URL": "http://philosophers-stone.info/wp-content/uploads/2021/07/expert-evidence-Pfizer-children.pdf", "timestamp": "2023-04-25 16:48:55 CEST+0200", "meta": {"description": "", "lang": null, "keywords": "", "favicon": "", "canonical": "http://philosophers-stone.info/wp-content/uploads/2021/07/expert-evidence-Pfizer-children.pdf", "encoding": null}, "image": null, "domain": "philosophers-stone.info", "title": "", "cleaned_text": "", "opengraph": {}, "tags": [], "tweets": [], "movies": [], "links": [], "authors": [], "publish_date": null}