{"result_id": "241011", "URL": "https://philosophers-stone.info/author/admin/page/189/", "timestamp": "2023-04-25 16:48:58 CEST+0200", "meta": {"description": "", "lang": "en", "keywords": "", "favicon": "", "canonical": "https://philosophers-stone.info/author/admin/page/189/", "encoding": "UTF-8"}, "image": null, "domain": "philosophers-stone.info", "title": "Phil Stone \u2013 Page 189 \u2013 Philosophers Stone", "cleaned_text": "The Swedish Public Health Agency has decided to suspend the use of Moderna\u2019s vaccine Spikevax, for everyone born in 1991 and later, for precautionary reasons. The\u2026", "opengraph": {}, "tags": [], "tweets": [], "movies": [], "links": [], "authors": [], "publish_date": "6 October 2021"}