{"result_id": "244028", "URL": "https://pressfortruth.ca/breaking-cepi-funded-by-gates-grants-inovio-9m-to-develop-vaccine-against-coronavirus-ncov-2019/", "timestamp": "2023-04-25 16:51:34 CEST+0200", "meta": {"description": "", "lang": "en", "keywords": "", "favicon": "https://pressfortruth.ca/wp-content/uploads/2020/06/facvi-150x150.jpg", "canonical": "https://pressfortruth.ca/breaking-cepi-funded-by-gates-grants-inovio-9m-to-develop-vaccine-against-coronavirus-ncov-2019/", "encoding": "UTF-8"}, "image": null, "domain": "pressfortruth.ca", "title": "BREAKING: CEPI (funded by Gates) Grants INOVIO $9M To Develop Vaccine Against Coronavirus nCoV-2019", "cleaned_text": "DONATE via Paypal \u279c https://www.paypal.me/PressforTruth\n\nPFT DEMONETIZED! If I Had $1 For Every Subscriber? https://www.gofundme.com/pft-demonetized-if-i-had-1-for-every-subscriber\n\nIf you\u2019re asking the question cui bono (who benefits?) you need to follow the money. As the deadly Wuhan coronavirus is spreading around the world, some biotech companies have announced early work to look for a vaccine that could prevent the disease. Inovio was one of those companies who was granted $9M dollars from CEPI (COALITION FOR EPIDEMIC PREPAREDNESS INNOVATIONS) who in turn is being funded by The Bill and Malinda Gates Foundation. In this video Dan Dicks of Press For Truth follows the money to find out who the winners will be in the race to develop a vaccine for nCoV-2019 and from what he can tell, Gates and his project Inovio are slated to come out on top making millions, if not billions for those involved if this epidemic spreads to a global pandemic. \n\n\n\nSources:\n\n\n\nhttps://www.glopid-r.org/coalition-for-epidemic-preparedness-innovations-cepi/\n\n\n\nhttps://en.wikipedia.org/wiki/Coalition_for_Epidemic_Preparedness_Innovations\n\n\n\nhttps://cepi.net\n\n\n\nhttps://cepi.net/news_cepi/cepi-to-fund-three-programmes-to-develop-vaccines-against-the-novel-coronavirus-ncov-2019/\n\n\n\nhttp://ir.inovio.com/news-and-media/news/press-release-details/2020/Inovio-Selected-by-CEPI-to-Develop-Vaccine-Against-New-Coronavirus/default.aspx\n\n\n\nhttps://cepi.net/news_cepi/inovio-awarded-up-to-56-million-from-cepi-to-advance-dna-vaccines-against-lassa-fever-and-mers/\n\n\n\nhttps://steemit.com/dtube/@pressfortruth/0el310reie5\n\n\n\nhttps://www.businessinsider.com/vaccines-for-wuhan-china-cornonavirus-moderna-inovio-cepi-2020-1\n\n\n\nhttps://www.businessinsider.com/bill-gates-warns-the-next-pandemic-disease-is-coming-2018-4\n\n\n\nhttps://gisanddata.maps.arcgis.com/apps/opsdashboard/index.html#/bda7594740fd40299423467b48e9ecf6\n\n\n\nhttps://patents.justia.com/patent/10130701\n\n\n\nhttps://www.nature.com/news/inside-the-chinese-lab-poised-to-study-world-s-most-dangerous-pathogens-1.21487\n\n\n\nCryptocurrencies:\n\nBitcoin \u279c 13oNiHUNGn9vdfv7MT5kjwe7np9bwf5ccv\n\nEthereum \u279c 0xEce2AEf1F26373a00BDC7243d1201a98578CC67e \n\nBitcoin Cash \u279c 1MxgFpQdMujLYRTkSTw4PGDmL99s83PFKR\n\nDash \u279c XirLdVdyaW9rXvhKic78ruc2X39HjNhdTV\n\nEOS \u279c 0x2BBB00605730feA136623CA366979705293DA659\n\nLitecoin \u279c LVVaVCfNN25AuU1Ex2s4tX2Ze3iCig2kRo\n\nDonate Other Cryptocurrencies \u279c https://pressfortruth.ca/top-stories/donate-cryptocurrencies/\n\n\n\nFollow Dan Dicks:\n\nINSTAGRAM \u279c http://instagram.com/dandickspft\n\nTWITTER \u279c http://twitter.com/#!/DanDicksPFT\n\n\u279c https://twitter.com/PressForTruth\n\nPATREON \u279c https://www.patreon.com/PressForTruth\n\nSUBSCRIBESTAR \u279c https://www.subscribestar.com/pressfortruth\n\nFLOTE \u279c https://flote.app/DanDicksPFT \n\nSTEEMIT \u279c https://steemit.com/@pressfortruth\n\nDTUBE \u279c https://d.tube/#!/c/pressfortruth\n\nMINDS \u279c https://www.minds.com/pressfortruth\n\nBITCHUTE \u279c https://www.bitchute.com/pressfortruth/\n\nBITTUBE \u279c https://bit.tube/PressForTruth\n\nGAB \u279c https://gab.ai/PressForTruth\n\nPOCKETNET\u279c https://tinyurl.com/yyju6yg8\n\nDLIVE \u279c https://dlive.tv/PressForTruth", "opengraph": {"locale": "en_US", "type": "article", "title": "BREAKING: CEPI (funded by Gates) Grants INOVIO $9M To Develop Vaccine Against Coronavirus nCoV-2019 - Press For Truth", "description": "DONATE via Paypal \u279c https://www.paypal.me/PressforTruthPFT DEMONETIZED! If I Had $1 For Every Subscriber? https://www.gofundme.com/pft-demonetized-if-i-had-1-for-every-subscriberIf you\u2019re asking the question cui bono (who benefits?) you need to follow the money. As the deadly Wuhan coronavirus is spreading around the world, some biotech companies have announced early work to look for a vaccine that could prevent the disease. [\u2026]", "url": "https://pressfortruth.ca/breaking-cepi-funded-by-gates-grants-inovio-9m-to-develop-vaccine-against-coronavirus-ncov-2019/", "site_name": "Press For Truth", "article:published_time": "2020-01-24T00:51:30+00:00", "article:modified_time": "2020-08-10T23:30:29+00:00", "image": "https://pressfortruth.ca/wp-content/uploads/2020/06/maxresdefault-531.jpg", "image:width": "1280", "image:height": "720", "image:type": "image/jpeg"}, "tags": [], "tweets": [], "movies": [], "links": [], "authors": ["Dan"], "publish_date": "2020-01-24T00:51:30+00:00"}