{"result_id": "244012", "URL": "https://pressfortruth.ca/cdc-data-confirms-covid-vaccine-deaths-2-5x-more-than-all-vaccines-for-past-30-years-combined/", "timestamp": "2023-04-25 16:51:15 CEST+0200", "meta": {"description": "", "lang": "en", "keywords": "", "favicon": "https://pressfortruth.ca/wp-content/uploads/2020/06/facvi-150x150.jpg", "canonical": "https://pressfortruth.ca/cdc-data-confirms-covid-vaccine-deaths-2-5x-more-than-all-vaccines-for-past-30-years-combined/", "encoding": "UTF-8"}, "image": null, "domain": "pressfortruth.ca", "title": "CDC Data Confirms Covid Vaccine Deaths 2.5X More Than ALL VACCINES FOR PAST 30 YEARS COMBINED!!!", "cleaned_text": "The official numbers are in and according to the CDC Covid-19(84) vaccine deaths are now 2.5x greater than all other vaccine deaths combined over the past 30 years! This is what the government is admitting to meanwhile the actual numbers according to a new study are 41x that number which would put Covid-19(84) vaccine deaths in the range of 150,000 in the US alone!! In this video Dan Dicks of Press For Truth goes over the numbers coming from the official VAERS system while also showing how those numbers have been fudged because as you\u2019ll see this has nothing to do with health and everything to do with creating a global digital ID surveillance grid for the purposes of tracking, tracing and databasing every single person on the planet. \n\n \n\nWATCH ON \u279c ODYSEE", "opengraph": {"locale": "en_US", "type": "article", "title": "CDC Data Confirms Covid Vaccine Deaths 2.5X More Than ALL VACCINES FOR PAST 30 YEARS COMBINED!!! - Press For Truth", "description": "The official numbers are in and according to the CDC Covid-19(84) vaccine deaths are now 2.5x greater than all other vaccine deaths combined over the past 30 years! This is what the government is admitting to meanwhile the actual numbers according to a new study are 41x that number which would put Covid-19(84) vaccine deaths [\u2026]", "url": "https://pressfortruth.ca/cdc-data-confirms-covid-vaccine-deaths-2-5x-more-than-all-vaccines-for-past-30-years-combined/", "site_name": "Press For Truth", "article:published_time": "2021-10-28T20:59:58+00:00", "article:modified_time": "2021-10-28T21:26:22+00:00", "image": "https://pressfortruth.ca/wp-content/uploads/2021/10/CDCDeathsThumb.jpg", "image:width": "1280", "image:height": "720", "image:type": "image/jpeg"}, "tags": [], "tweets": [], "movies": [], "links": ["https://odysee.com/@PressForTruth:4/CDC-Confirms-High-Death-Rate:d?r=7hyJxxen82fbh6YYvMP2wjwgtifVkvY6", "https://www.bitchute.com/video/LjuOQ4mXHLQO/", "https://flote.app/post/b8dfa13b-a17b-4f62-989b-39b48eae037f", "https://www.minds.com/newsfeed/1300561056891932686?referrer=pressfortruth", "https://rumble.com/vodr9g-cdc-data-confirms-covid-vaccine-deaths-2.5x-more-than-all-vaccines-for-past.html", "https://bastyon.com/index?v=7bb3de1ddf4808e07264c0055eac43a39c71a309b187ec0282a4d3d78100f381&video=1&ref=PXXaSczoZcuJEwxYKhaC9pV1JBvwi6UjSw", "https://hive.blog/hive-109255/@pressfortruth/veqqdvih"], "authors": ["Dan"], "publish_date": "2021-10-28T20:59:58+00:00"}