{"result_id": "247002", "URL": "https://pdmj.org/papers/Student_athletes_perform_worse_than_controls_following_COVID_vaccines", "timestamp": "2023-04-25 16:54:06 CEST+0200", "meta": {"description": "", "lang": "en", "keywords": "Masks, Colleen Huber, Medical Journal, Primary Doctor Medical Journal, PDMJ", "favicon": "/images/favicon.jpg", "canonical": "https://pdmj.org/papers/Student_athletes_perform_worse_than_controls_following_COVID_vaccines", "encoding": "utf-8"}, "image": null, "domain": "pdmj.org", "title": "PDMJ: Primary Doctor Medical Journal", "cleaned_text": "", "opengraph": {}, "tags": [], "tweets": [], "movies": [], "links": [], "authors": [], "publish_date": null}