{"result_id": "252001", "URL": "https://www.randpaul.news/author/newseditors", "timestamp": "2023-04-25 16:55:24 CEST+0200", "meta": {"description": "Rand Paul News | Rand Paul News & Updates", "lang": "en", "keywords": "Rand Paul, Senator, Senator Rand Paul, politics", "favicon": "wp-content/themes/NTTheme/images/Newstarget-fav.png", "canonical": "https://www.randpaul.news/author/newseditors", "encoding": "UTF-8"}, "image": null, "domain": "www.randpaul.news", "title": "& Updates", "cleaned_text": "Get independent news alerts on natural cures, food lab tests, cannabis medicine, science, robotics, drones, privacy and more.", "opengraph": {"title": "Rand Paul News | Rand Paul News & Updates", "type": "website", "url": "https://www.randpaul.news/author/newseditors", "site_name": "Rand Paul News", "description": "Rand Paul News | Rand Paul News & Updates", "image": "https://www.randpaul.news/images/SocialImage.jpg"}, "tags": [], "tweets": [], "movies": [], "links": ["/privacypolicy"], "authors": [], "publish_date": null}