{"result_id": "252017", "URL": "https://www.randpaul.news/2023-03-03-rand-paul-covid-lab-leak-greatest-coverups.html", "timestamp": "2023-04-25 16:55:36 CEST+0200", "meta": {"description": "In the wake of the latest revelation that the Department Of Energy has concluded that a\u00a0lab leak is the likeliest cause\u00a0of the COVID pandemic, Senator Rand Paul labelled the fallout \u201cone of the greatest cover-ups in modern medical history.\u201d\u00a0 (Article by Steve Watson republished from Infowars.com) Appearing on Hannity this week, Paul also noted that [\u2026]", "lang": "en", "keywords": "Anthony Fauci,badmedicine,conspiracy,coverup,COVID lab leak,covid-19,current events,deception,lab-leak theory,lies,propaganda,Rand Paul", "favicon": "wp-content/themes/NTTheme/images/Newstarget-fav.png", "canonical": "https://www.randpaul.news/2023-03-03-rand-paul-covid-lab-leak-greatest-coverups.html", "encoding": "UTF-8"}, "image": null, "domain": "www.randpaul.news", "title": "Rand Paul: COVID lab leak \u201cone of the greatest coverups in modern medical history\u201d", "cleaned_text": "Rand Paul: COVID lab leak \u201cone of the greatest coverups in modern medical history\u201d\n\nIn the wake of the latest revelation that the Department Of Energy has concluded that a lab leak is the likeliest cause of the COVID pandemic, Senator Rand Paul labelled the fallout \u201cone of the greatest cover-ups in modern medical history.\u201d\n\nAppearing on Hannity this week, Paul also noted that the US government has \u201cdestroyed trust in vaccines and everything else because they\u2019re really telling you stuff that\u2019s obviously not true and you shouldn\u2019t take it.\u201d\n\nPaul asserted that \u201cWhen Anthony Fauci made the decision to fund dangerous gain\u2013of-function research in Wuhan, under the auspices of an authoritarian government, this decision was one of the worst decisions ever made. And there\u2019s been a cover-up ever since the very beginning.\u201d\n\nThe Senator, who has long pursued Fauci over the gain of function lie, added that this will eventually \u201cget out in history it\u2019s probably one of the worst decisions that any government bureaucrat ever made.\u201d\n\nPaul continued, \u201cYou can go back and see the emails between him and Francis Collins, who is head of NIH, them conspiring basically to cover this up. But now we have a mountain of evidence. The problem is much of it is classified. But The New York Times reported from the Department of Energy that their scientists now believe that this came from a lab is actually classified and somebody leaked it illegally.\u201d\n\n\u201cNo parent with any lick of common sense would allow their kid to be vaccinated after they\u2019ve already had COVID and had myocarditis from the vaccine,\u201d said Paul, adding \u201cBut the CDC\u2019s recommendation is that your kid should get a second vaccine as soon as their heart is better.\u201d\n\n\u201cThis is why nobody trusts the CDC because no mom with any bit of common sense would ever subject their kid to another vaccination after they added heart inflammation from the first one,\u201d Paul urged.\n\n\u201cThis is how idiotic these people are, and how moronic, they have destroyed trust,\u201d he added.", "opengraph": {"title": "Rand Paul: COVID lab leak \u201cone of the greatest coverups in modern medical history\u201d", "type": "article", "url": "https://www.randpaul.news/2023-03-03-rand-paul-covid-lab-leak-greatest-coverups.html", "site_name": "Rand Paul News", "description": "In the wake of the latest revelation that the Department Of Energy has concluded that a\u00a0lab leak is the likeliest cause\u00a0of the COVID pandemic, Senator Rand Paul labelled the fallout \u201cone of the greatest cover-ups in modern medical history.\u201d\u00a0 (Article by Steve Watson republished from Infowars.com) Appearing on Hannity this week, Paul also noted that [\u2026]", "image": "https://www.randpaul.news/wp-content/uploads/sites/390/2023/03/Editorial-Use-Rand-Paul-Hair.jpg"}, "tags": ["conspiracy", "current events", "covid-19", "Rand Paul", "deception", "coverup", "COVID lab leak", "Anthony Fauci", "lab-leak theory", "lies", "propaganda"], "tweets": [], "movies": [{"embed_type": "iframe", "provider": "youtube", "width": "560", "height": "315", "embed_code": "<iframe src=\"https://www.youtube.com/embed/Gdj0_x0noB8\" width=\"560\" height=\"315\" allowfullscreen=\"allowfullscreen\" data-mce-fragment=\"1\"></iframe>", "src": "https://www.youtube.com/embed/Gdj0_x0noB8"}], "links": ["https://summit.news/2023/02/28/rand-paul-calls-for-declassification-of-covid-lab-leak-documents/", "https://www.infowars.com/posts/rand-paul-covid-lab-leak-one-of-the-greatest-coverups-in-modern-medical-history/", "https://www.dailymail.co.uk/news/article-10324873/Emails-reveal-Fauci-head-NIH-colluded-try-smear-experts-called-end-lockdowns.html", "https://www.infowars.com/posts/rand-paul-covid-lab-leak-one-of-the-greatest-coverups-in-modern-medical-history/", "https://www.addtoany.com/add_to/google_plus?linkurl=%2Frandpaulnews%2F2023-03-03-rand-paul-covid-lab-leak-greatest-coverups.html&linkname=Rand%20Paul%3A%20COVID%20lab%20leak%20%E2%80%9Cone%20of%20the%20greatest%20coverups%20in%20modern%20medical%20history%E2%80%9D", "https://www.addtoany.com/share", "https://support.naturalnews.com/Feedback.html"], "authors": [], "publish_date": null}