{"result_id": "254028", "URL": "https://realclimatescience.com/2022/01/vaccine-success-in-california/", "timestamp": "2023-04-25 16:56:20 CEST+0200", "meta": {"description": "", "lang": "en", "keywords": "", "favicon": "https://realclimatescience.com/wp-content/uploads/2022/04/favicon.ico", "canonical": "https://realclimatescience.com/2022/01/vaccine-success-in-california/", "encoding": "UTF-8"}, "image": null, "domain": "realclimatescience.com", "title": "Vaccine Success In California | Real Climate Science", "cleaned_text": "\"Science is the belief in the ignorance of the experts.\" \u2014 Richard Feynman", "opengraph": {}, "tags": [], "tweets": [], "movies": [], "links": ["https://realclimatescience.com/"], "authors": [], "publish_date": null}