{"result_id": "255005", "URL": "https://www.realjewnews.com/?p=1514", "timestamp": "2023-04-25 16:56:36 CEST+0200", "meta": {"description": "", "lang": "en", "keywords": "", "favicon": "/favicons/apple-touch-icon-57x57.png?v=E66A2qOByX", "canonical": "https://www.realjewnews.com/?p=1514", "encoding": "UTF-8"}, "image": null, "domain": "www.realjewnews.com", "title": "Biden\u2019s Scorched Earth Policy | Real Jew News", "cleaned_text": "The Plight Of The Unvaxxed\n\nOr Send Your Contribution To:", "opengraph": {}, "tags": [], "tweets": [], "movies": [], "links": ["http://brothernathanaelchannel.com/watch_video.php?v=1449", "http://brothernathanaelchannel.com/watch_video.php?v=1449", "http://www.BrotherNathanaelChannel.com", "http://brothernathanaelchannel.com/watch_video.php?v=DA75GO1AK4KR", "https://www.realjewnews.com/?p=1510", "https://www.realjewnews.com/?p=1510", "https://www.realjewnews.com/?p=1513", "https://www.realjewnews.com/?p=1513", "https://www.realjewnews.com/?p=1496", "https://www.realjewnews.com/?p=1496", "http://brothernathanaelchannel.com/watch_video.php?v=BD16RX7O3SDH", "http://brothernathanaelchannel.com/watch_video.php?v=BD16RX7O3SDH", "http://brothernathanaelchannel.com/watch_video.php?v=WWX8X4D16AAR", "http://brothernathanaelchannel.com/watch_video.php?v=WWX8X4D16AAR", "http://www.brovids.com/mp4/", "https://www.realjewnews.com/?page_id=1394"], "authors": ["ShinRa"], "publish_date": null}