{"result_id": "255013", "URL": "https://www.realjewnews.com/?p=1437", "timestamp": "2023-04-25 16:56:46 CEST+0200", "meta": {"description": "", "lang": "en", "keywords": "", "favicon": "/favicons/apple-touch-icon-57x57.png?v=E66A2qOByX", "canonical": "https://www.realjewnews.com/?p=1437", "encoding": "UTF-8"}, "image": null, "domain": "www.realjewnews.com", "title": "Let\u2019s Get Normal! | Real Jew News", "cleaned_text": "Or Send Your Contribution To:", "opengraph": {}, "tags": [], "tweets": [], "movies": [], "links": ["http://brothernathanaelchannel.com/watch_video.php?v=1375", "http://brothernathanaelchannel.com/watch_video.php?v=1375", "http://www.BrotherNathanaelChannel.com", "http://brothernathanaelchannel.com/watch_video.php?v=DA75GO1AK4KR", "http://www.realjewnews.com/?p=1436", "http://www.realjewnews.com/?p=1436", "http://www.realjewnews.com/?p=1435", "http://www.realjewnews.com/?p=1435", "http://www.realjewnews.com/?p=1434", "http://www.realjewnews.com/?p=1434", "http://www.realjewnews.com/?p=1432", "http://www.realjewnews.com/?p=1432", "https://www.brighteon.com/9b722668-3dd5-4b61-9b0f-d8c61764addf", "https://www.brighteon.com/9b722668-3dd5-4b61-9b0f-d8c61764addf", "https://www.brighteon.com/ac19d0df-8956-4243-aba2-86f08b41346d", "https://www.brighteon.com/ac19d0df-8956-4243-aba2-86f08b41346d", "https://www.brighteon.com/14eaa0f4-f274-4488-a09b-56a656c24aac", "https://www.brighteon.com/14eaa0f4-f274-4488-a09b-56a656c24aac", "http://www.brovids.com/mp4/", "http://www.realjewnews.com/?page_id=1394", "http://www.facebook.com/BrotherNathanael"], "authors": ["ShinRa"], "publish_date": null}