{"result_id": "260023", "URL": "http://www.renegadetribune.com/nanobots-vaccines-and-5g/", "timestamp": "2023-04-25 16:59:07 CEST+0200", "meta": {"description": "", "lang": "en", "keywords": "", "favicon": "http://www.renegadetribune.com/wp-content/uploads/2017/05/cropped-Black_Sun.svg_-32x32.png", "canonical": "http://www.renegadetribune.com/nanobots-vaccines-and-5g/", "encoding": "UTF-8"}, "image": null, "domain": "www.renegadetribune.com", "title": "Nanobots, Vaccines and 5G", "cleaned_text": "The information here could be pointing to a very dystopian future, which has been envisioned by the WEF, where man and machine merge against our will.\n\nAuthor: Thanks for being a reader of this site. Your contributions make this all possible. You can send support to: Kyle Hunt, PO Box 1052, Sorrento FL 32776. Bitcoin address: 1AfppjYZddJzc2C15PXKMsnyBPjPJQezwA . CashApp: Thanks for being a reader of this site. Your contributions make this all possible. You can send support to: Kyle Hunt, PO Box 1052, Sorrento FL 32776. Bitcoin address: 1AfppjYZddJzc2C15PXKMsnyBPjPJQezwA . CashApp: https://cash.app/$thekylehunt", "opengraph": {"title": "Nanobots, Vaccines and 5G", "description": "The information here could be pointing to a very dystopian future, which has been envisioned by the WEF, where man and machine merge against our will.", "image": "http://www.renegadetribune.com/wp-content/uploads/2020/11/Nanotech-Agenda-Being-Forwarded-by-Operation-Coronavirus.jpg", "locale": "en_US", "type": "article", "url": "http://www.renegadetribune.com/nanobots-vaccines-and-5g/", "site_name": "Renegade Tribune", "article:published_time": "2021-05-16T19:22:53+00:00", "article:modified_time": "2021-05-16T11:37:39+00:00", "image:width": "800", "image:height": "534"}, "tags": [], "tweets": [], "movies": [], "links": ["https://www.bitchute.com/video/i0mqw1BOrghF/", "http://www.renegadetribune.com/support-with-cryptocurrencies/", "https://gab.com/compose?url=http%3A%2F%2Fwww.renegadetribune.com%2Fnanobots-vaccines-and-5g%2F&text=Nanobots%2C%20Vaccines%20and%205G", "https://parler.com/new-post?message=Nanobots%2C%20Vaccines%20and%205G&url=http%3A%2F%2Fwww.renegadetribune.com%2Fnanobots-vaccines-and-5g%2F", "http://reddit.com/submit?url=http%3A%2F%2Fwww.renegadetribune.com%2Fnanobots-vaccines-and-5g%2F&title=Nanobots%2C%20Vaccines%20and%205G", "https://telegram.me/share/url?url=http%3A%2F%2Fwww.renegadetribune.com%2Fnanobots-vaccines-and-5g%2F&text=Nanobots%2C%20Vaccines%20and%205G", "http://www.renegadetribune.com/nanobots-vaccines-and-5g/", "https://cash.app/$thekylehunt", "http://www.renegadetribune.com/john-oliver-berates-white-people-for-25-minutes-over-ignorance-of-black-hair/", "http://www.renegadetribune.com/swedish-revisionist-ditlieb-felderer-on-the-merle-pollis-radio-show-1982/"], "authors": [], "publish_date": "2021-05-16T19:22:53+00:00"}