{"result_id": "262008", "URL": "https://returntonow.net/category/uncategorized/page/13/", "timestamp": "2023-04-25 17:00:34 CEST+0200", "meta": {"description": "", "lang": "en", "keywords": "", "favicon": "", "canonical": "https://returntonow.net/category/uncategorized/page/13/", "encoding": "UTF-8"}, "image": null, "domain": "returntonow.net", "title": "Uncategorized Archives - Page 13 of 106", "cleaned_text": "\n\u2022 Nestl\u00e9 and Hershey\u2019s Use Actual Slavery on African Cocoa Farms, U.S. Supreme Court Defends It \u201cKidnapped children are held against their will on isolated farms, locked away at night, threatened with beatings, and forced to work long hours even when they are sick,\u201d former child slaves claim in a lawsuit against Nestl\u00e9. Hershey\u2019s and Mars chocolates also use horrific forms of child labor.\n\u2022 Maine Passes First \u201cRight to Food\u201d Amendment in U.S. Citizens of Maine now have a Constitutional right to grow, raise, process, barter, trade and sell their own food without government interference\n\u2022 Don\u2019t let go of your balloon in Maryland! You could get a $100 fine.\n\u2022 Why Permaculture is the Future of Food, if There is a Future of Food Permaculture is not only sustainable, it\u2019s regenerative, and can heal the damage caused by conventional agriculture.\n\u2022 Scotland Rewilding 1/2 Million Acres, Tearing Down Dams and Fences, Restoring Woodland and Wildlife Landowners in the Scottish Highlands have agreed to let their land return to wilderness, in hopes of bringing back forests, wetlands, wildcats, salmon and otters\n\u2022 Masai Woman Builds Off-Grid Homestead and Food Forest in the African Bush Masai woman brings hope to her formerly nomadic people by creating an oasis in the desert\n\u2022 Without Any Legal, Affordable Place to Process Their Beef, Ranchers Raise $300 Million to Build Their Own Plant Nebraska ranchers are banding together to cut out the middlemen \u2013 the Tyson/Cargill cartel \u2013 who underpay them and under-nourish us\n\u2022 Over 100,000 monarchs counted so far this year in California, up from 2,000 last year", "opengraph": {"locale": "en_US", "type": "article", "title": "Uncategorized Archives - Page 13 of 106 - Return to Now", "url": "https://returntonow.net/category/uncategorized/", "site_name": "Return to Now"}, "tags": [], "tweets": [], "movies": [], "links": ["https://returntonow.net/2022/01/09/nestle-hershey-use-slave-labor/", "https://returntonow.net/2022/01/09/nestle-hershey-use-slave-labor/", "https://returntonow.net/2022/01/02/uk-town-plants-8-miles-of-roadside-wildflowers-for-bees-saves-33000-a-year-in-mowing-costs/", "https://returntonow.net/2022/01/02/uk-town-plants-8-miles-of-roadside-wildflowers-for-bees-saves-33000-a-year-in-mowing-costs/", "https://returntonow.net/2021/12/23/maine-passes-first-right-to-food-amendment-in-u-s/", "https://returntonow.net/2021/12/23/maine-passes-first-right-to-food-amendment-in-u-s/", "https://returntonow.net/2021/12/19/star-trails-created-by-long-exposure-photography-as-earth-spins/", "https://returntonow.net/2021/12/19/star-trails-created-by-long-exposure-photography-as-earth-spins/", "https://returntonow.net/2021/12/17/maryland-outlaws-intentional-balloon-releases-to-protect-wildlife/", "https://returntonow.net/2021/12/17/maryland-outlaws-intentional-balloon-releases-to-protect-wildlife/", "https://returntonow.net/2021/12/11/permaculture-is-the-future-food-if-there-is-a-future-of-food/", "https://returntonow.net/2021/12/11/permaculture-is-the-future-food-if-there-is-a-future-of-food/", "https://returntonow.net/2021/12/07/scotland-is-rewilding-half-a-million-acres-tearing-down-dams-and-fences-restoring-rivers-and-woodland/", "https://returntonow.net/2021/12/07/scotland-is-rewilding-half-a-million-acres-tearing-down-dams-and-fences-restoring-rivers-and-woodland/", "https://returntonow.net/2021/11/30/masai-woman-builds-off-grid-homestead-and-food-forest-in-the-african-bush/", "https://returntonow.net/2021/11/30/masai-woman-builds-off-grid-homestead-and-food-forest-in-the-african-bush/", "https://returntonow.net/2021/11/29/as-beef-prices-skyrocket-ranchers-raise-300-million-to-build-their-own-processing-plant/", "https://returntonow.net/2021/11/29/as-beef-prices-skyrocket-ranchers-raise-300-million-to-build-their-own-processing-plant/", "https://returntonow.net/2021/11/28/monarch-butterflies-are-back-highest-migration-numbers-in-years/", "https://returntonow.net/2021/11/28/monarch-butterflies-are-back-highest-migration-numbers-in-years/"], "authors": [], "publish_date": "January 9, 2022"}