{"result_id": "265036", "URL": "https://sanevax.org/research-blog/vaccine-adjuvants-2/", "timestamp": "2023-04-25 17:02:41 CEST+0200", "meta": {"description": "", "lang": "en", "keywords": "", "favicon": "https://sanevax.org/wp-content/themes/lifestyle-pro-elf/images/favicon.ico", "canonical": "https://sanevax.org/research-blog/vaccine-adjuvants-2/", "encoding": "UTF-8"}, "image": null, "domain": "sanevax.org", "title": "Vaccine Adjuvants Archives", "cleaned_text": "Authors: Lu\u00edsa E\u00e7a Guimar\u00e3esa, Britain Bakera, Carlo Perriconeb, Yehuda Shoenfelda,c Abstract Vaccines and autoimmunity are linked fields. Vaccine efficacy is based on whether host immune response against an antigen can elicit a memory T-cell response over time. Although the described side effects thus far have been mostly transient and acute, vaccines are able to elicit the immune system towards [\u2026]", "opengraph": {"locale": "en_US", "type": "article", "title": "Vaccine Adjuvants Archives - SaneVax, Inc.", "url": "https://sanevax.org/research-blog/vaccine-adjuvants-2/", "site_name": "SaneVax, Inc."}, "tags": ["toxicity", "adjuvants", "biopersistence", "Autoantibodies", "aluminum adjuvants", "adverse effects", "vaccines", "Allergy", "autoimmunity", "Gardasil"], "tweets": [], "movies": [], "links": ["https://sanevax.org/vaccines-adjuvants-and-autoimmunity/"], "authors": [], "publish_date": "October 10, 2018"}