{"result_id": "266026", "URL": "https://www.santeplusmag.com/des-adolescents-sont-punis-par-la-police-apres-avoir-tousse-sur-des-personnes-agees/", "timestamp": "2023-04-25 17:03:08 CEST+0200", "meta": {"description": "Retrouvez les conseils de Sant\u00e9+ Mag dans les domaines de la beaut\u00e9, du bien-\u00eatre et de la psychologie. Am\u00e9liorez votre quotidien avec les trucs de grand-m\u00e8re pour votre maison", "lang": "fr", "keywords": "", "favicon": "https://www.santeplusmag.com/wp-content/uploads/favico.png", "canonical": "https://www.santeplusmag.com/", "encoding": "utf-8"}, "image": null, "domain": "www.santeplusmag.com", "title": "Conseils et entretien de la maison, astuce beaut\u00e9 et bien-\u00eatre", "cleaned_text": "Perdre ses dents : quelle est la signification de ce r\u00eave ?\n\nT'as de belles dents, tu sais ! Voil\u00e0, le genre de compliments que tout le monde a l'habitude de vous faire. C'est simple, personne ne peut r\u00e9sister \u00e0 ce sourire \u00e9clatant et ces dents...", "opengraph": {"type": "website", "site_name": "santeplusmag", "locale": "fr_FR", "title": "Conseils et entretien de la maison, astuce beaut\u00e9 et bien-\u00eatre", "description": "Retrouvez les conseils de Sant\u00e9+ Mag dans les domaines de la beaut\u00e9, du bien-\u00eatre et de la psychologie. Am\u00e9liorez votre quotidien avec les trucs de grand-m\u00e8re pour votre maison", "url": "https://www.santeplusmag.com/", "image": "https://www.santeplusmag.com/wp-content/uploads/photo-OG-1200x628.jpg", "image:secure_url": "https://www.santeplusmag.com/wp-content/uploads/photo-OG-1200x628.jpg", "image:width": "1200", "image:height": "628", "image:type": "image/jpeg"}, "tags": [], "tweets": [], "movies": [], "links": ["https://www.santeplusmag.com/111122266-perdre-ses-dents-quelle-est-la-signification-de-ce-reve-developpement-personnel-16-04-2023/"], "authors": ["Sant\u00e9 plus Magazine"], "publish_date": null}