{"result_id": "271018", "URL": "https://shoebat.com/2021/04/02/the-government-of-the-netherlands-stops-distribution-of-vaccine-after-it-kills-one-woman-and-gives-several-people-deadly-blood-clots/", "timestamp": "2023-04-25 17:07:06 CEST+0200", "meta": {"description": "", "lang": "en", "keywords": "", "favicon": "/wp-content/uploads/2012/10/favicon.png", "canonical": "https://shoebat.com/2021/04/02/the-government-of-the-netherlands-stops-distribution-of-vaccine-after-it-kills-one-woman-and-gives-several-people-deadly-blood-clots/", "encoding": "UTF-8"}, "image": null, "domain": "shoebat.com", "title": "The Government Of The Netherlands Stops Distribution Of Vaccine After It Kills One Woman And Gives Several People Deadly Blood Clots", "cleaned_text": "In a statement on Friday, the ministry said the decision was made \u201cas a precaution\u201d on the heels of reports from Dutch drug monitoring agency Lareb which said it had received news of five blood-clot cases among women who had recently been given a shot of Vaxzevria, the Covid-19 vaccine developed by Oxford University and AstraZeneca.\n\nThe women, all aged between 25 and 65, had received the jab about 7 to 10 days beforehand.\n\n\u201cThree [of the five] patients had extensive pulmonary embolisms. One died and one also had a brain haemorrhage,\u201d Lareb said. \u201cAnother patient had extensive abdominal vein thrombosis. One patient developed a thrombosis of the arteries in the legs.\u201d\n\nThe agency noted that within the period concerning the five complaints, around 400,000 people were given the vaccine, and the reports \u201cappear to be comparable to other reports in Europe.\u201d", "opengraph": {"locale": "en_US", "type": "article", "title": "The Government Of The Netherlands Stops Distribution Of Vaccine After It Kills One Woman And Gives Several People Deadly Blood Clots - Walid Shoebat", "description": "By Theodore Shoebat The Dutch government has halted distribution of the\u00a0AstraZeneca vaccine after one woman died and several others got deadly blood clots. As we read from RT: The Dutch Health Ministry said it has temporarily halted administering AstraZeneca\u2019s Covid-19 vaccine, Vaxzevria, to people aged under 60 after a woman who had received one of [\u2026]", "url": "https://shoebat.com/2021/04/02/the-government-of-the-netherlands-stops-distribution-of-vaccine-after-it-kills-one-woman-and-gives-several-people-deadly-blood-clots/", "site_name": "Walid Shoebat", "article:published_time": "2021-04-02T20:49:16+00:00", "image": "https://shoebat.com/wp-content/uploads/2021/04/d41586-021-00785-7_18993172.jpg", "image:width": "800", "image:height": "600"}, "tags": [], "tweets": [], "movies": [], "links": ["https://www.rijksoverheid.nl/ministeries/ministerie-van-volksgezondheid-welzijn-en-sport/nieuws/2021/04/02/nieuwe-pauze-vaccinatie-met-astrazeneca-uit-voorzorg-geen-prikken-voor-mensen-tot-60-jaar", "https://www.lareb.nl/nl/news/meldingen-trombose-en-verlaagde-bloedplaatjes-na-vaccinatie-astrazeneca"], "authors": [], "publish_date": "2021-04-02T20:49:16+00:00"}