{"result_id": "272049", "URL": "https://www.sott.net/article/478495-Japanese-officials-urge-government-to-tell-the-truth-about-210000-excess-deaths-following-vaccine-mandates-highest-number-since-WWII", "timestamp": "2023-04-25 17:07:50 CEST+0200", "meta": {"description": "The Government of Japan is urged to tell the truth about the huge number of vaccine injuries and excess deaths during a hearing. Japanese lawmaker Mr. Yanagase Hirofumi, a Japanese politician who is a member of the House of Councillors of Japan,...", "lang": "en", "keywords": "", "favicon": "/apple-touch-icon-57x57.png", "canonical": "https://www.sott.net/article/478495-Japanese-officials-urge-government-to-tell-the-truth-about-210000-excess-deaths-following-vaccine-mandates-highest-number-since-WWII", "encoding": "UTF-8"}, "image": null, "domain": "www.sott.net", "title": "Japanese officials urge government to tell the truth about 210,000 excess deaths following vaccine mandates - highest number since WWII --", "cleaned_text": "The Government of Japan is urged to tell the truth about the huge number of vaccine injuries and excess deaths during a hearing.Below is the transcript of Mr. Hirofumi's speech:The Gateway Pundit reported earlier that a group of highly respected doctors sued the Japanese government over COVID-19 vaccine cover-ups.During a press conference,if the Health Ministry continues to refuse to acknowledge the causal link between the vaccine and deaths.Prof. Fukushima said:According to Fukushima,The Japanese researchers threatened the government that additional lawsuits would be filed for the COVID vaccine harm cover-up.", "opengraph": {"url": "https://www.sott.net/article/478495-Japanese-officials-urge-government-to-tell-the-truth-about-210000-excess-deaths-following-vaccine-mandates-highest-number-since-WWII", "type": "website", "title": "Japanese officials urge government to tell the truth about 210,000 excess deaths following vaccine mandates - highest number since WWII -- Sott.net", "locale": "en_US", "image": "https://www.sott.net/image/s33/674022/full/1_Japanese_lawmaker_Mr_Yanagas.jpg", "description": "The Government of Japan is urged to tell the truth about the huge number of vaccine injuries and excess deaths during a hearing. Japanese lawmaker Mr. Yanagase Hirofumi, a Japanese politician who is a member of the House of Councillors of Japan,...", "site_name": "Sott.net"}, "tags": ["Comets", "SOTT Radio Network", "JFK Series", "Storms", "Plagues", "9/11", "Smoking", "Drought", "Extreme Temperatures", "Wildfires", "Animals", "Sinkholes", "Floods", "SOTT Summaries", "Volcanoes", "Comets and Catastrophe Series", "Strange Skies", "Strange Sounds", "Fireballs", "Earthquakes"], "tweets": [], "movies": [], "links": ["/image/s33/674022/full/1_Japanese_lawmaker_Mr_Yanagas.jpg", "https://www.thegatewaypundit.com/2023/02/japanese-researchers-file-lawsuit-japan-government-covering-side-effects-covid-vaccine/"], "authors": [], "publish_date": null}