{"result_id": "272008", "URL": "https://www.sott.net/article/478916-The-dystopian-world-of-the-preening-vaccine-mongers", "timestamp": "2023-04-25 17:07:29 CEST+0200", "meta": {"description": "The narrative is crumbling as doctors thank Aseem Malhotra and Angus Dalgleish for explaining how the mRNA vaccines are injuring their patients Why is the Government still charging ahead with spring and summer booster Covid vaccines with...", "lang": "en", "keywords": "", "favicon": "/apple-touch-icon-57x57.png", "canonical": "https://www.sott.net/article/478916-The-dystopian-world-of-the-preening-vaccine-mongers", "encoding": "UTF-8"}, "image": null, "domain": "www.sott.net", "title": "The dystopian world of the preening vaccine-mongers --", "cleaned_text": "The narrative is crumbling as doctors thank Aseem Malhotra and Angus Dalgleish for explaining how the mRNA vaccines are injuring their patientsWhy is the Government still charging ahead with spring and summer booster Covid vaccines with absolutely no scientific justification?Last week I applied to attend a Policy Exchange forum on 'What is the future for vaccines policy?' with speakers from the U.K. Health Security Agency (Dame Jenny Harries), Government (former Health Secretary Sajid Javid MP), the Royal Pharmaceutical Society (Thorrun Govind) and the British pharmaceutical industry (Susan Rienow), who also happens to be U.K. President for Pfizer. The Policy Exchange is the 'conservative' think tank which published \"A Fresh Shot, The Future of Vaccines Policy in England\" in December 2022. \n\n\n\n I was eager to hear if any revelations were going to be discussed. My application was initially accepted, but after I filled in all my details they must have had second thoughts and the next day I was informed that the event was oversubscribed and I would not be able to attend in person. I was, however, given a link to watch online, where I observed many empty seats. I was eager to hear if any revelations were going to be discussed. My application was initially accepted, but after I filled in all my details they must have had second thoughts and the next day I was informed that the event was oversubscribed and I would not be able to attend in person. I was, however, given a link to watch online, where I observed many empty seats. \n\n\n\n The event, even by our current dystopian standards, was quite extraordinary with unbelievable self-congratulatory speeches all confirming the brilliance of the Covid vaccine programme, the plans for spring and summer boosters and how this will be applied to all future threats. The event, even by our current dystopian standards, was quite extraordinary with unbelievable self-congratulatory speeches all confirming the brilliance of the Covid vaccine programme, the plans for spring and summer boosters and how this will be applied to all future threats. \n\n\n\n The five people who were allowed to ask questions were all graduates from the Uriah Heep school of obsequiousness. The five people who were allowed to ask questions were all graduates from the Uriah Heep school of obsequiousness. \n\n\n\n There were no facts, no mention of the side-effects, no seeking any justification for this mass psychotic madness.", "opengraph": {"url": "https://www.sott.net/article/478916-The-dystopian-world-of-the-preening-vaccine-mongers", "type": "website", "title": "The dystopian world of the preening vaccine-mongers -- Sott.net", "locale": "en_US", "image": "https://www.sott.net/image/s30/619443/full/Capture.jpg", "description": "The narrative is crumbling as doctors thank Aseem Malhotra and Angus Dalgleish for explaining how the mRNA vaccines are injuring their patients Why is the Government still charging ahead with spring and summer booster Covid vaccines with...", "site_name": "Sott.net"}, "tags": ["Comets", "SOTT Radio Network", "JFK Series", "Storms", "Plagues", "9/11", "Smoking", "Drought", "Extreme Temperatures", "Wildfires", "Animals", "Sinkholes", "Floods", "SOTT Summaries", "Volcanoes", "Comets and Catastrophe Series", "Strange Skies", "Strange Sounds", "Fireballs", "Earthquakes"], "tweets": [], "movies": [], "links": ["https://policyexchange.org.uk/publication/a-fresh-shot/", "https://policyexchange.org.uk/publication/a-fresh-shot/", "https://policyexchange.org.uk/publication/a-fresh-shot/", "/image/s33/675080/full/121B7005_1_2_1_1038x778.jpg", "https://twitter.com/DrAseemMalhotra", "https://www.conservativewoman.co.uk/dystopian-world-of-the-preening-vaccine-mongers/", "javascript:void window.open('https://telegram.me/share/url?text='+encodeURIComponent($('meta[name=title]')[0].content)+'&url='+encodeURIComponent(document.location.href))", "javascript:void window.open('https://api.whatsapp.com/send?text='+encodeURIComponent($('meta[name=title]')[0].content + ' ' + document.location.href))", "javascript:void window.open('https://mewe.com/share?link='+encodeURIComponent(location.href))", "javascript:void window.open('https://parler.com/new-post?message='+encodeURIComponent(location.href))", "javascript:void window.open('https://www.facebook.com/sharer.php?u='+encodeURIComponent(location.href))", "javascript:void window.open('https://reddit.com/submit?url='+encodeURIComponent(location.href)+'&title='+encodeURIComponent(document.title))", "javascript:void window.open('https://twitter.com/intent/tweet?text='+encodeURIComponent($('meta[name=title]')[0].content)+'&url='+encodeURIComponent(location.href))", "javascript:void window.open('https://vk.com/share.php?url='+encodeURIComponent(location.href)+'&title='+encodeURIComponent($('meta[name=title]')[0].content))", "/users/login?a=478916", "/users/signup", "/page/3-Support-Sott-net", "/article/479654-Over-an-average-April-months-rainfall-in-just-a-few-hours-triggers-flash-floods-in-Trinidad", "/article/479653-The-privileged-ignorance-of-Daniel-Radcliffe", "/article/479652-Welcome-to-NATOstan-formerly-known-as-Europe", "/article/479651-The-Bud-Light-revolt-Pissed-off-patriots-reject-woke-indoctrination-that-is-being-led-by-the-CIA", "/article/479650-Astral-Magic-The-occult-religion-of-modern-cosmology", "/article/479649-Spring-warming-thwarted-by-unseasonal-cold-in-China-9-inches-of-snow-latest-spring-snowfall-since-records-began-for-some-areas", "/article/479648-Lightning-kills-family-of-4-seeking-shelter-under-tree-in-Maharashtra-India", "/article/479647-Meteor-fireball-over-south-of-Spain-April-23", "/article/479646-Shallow-earthquake-measuring-7-1-off-Indonesias-Sumatra-island-briefly-triggers-tsunami-warning-2nd-major-quake-within-24-hours", "/article/479645-US-Department-of-Defense-issued-a-contract-for-COVID-19-Research-in-Ukraine-3-months-before-Covid-was-known-to-even-exist", "/article/479644-Americas-empire-is-bankrupt", "/article/479643-WEF-orders-governments-to-start-limiting-food-to-fight-climate-change", "/article/479642-Office-building-occupancy-in-major-US-cities-falling", "/article/479641-US-considered-targeting-Russias-Wagner-commanders-in-Africa-leaked-files-reveal", "/article/479640-Two-mass-extinctions-occurred-alongside-massive-volcanic-eruptions-260-million-years-ago-new-research-reveals", "/article/479639-80-MEPs-want-Chinas-France-envoy-to-be-declared-persona-non-grata-for-calling-Crimea-historically-Russian", "/article/479638-Lavrov-spearheads-multilateralism-and-fairer-world-order-as-Russia-set-to-chair-UN-Security-Council-warns-world-at-dangerous-threshold", "/article/479637-Dont-do-it-Joe-Poll-says-fewer-than-50-of-Democrats-want-Biden-to-run-in-2024", "/article/479636-Entire-downtown-is-effectively-dead-Baltimore-descends-further-into-turmoil", "/article/479635-The-latest-government-line-of-defense-on-Covid-shots-We-said-it-but-we-didnt-MEAN-it", "/article/479652-Welcome-to-NATOstan-formerly-known-as-Europe", "/article/479645-US-Department-of-Defense-issued-a-contract-for-COVID-19-Research-in-Ukraine-3-months-before-Covid-was-known-to-even-exist", "/article/479641-US-considered-targeting-Russias-Wagner-commanders-in-Africa-leaked-files-reveal", "/article/479639-80-MEPs-want-Chinas-France-envoy-to-be-declared-persona-non-grata-for-calling-Crimea-historically-Russian", "/article/479638-Lavrov-spearheads-multilateralism-and-fairer-world-order-as-Russia-set-to-chair-UN-Security-Council-warns-world-at-dangerous-threshold", "/article/479637-Dont-do-it-Joe-Poll-says-fewer-than-50-of-Democrats-want-Biden-to-run-in-2024", "/article/479633-Stockholm-International-Peace-Research-Institute-Defense-spending-in-Europe-back-to-Cold-War-levels", "/article/479630-White-House-disconnected-from-intelligence-Seymour-Hersh", "/article/479629-Rep-Harriet-Hageman-calls-for-Antony-Blinken-to-appear-before-the-Weaponization-Committee", "/article/479628-Biden-strands-thousands-of-Americans-in-Sudan-with-no-evacuation-plan-amid-embassy-disaster", "/article/479627-Presidential-candidate-RFK-Jr-vows-to-unwind-US-empire", "/article/479626-After-disastrous-debates-in-2020-Democrats-have-decided-to-not-hold-presidential-debates-in-2024", "/article/479621-No-Saudi-Arabia-did-NOT-do-9-11", "/article/479617-Bidens-corrupt-web-unraveling-before-our-eyes", "/article/479609-EU-foreign-minister-Borrell-calls-for-European-navy-patrols-in-Taiwan-Strait", "/article/479606-Can-we-trust-the-World-Health-Organisation-with-so-much-power", "/article/479603-Earths-Ultimate-War-A-Battle-to-Control-the-Noosphere", "/article/479602-The-Empires-Revenge-Set-fire-to-Southern-Eurasia", "/article/479601-Supreme-Court-takes-on-the-administrative-state-and-power-hungry-bureaucrats", "/article/479600-Pentagon-leaker-began-sharing-classified-data-earlier-than-thought-NYT", "/article/479653-The-privileged-ignorance-of-Daniel-Radcliffe", "/article/479651-The-Bud-Light-revolt-Pissed-off-patriots-reject-woke-indoctrination-that-is-being-led-by-the-CIA", "/article/479644-Americas-empire-is-bankrupt", "/article/479643-WEF-orders-governments-to-start-limiting-food-to-fight-climate-change", "/article/479642-Office-building-occupancy-in-major-US-cities-falling", "/article/479636-Entire-downtown-is-effectively-dead-Baltimore-descends-further-into-turmoil", "/article/479635-The-latest-government-line-of-defense-on-Covid-shots-We-said-it-but-we-didnt-MEAN-it", "/article/479634-Russia-to-amend-law-allowing-gender-change-on-ID-papers-banning-the-practice", "/article/479632-Wisconsin-high-school-under-fire-after-trans-woman-18-exposed-their-male-genitalia-to-four-freshmen-girls-14-in-locker-room-showers", "/article/479631-Tucker-Carlson-is-out-at-Fox-News", "/article/479625-Feds-have-no-data-on-how-regulations-reduce-emissions-audit-finds", "/article/479624-American-killed-in-Sudan-State-Department-confirms-US-citizen-is-among-the-dead-in-brutal-fighting", "/article/479623-Naftogaz-held-talks-with-US-oil-companies-about-energy-projects-in-Ukraine", "/article/479616-The-left-thinks-your-kids-should-be-in-charge-of-their-parenting-This-is-what-it-means-for-America", "/article/479611-Second-gunman-not-Mark-David-Chapman-may-have-shot-John-Lennon-author-claims", "/article/479608-Zimbabwe-to-introduce-gold-backed-digital-currency", "/article/479607-German-unions-end-months-long-strikes-after-compensation-payment-2024-wage-agreement", "/article/479605-Louisville-bank-shooter-left-manifesto-stating-anti-gun-motive-for-massacre", "/article/479604-Biden-approval-dips-near-lowest-point-AP-NORC-poll", "/article/479598-Judge-orders-Chicago-to-reinstate-employees-docked-and-fired-for-refusing-to-get-COVID-19-shot", "/article/479650-Astral-Magic-The-occult-religion-of-modern-cosmology", "/article/479640-Two-mass-extinctions-occurred-alongside-massive-volcanic-eruptions-260-million-years-ago-new-research-reveals", "/article/479622-Ex-Russian-counterspy-chief-reveals-how-Hitler-tried-to-assassinate-Stalin", "/article/479594-How-the-English-once-planned-to-seize-the-Russian-North", "/article/479551-Scientists-solve-mystery-of-how-the-Mayan-calendar-works", "/article/479550-Long-distance-voyaging-among-Pacific-Islands-during-the-last-millennium-revealed-in-analysis-of-stone-artifacts", "/article/479498-Leaked-files-Britains-secret-propaganda-ops-in-Yemen", "/article/479494-Archaeologists-studying-an-enigmatic-stone-structure-in-the-Saudi-Arabian-desert-have-turned-up-evidence-of-a-Neolithic-cultic-belief", "/article/479481-Secrets-of-9000-year-old-female-shaman-burial-in-Germany-revealed", "/article/479478-Stalin-against-the-Jews-How-the-Soviet-dictator-lost-his-last-fight", "/article/479464-Archaeologists-have-uncovered-the-first-human-representations-of-the-people-of-mythical-Tartessos", "/article/479420-Ancient-DNA-reveals-the-multiethnic-structure-of-Mongolias-first-nomadic-empire", "/article/479417-Sea-level-rise-caused-by-crustal-subsidence-contributed-to-Viking-abandonment-of-Greenland-researchers-believe", "/article/479387-Japans-mysterious-Rock-Ship-of-Masuda-monolith", "/article/479352-Pre-Hispanic-ceremonial-center-with-unknown-characteristics-was-discovered-in-the-Andes", "/article/479315-A-sanctuary-for-Mithras-discovered-in-Germany", "/article/479296-The-end-of-the-world-system", "/article/479273-16th-century-Benin-Bronzes-crafted-of-metal-from-mines-in-western-Germany", "/article/479268-The-truth-about-Tibet-and-her-liberation-from-slavery", "/article/479258-Special-service-Declassified-Guantanamo-court-filing-suggests-some-9-11-hijackers-were-CIA-agents", "/article/479618-Grambank-shows-the-diversity-of-the-worlds-languages", "/article/479610-Photosynthesis-doesnt-work-exactly-like-we-thought-it-did-accidental-discovery-reveals", "/article/479549-19000-previously-unknown-undersea-volcanoes-revealed-by-satellite-data", "/article/479521-Boeing-engineers-break-world-record-for-paper-airplane-design-Unit-flew-nearly-290-ft", "/article/479506-SpaceXs-first-Starship-orbital-launch-attempt-ends-in-dramatic-unexpected-rapid-disassembly", "/article/479463-Dont-blame-the-cows-New-study-finds-methane-isnt-warming-the-Earth", "/article/479449-NASAs-enigmatic-green-lasers-spotted-by-Japanese-astronomer", "/article/479432-James-Webb-telescope-keeps-finding-galaxies-that-shouldnt-exist", "/article/479402-Flat-Earther-spends-20000-on-DIY-experiment-that-accidentally-proved-the-planet-is-round", "/article/479342-Mercurys-magnificent-comet-like-tail-caught-on-camera", "/article/479333-Warm-liquid-spewing-from-Oregon-seafloor-comes-from-Cascadia-fault-could-offer-clues-to-earthquake-hazards", "/article/479329-African-birds-intricate-feather-design-inspires-new-ways-to-store-water", "/article/479328-Scientists-discover-why-hibernating-bears-dont-get-blood-clots", "/article/479291-New-type-of-superconductor-discovered", "/article/479221-Double-slit-experiment-that-proved-the-wave-nature-of-light-explored-in-time", "/article/479213-Even-more-mammoth-devolution", "/article/479186-Dazzlingly-detailed-photo-of-a-record-sized-solar-tornado-14-Earths-tall", "/article/479135-Physicists-discover-that-gravity-can-create-light", "/article/479102-Three-species-of-extremely-primitive-spider-discovered-in-China", "/article/479099-Zombie-no-more-The-unbelievable-comeback-of-analog-computing", "/article/479654-Over-an-average-April-months-rainfall-in-just-a-few-hours-triggers-flash-floods-in-Trinidad", "/article/479649-Spring-warming-thwarted-by-unseasonal-cold-in-China-9-inches-of-snow-latest-spring-snowfall-since-records-began-for-some-areas", "/article/479648-Lightning-kills-family-of-4-seeking-shelter-under-tree-in-Maharashtra-India", "/article/479646-Shallow-earthquake-measuring-7-1-off-Indonesias-Sumatra-island-briefly-triggers-tsunami-warning-2nd-major-quake-within-24-hours", "/article/479615-Two-children-mauled-to-death-by-dogs-in-separate-incidents-in-Uttar-Pradesh-India", "/article/479614-Man-dies-in-avalanche-in-closed-off-area-of-Lake-Louise-resort-Alberta", "/article/479613-Lightning-strike-kills-two-in-Uttar-Pradesh-India", "/article/479612-Earthquake-of-7-1-magnitude-strikes-Kermadec-Islands", "/article/479591-Heavy-April-snow-blankets-central-Colorado", "/article/479590-Strong-cold-front-freezes-vast-parts-of-northern-China", "/article/479589-Michigans-total-snowfall-this-winter-shows-heaviest-area-over-20-feet-of-snow", "/article/479588-Several-parts-of-Mombasa-Kenya-flooded-after-heavy-downpours", "/article/479587-Man-dies-after-being-mauled-in-horror-dog-attack-in-Derby-UK", "/article/479586-18-month-old-mauled-to-death-by-stray-dogs-in-Andhra-Pradesh-India-Boy-killed-in-similar-incident-in-Russia", "/article/479584-Rare-big-tornado-near-Myanmar-capital-kills-8", "/article/479559-April-cooldown-to-plunge-across-US-with-over-11-million-under-frost-freeze-threats", "/article/479558-Huge-Waterspout-Caught-on-Video-at-Beach-in-Islamorada-Florida", "/article/479557-Waterspout-comes-ashore-as-tornado-on-Hollywood-Beach-Florida", "/article/479556-Indonesia-Magnitude-6-1-offshore-earthquake-occurs-in-Banda-Sea-April-22", "/article/479544-Early-snowfall-recorded-in-Brazil-historic-cold-March-for-Guadeloupe-19-US-resorts-broke-all-time-snowpack-records", "/article/479647-Meteor-fireball-over-south-of-Spain-April-23", "/article/479585-Suspected-meteor-fireball-behind-loud-boom-heard-in-Central-Indiana-on-April-21-officials-say", "/article/479515-Meteor-fireball-over-Connecticut-and-adjacent-states-on-April-20", "/article/479504-Flash-of-flight-seen-above-Kyiv-likely-meteorite-not-Russian-attack-or-NASA-satellite", "/article/479485-Meteor-fireball-over-British-Columbia-and-Washington-on-April-19", "/article/479456-Meteor-fireball-illuminates-night-sky-in-Port-St-Lucie-Florida-on-April-7", "/article/479455-Meteor-fireball-over-Toledo-Spain-April-17", "/article/479454-Meteor-fireball-over-northwest-Europe-on-April-18", "/article/479453-Meteor-fireball-over-northwest-Europe-on-April-17", "/article/479423-Meteor-fireball-over-UK-on-April-17", "/article/479368-Bright-meteor-fireball-explodes-over-Israel-residents-report-hearing-sonic-boom-on-April-15", "/article/479266-NASA-confirms-first-radar-observed-meteor-fall-seen-in-Maine", "/article/479247-Meteor-fireball-over-New-York-and-other-states-on-April-11", "/article/479194-Meteor-fireball-over-UK-on-April-10", "/article/479048-Meteor-fireball-over-Spain-on-April-5", "/article/478971-Meteor-fireball-over-France-UK-and-nearby-countries-on-April-3", "/article/478942-Meteorite-fall-in-Toledo-Spain-April-2", "/article/478909-Meteor-fireball-over-Quebec-on-March-31", "/article/478740-Night-turned-into-day-by-bright-meteor-fireball-over-Beijing-China-on-March-27", "/article/478739-Bolide-over-the-Mediterranean-Sea-March-24", "/article/479619-Vaccine-injuries-have-become-the-dominant-theme-of-German-reporting-on-the-mRNA-jabs", "/article/479512-Covid-vaccines-must-be-suspended-and-a-full-inquiry-launched-into-how-they-were-approved-say-experts", "/article/479495-Hunger-Profiteers-Granny-Killers-and-Skin-Deep-Morality", "/article/479483-The-5-Covid-19-treatment-that-could-have-helped-save-thousands-of-lives", "/article/479451-45-times-as-many-deaths-after-COVID-shots-in-just-2-years-compared-with-all-flu-vaccine-related-deaths-since-1990-data-show", "/article/479429-Biden-to-spend-5-billion-on-new-Coronavirus-vaccine-initiative-supported-by-Gates-Fauci-and-Republican-lawmakers", "/article/479426-Study-shows-4-2-percent-of-Pfizer-COVID-vaccine-batches-made-up-most-adverse-events-raising-serious-concerns", "/article/479414-How-could-they-call-the-vax-safe-with-doubled-pregnancy-loss-rates-raised-fetal-abnormality-rates-and-concentration-of-lipid-nanoparticles-in-ovaries", "/article/479357-Parkinsons-researchers-discover-disease-biomarker-in-key-breakthrough", "/article/479272-First-human-death-from-H3N8-bird-flu-recorded-in-China-WHO-claims", "/article/479212-The-mRNA-platform-What-it-is-what-it-means", "/article/479152-Switzerland-stops-recommending-COVID-19-vaccination", "/article/479105-Were-masks-in-hospitals-a-waste-of-time-Hated-NHS-policy-made-no-difference-to-Covid-infection-rates-study-finds", "/article/479104-Rotten-meat-may-have-been-a-staple-of-the-original-Paleo-diet", "/article/479086-WHO-reveals-staggering-infertility-statistics", "/article/479001-How-many-deaths-were-caused-by-the-covid-vaccines", "/article/478908-Killer-plant-fungus-Chondrostereum-purpureum-infects-man-in-India-in-world-first-case", "/article/478801-COVID-19-not-responsible-for-explosion-in-heart-deaths-Major-autopsy-study-shows-must-be-the-vaccine", "/article/478694-Expert-calls-for-vitamin-B-test-on-dementia-patients-following-meta-analysis-showing-supplementation-is-three-times-as-effective-as-any-drug", "/article/478670-Dozens-of-families-damaged-by-AstraZeneca-jab-launch-legal-fight", "/article/479620-Mind-matter-and-the-danger-of-subjectivism", "/article/479583-A-Unifying-Theory-of-Evil", "/article/479566-Scientific-American-Social-bullying-is-the-best-motivator-for-green-behaviour", "/article/479520-A-new-theory-of-embodied-consciousness-Consciousness-begins-with-feeling-not-thinking", "/article/479277-A-researcher-studied-the-most-common-last-words-of-suicidal-men", "/article/479257-Inside-the-Gateway-Process-the-CIAs-quest-to-decode-consciousness-and-unlock-time-travel", "/article/478903-Forbidden-Science", "/article/478813-Welcome-to-the-age-of-average", "/article/478705-Obstacles-to-gratitude-and-its-life-changing-power", "/article/478577-The-win-condition-Rethinking-ones-online-life", "/article/478430-Towards-building-the-American-lyceum", "/article/478248-Reaching-for-the-Mark-of-the-Beast", "/article/478166-Why-the-mental-health-of-liberal-girls-sank-first-and-fastest", "/article/478074-Amber-Heards-all-the-way-down", "/article/477980-Why-is-everyone-so-messed-up-Carl-Jung-explains-neurosis", "/article/477941-How-consciousness-in-animals-could-be-researched", "/article/477735-The-essence-of-evil", "/article/477684-Mental-jigsaw-How-AI-carves-out-space-in-your-brain", "/article/477661-The-spirit-has-left-us", "/article/477636-What-is-the-Longhouse", "/article/479581-Texas-cattle-that-died-mysteriously-had-their-tongues-removed", "/article/479561-Pentagon-official-published-paper-suggesting-UFO-sightings-could-be-probes-from-an-alien-mothership", "/article/479492-Pentagon-says-US-military-drone-spotted-UFO-over-Middle-East", "/article/478338-Pentagon-officials-suggest-alien-mothership-in-our-solar-system-could-send-mini-probes-to-Earth", "/article/478278-Truckers-dashcam-video-records-creepy-ghost-like-figure-on-Arizona-highway", "/article/478049-Hundreds-of-UFO-sightings-in-Southwestern-Ontario-since-the-1990s", "/article/477338-The-Day-The-Earth-Stands-Still", "/article/476608-Metallic-looking-orb-is-seen-flying-over-Iraqi-city-of-Mosul-in-2016-first-ever-publicly-revealed-UFO-footage-taken-by-US-spy-plane-in-a-conflict-zone", "/article/476234-US-govt-receives-more-than-350-new-UFO-reports-mostly-from-US-military-personnel", "/article/476003-We-have-nothing-showing-UFOs-are-of-alien-origin-says-US-Defense-official", "/article/475542-Residents-in-rural-Wisconsin-share-extraordinary-videos-of-possible-UFO-sighting", "/article/475007-US-nuclear-submarine-buzzed-by-underwater-object-traveling-faster-than-speed-of-sound-Scientist", "/article/474918-Mystery-of-History-Flight-19-the-lost-squadron", "/article/474441-UFO-releasing-smaller-UFOs-over-the-Moon", "/article/474192-FBI-conducts-no-knock-warrant-at-home-of-owner-of-website-devoted-to-Area-51", "/article/474144-Prepare-for-alien-encounter-now-before-its-too-late-warn-scientists", "/article/473941-New-documentary-reveals-people-claim-they-saw-aliens-after-UFO-crash-landed-in-Brazil-in-1996", "/article/473548-NASA-announces-16-people-who-will-study-UFOs-to-see-whats-naturaland-what-isn-t", "/article/473421-Dramatic-videos-of-UFOs-over-the-Pacific-are-revealed-by-airline-captains-and-Air-Force-pilots", "/article/472180-Government-report-claims-cosmic-and-phantom-UFOs-are-all-over-Ukraines-skies", "/article/479522-Biden-warning-Raise-debt-ceiling-or-we-might-default-on-our-obligations-to-Ukraine", "/article/479434-Bud-Light-smooths-things-over-with-new-ad-featuring-drag-queen-waving-American-flag", "/article/479349-Parents-just-relieved-teen-who-came-home-drunk-wasnt-drinking-Bud-Light", "/article/479341-Drunk-Irishmen-say-they-understood-Bidens-Dublin-speech-perfectly", "/article/479149-Democrats-throw-biggest-ever-fundraiser-for-Trump-campaign", "/article/479148-People-with-functional-taste-buds-continue-decades-long-boycott-of-Bud-Light", "/article/479052-Sick-of-same-old-crime-and-violence-Chicago-tries-electing-a-Democrat-this-time", "/article/478943-Ultimate-marketing-Beverage-pretending-to-be-beer-runs-ad-featuring-man-pretending-to-be-woman", "/article/478747-Zelensky-disappointed-to-learn-Orlando-Bloom-not-actually-a-fearsome-elf-warrior", "/article/478722-Kanye-West-changes-his-mind-about-Jewish-people", "/article/478669-Parrots-big-mouth-gets-Indian-men-life-sentences", "/article/478634-Government-demands-TikTok-stop-spying-on-Americans-Thats-our-job", "/article/478522-Biden-assures-Americans-their-bank-deposits-are-safe-in-Ukraine", "/article/478459-Manhattan-DA-Bragg-announces-plan-to-get-Trump-elected-in-2024", "/article/478236-Hilarious-Elon-Musk-triggers-angry-old-man-Olbermann-with-tweet", "/article/478121-Democrats-warn-that-anyone-watching-unedited-Jan-6-tapes-could-arrive-at-unapproved-conclusions", "/article/478071-UK-says-the-Russians-sank-the-Titanic", "/article/477918-Desperate-King-Charles-to-ask-The-Wolfe-Tones-to-play-at-his-coronation", "/article/477889-For-convenience-Treasury-Secretary-Yellen-gives-Zelensky-own-key-to-US-Treasury", "/article/477845-Man-regrets-transitioning-to-woman-after-seeing-line-for-restroom", "http://www.amazon.com/Earth-Changes-Human-Cosmic-Connection/dp/1897244975/", "http://www.amazon.com/High-Strangeness-Hyperdimensions-Process-Abduction/dp/1897244347/", "https://www.amazon.com/Political-Ponerology-Science-Psychopathy-Totalitarianism-ebook/dp/B09VZBYS34/", "http://www.amazon.com/Secret-History-World-How-Alive/dp/1897244169/", "/pic-of-day/676844", "/pic-of-day/676844", "/quote/184", "/subscriptions/new", "http://smile.amazon.com/ch/30-0204116", "http://www.revoltwear.net/?utm_source=english&utm_campaign=sott", "/quirk/392557", "/quirk/392557", "#thetop"], "authors": [], "publish_date": null}