{"result_id": "277027", "URL": "https://stillnessinthestorm.com/tag/vaccine-death/", "timestamp": "2023-04-25 17:11:16 CEST+0200", "meta": {"description": "", "lang": "en", "keywords": "", "favicon": "https://stillnessinthestorm.com/wp-content/uploads/2021/09/favicon-152.png", "canonical": "https://stillnessinthestorm.com/tag/vaccine-death/", "encoding": "UTF-8"}, "image": null, "domain": "stillnessinthestorm.com", "title": "vaccine death Archives", "cleaned_text": "(S.D. Wells) Just recently, NBA star Brandon Goodwin described the aftermath of the Covid-19 clot shot that he received, saying, \u201cI got sick and never quite recovered from it.\u201d He also says after the jab he always had back pain and suffered lethargy, even during the basketball games. Goodwin\u2019s entire vascular system is flooded with sticky spike prions, clogging his blood and draining all of his energy. Goodwin has played in over 100 NBA games, but his career could be coming to a close already due to the Covid vaccine. The doctor said he has blood clots, and this is all within a span of one month from inoculation. He swears he was fine up until then. Here\u2019s his testimonial, \u201cYes, the vaccine ended my season \u2026 one thousand percent.\u201d", "opengraph": {"locale": "en_US", "type": "article", "title": "vaccine death Archives", "url": "https://stillnessinthestorm.com/tag/vaccine-death/", "site_name": "Stillness in the Storm", "image": "https://stillnessinthestorm.com/wp-content/uploads/2018/03/stillness-in-the-storm.jpg", "image:width": "2048", "image:height": "1152", "image:type": "image/jpeg"}, "tags": ["natural news", "NBA injury", "CORONAVIRUS VACCINE", "allopathic", "Curriculum", "DEMONIC", "news", "covid-19 pandemic", "Wuhan coronavirus", "amazon", "safety", "harmful medicine", "mrna dangers", "vaccine shill", "100 Percent Fed Up", "medical fascism", "evil", "AstraZeneca", "vaccine injury", "Racist", "genocide", "Twisted", "vaccines", "Russell Brand", "traitors", "fear-based medicine", "TikTok", "pandemic", "lawsuit", "Big Pharma", "psyop", "badhealth", "lunatics", "deception", "vaccine jihad", "Gateway Pundit", "Foo Fighters", "IBM", "israel vaccines", "Young People", "obey", "clot shot", "race wars", "ventilator", "vaccine wars", "human rights", "respirator", "cnn", "Medical Tyranny", "disinformation", "COVID Vaccines", "yellow badge", "trump", "vaccine pusher", "Johnson & Johnson", "NBA communist", "tyranny", "vaccine death", "Ivermectin", "badscience", "pharmaceutical fraud", "Adverse Reactions", "cdc", "left cult", "vaccine blood clots", "video", "medical case", "Reiner Fuellmich", "remdesivir", "Population Reduction", "Clinton lies", "medical rights", "NBA scandal", "jews vaccinate", "bad comedy", "propaganda", "bill gates", "NBA coverup", "pedophilia on amazon", "television", "pharma shill", "jeff bezos", "health freedom", "counterfeit news network", "mRNA", "vaccine damage", "conspiracy", "deep state", "Pfizer", "lies", "vaccine badge", "covid-19", "spying", "health rites", "intolerance", "australia", "BOMBSHELL", "HOLOCAUST", "Vaccine dangers", "fear", "covid vaccine", "covid", "Jimmy Kimmel", "fda", "Blood Clots", "depopulation", "Don Lemon", "Moderna", "dirty vaccines", "Truth", "badmedicine", "Hillary Clinton", "Nwo Report"], "tweets": [], "movies": [], "links": ["https://stillnessinthestorm.com/2021/10/nba-hawks-team-managers-tell-player-brandon-goodwin-to-keep-his-mouth-shut-about-blood-clots-from-covid-19-vaccine-that-ended-his-season-and-maybe-his-career/"], "authors": [], "publish_date": "Sunday, June 19, 2022"}