{"result_id": "277031", "URL": "https://stillnessinthestorm.com/tag/vaccine/", "timestamp": "2023-04-25 17:11:21 CEST+0200", "meta": {"description": "", "lang": "en", "keywords": "", "favicon": "https://stillnessinthestorm.com/wp-content/uploads/2021/09/favicon-152.png", "canonical": "https://stillnessinthestorm.com/tag/vaccine/", "encoding": "UTF-8"}, "image": null, "domain": "stillnessinthestorm.com", "title": "vaccine Archives", "cleaned_text": "(Arjun Walia) COVID vaccine injured people are having a hard time that goes beyond their debilitating and life-changing injuries. One of many examples is the story of Maddie De Garay. Maddie was a healthy and active 12 year old girl up until receiving her second dose of Pfizer\u2019s COVID vaccine. She received it during the clinical trial for 12-15 year olds at Cincinnati Children\u2019s Hospital.", "opengraph": {"locale": "en_US", "type": "article", "title": "vaccine Archives", "url": "https://stillnessinthestorm.com/tag/vaccine/", "site_name": "Stillness in the Storm", "image": "https://stillnessinthestorm.com/wp-content/uploads/2018/03/stillness-in-the-storm.jpg", "image:width": "2048", "image:height": "1152", "image:type": "image/jpeg"}, "tags": ["pandemic", "government", "J&J's COVID-19 Vaccine", "natural news", "Big Pharma", "just the news", "badhealth", "video", "Pfizer", "Men\u2019s Sperm Count", "covid-19", "donald trump", "women's health", "news", "vaccine", "The Pulse", "Newsom", "The Gateway Pundit", "infant's health", "Military", "spike protein", "vaccine damage", "immune system", "Brain Disease", "Science", "covid", "COVID-19 vaccine", "mandates", "death", "baby", "INFANTICIDE", "planned parenthood", "fda", "California Governor", "Military Service Members", "Health", "canada", "Biological Weapon", "censorship", "J&J's", "Medical Journals", "abortion", "boosters", "Dangerous Medicine", "The national pulse", "BioNTech", "Vaccine deaths", "Moderna", "vaccine injury", "badmedicine", "Bathwater", "TRUE", "pharmaceutical fraud"], "tweets": [], "movies": [], "links": ["https://stillnessinthestorm.com/2022/05/12-year-old-girl-severely-injured-after-pfizer-jab-told-its-all-in-her-head/"], "authors": [], "publish_date": "Monday, July 25, 2022"}