{"result_id": "282026", "URL": "https://www.talknetwork.com/2018-08-08-the-censorship-regime-explained-no-due-process-no-evidence-no-defense.html", "timestamp": "2023-04-25 17:13:45 CEST+0200", "meta": {"description": "", "lang": "en", "keywords": "health ranger,alex jones,censorship,constitutional protections,court of law,defense,discovery,due process,evidence,facebook,first amendment,free speech,google,human rights,infowars,legal rights,social media,tech giants,twitter,youtube", "favicon": "wp-content/themes/multinews-child/images/favicon.ico", "canonical": "https://www.talknetwork.com/2018-08-08-the-censorship-regime-explained-no-due-process-no-evidence-no-defense.html", "encoding": "UTF-8"}, "image": null, "domain": "www.talknetwork.com", "title": "The censorship racket EXPLAINED: No due process, no evidence, no defense", "cleaned_text": "When government takes away your rights in a criminal prosecution, there\u2019s a \u201cdue process\u201d that must be followed. Even though the criminal justice system is corrupt and dishonest in its own way, there is at least recognition that those who are accused may face their accusers; that the accused has the right to see the evidence against them; and that evidence may be presented in their defense.\n\nBut in the world of online censorship by tech giants, no due process exists. You\u2019re banned without explanation\u2026 you cannot face your accusers\u2026 you cannot present evidence in your defense\u2026 and no evidence even needs to be cited against you. You can be de-platformed, censored, smeared, slandered and have your entire reputation and business utterly destroyed based entirely on rumors and lies backed up by extreme censorship to silence your dissent.\n\nThis is the reality of the internet censorship we all face today. I explain the details in my video, below:", "opengraph": {"image": "http://talknetwork.com/wp-content/uploads/sites/75/2018/08/T-HRR-The-Censorship-Regime-Explained.jpg"}, "tags": [], "tweets": [], "movies": [], "links": ["http://Brighteon.com/5819675251001", "https://www.addtoany.com/add_to/google_plus?linkurl=%2Ftalknetwork%2F2018-08-08-the-censorship-regime-explained-no-due-process-no-evidence-no-defense.html&linkname=The%20censorship%20racket%20EXPLAINED%3A%20No%20due%20process%2C%20no%20evidence%2C%20no%20defense", "https://www.addtoany.com/share"], "authors": [], "publish_date": "2018-08-08T16:36:01+00:00"}