{"result_id": "286024", "URL": "https://thecommonsenseshow.com/activism-religion-united-nations/eastern-miracle-1-today-enemy-defeated", "timestamp": "2023-04-25 17:17:10 CEST+0200", "meta": {"description": "EASTERN MIRACLE #1: TODAY, THE ENEMY IS DEFEATED BUT....", "lang": "en", "keywords": "JESUS, JESUS SAVES, , ,,,,css,the common sense show, dave hodges,hodges, common sense show", "favicon": "/themes/custom/common_sense_show_custom_theme/favicon.ico", "canonical": "https://thecommonsenseshow.com/activism-religion-united-nations/eastern-miracle-1-today-enemy-defeated", "encoding": "utf-8"}, "image": null, "domain": "thecommonsenseshow.com", "title": "EASTERN MIRACLE #1: TODAY, THE ENEMY IS DEFEATED BUT.... | The Common Sense Show", "cleaned_text": "Dave Hodges has been publishing the Common Sense Show since 2012. The Common Sense Show features a wide variety of important topics that range from the loss of constitutional liberties, to the subsequent implementation of a police state under world governance, to exploring the limits of human potential. The primary purpose of The Common Sense Show is to provide Americans with the tools necessary to reclaim both our individual and national sovereignty.", "opengraph": {}, "tags": [], "tweets": [], "movies": [], "links": [], "authors": [], "publish_date": null}