{"result_id": "286032", "URL": "https://thecommonsenseshow.com/activism-agenda-21-conspiracy/two-insiders-claim-vaccine-contains-latent-weaponized-anthrax-which-will-manifest-ebola", "timestamp": "2023-04-25 17:17:16 CEST+0200", "meta": {"description": "Two Insiders Claim That the Vaccine Contains Latent Weaponized Anthrax Which Will Manifest As Ebola", "lang": "en", "keywords": "ebola, anthrax, vaccine, suicided, ,,,,css,the common sense show, dave hodges,hodges, common sense show", "favicon": "/themes/custom/common_sense_show_custom_theme/favicon.ico", "canonical": "https://thecommonsenseshow.com/activism-agenda-21-conspiracy/two-insiders-claim-vaccine-contains-latent-weaponized-anthrax-which-will-manifest-ebola", "encoding": "utf-8"}, "image": null, "domain": "thecommonsenseshow.com", "title": "Two Insiders Claim That the Vaccine Contains Latent Weaponized Anthrax Which Will Manifest As Ebola | The Common Sense Show", "cleaned_text": "We all know that something big is coming. We know that there is a second kill shot in the works.Many think it is Ebola and it will come out of China.This brief article will take a quick look at this notion.\n\nThe walls are closing in on the Biden administration. Audits and the intention to audit are breaking out everywhere. The Biden administration needs a solution to the growing populism. Not to worry, the intention is obvous.\n\nAn advertisement for crisis actors, faking a pandemic was taken out for a Medical Center at the Gold Coast. Why? Isn't covid subsiding? Is this a second \"scamdemic?\" Another curious event took place in Mohave County, AZ. Governor Ducey sent $40 million in pandemic mitigation aid to the county. Again, we have to ask why since Arizona has lifted all of its restrictions and everything is back to full capacity.\n\nBack to crisis acting, the powers that be wouldn't need crisis actors if a new crisis was noton the way. The promotion of fear for Killshot #2 is underway. This is how they get people\n\n to line up and take the vaccines. The have to greatly exaggerate the scope of the pandemic. Emergency\n\n Room are made to look like they are filled to capacity. CNN and the lap dog media covers the event as the latest and greatest threat. The fake role playing is what everyone will see on television.\n\n \n\n Look at the accompanying link. If this was the real Covid, the cameraman would be social\n\n distancing and of course he would be wearing a facemask.\n\nSome will look at the event's dates and say this was about covid. Look again, when this happened, covid was already underway andlockdowns initiated. Not to worry, When the event has exhausted the coverage, the crisis actors receive their $18 per hour payment and the hospital in questions returns to normal.\n\nWhat is coming? How bad will it get? There may be an answer to that question with regard to the nature and severity of what lies ahead.\n\nAn Insider Reveals Frightening Details About What Is Coming\n\nThree days ago, I received the following email from a person with an extensive medical background who was recently connected to two researcher who both committed \"suicide\".\n\nI received a letter from self-identified person with a medical background that relayed some very interesting and concerning material:\n\n\n\n A few days later I called the mystery medical professional, who we will refer to as M&M. I anticipated the conversation would focus on cloning and the potential closing of human beings. That ended up not being the case. M&M revealed to me that the late Dr. Woods discovered that most horses do not contract internal organ cancer. He believed the effect had to do with the chemical composition of the horse. When he was suicided, hewas working on the notion that this could lead to treatments for human cancer and before you knew it, Dr. Woods was dead.\n\nOur subsequent discussion went down another path. Based on a number of factors to be revealed at a later date, M&M told me that a second kill shot is indeed underway. M&M believes it is in the spike protein that will lead to a latency effect and mutate into an attack on the respiratory system. Eventually, this attack, will look like Ebola as the person bleed out of every cavity in their body. M&M believes that the responsible agent is anthrax and it has been weaponized to mimic Ebola in delayed response in the vaccine.\n\nThis medical professional was in a serious car accident. The mystery driver's insurance company sent her to a neurologist who she claims hypnotized her, presumably to see what she knew about this plot. As it turned out, she claims the neurologist and family is connected to a defense contractor that can find anyone and \"hear any conversation, anywhere\" as that was contained in their prospectus. I am withholding the name of the company which we plan to reveal when I interview this person in the near future.\n\nI have a second person with a very similar story that approached me in January of 2020. I didnot believe the story until now.\n\nThis person told me that weaponized anthrax would be the weapon of choice and that nobody should take the vaccine.\n\nThis person is afraid for their life and they were a federal health employee, who had access to the inforation that led this doctor to this conclusion. KILLSHOT #2 IS IN THE VACCINE AND THE EFFECT IS LATENT. THE DEATH WILL LOOK LIKE EBOLA AND THAT WILL CAUSE PEOPLE TO PANIC AND WILL EASY FOR THE BIDEN ADMINISTRATION TO MANAGE.\n\nThe second source said other know about this and I could expect to hear about this. Six months later, I am hearing about this and something very true is contained in these similiar stories.\n\nThe administration is in a state of panic.They are going to stop the Arizona audit. Biden fell apart at the G7 conference. People are waking up largely due to Critical Race Theory being taught to their children.\n\nThe Deep State needs a dramatic false flag and I believe they many just instituted with the injection of 40% of the population.", "opengraph": {}, "tags": [], "tweets": [], "movies": [], "links": ["https://www.starnow.com/listing/1117355/actors-non-speaking-role-nurse-doc-patient-simulated-covid-vaccine-shoot/"], "authors": [], "publish_date": null}