{"result_id": "287033", "URL": "https://www.corbettreport.com/tag/vaccines/", "timestamp": "2023-04-25 17:17:44 CEST+0200", "meta": {"description": "", "lang": "en", "keywords": "", "favicon": "https://www.corbettreport.com/wp-content/uploads/2016/10/cropped-podcastlogonewnew-32x32.jpg", "canonical": "https://www.corbettreport.com/tag/vaccines/", "encoding": "UTF-8"}, "image": null, "domain": "www.corbettreport.com", "title": "vaccines - The Corbett Report", "cleaned_text": "Interview 1695 \u2013 New World Next Week with James Evan Pilato Interview 1673 \u2013 New World Next Week with James Evan Pilato Interview 1663 \u2013 New World Next Week with James Evan Pilato Interview 1658 \u2013 New World Next Week with James Evan Pilato BoA CBDC, EPA Hair on Fire, Segregated Offspring - New World Next Week Interview 1655 \u2013 New World Next Week with James Evan Pilato Interview 1651 \u2013 New World Next Week with James Evan Pilato Drone On, Anti-Vaxx Tickets, Mask Surcharge - New World Next Week Interview 1646 \u2013 New World Next Week with James Evan Pilato Interview 1642 \u2013 New World Next Week with James Evan Pilato Interview 1640 - New World Next Week with James Evan Pilato Interview 1625 - New World Next Week with James Evan Pilato Vaccine Lawsuit, Cyberwar On, Fukushima 10 - New World Next Week Interview 1622 - New World Next Week with James Evan Pilato Interview 1620 - New World Next Week with James Evan Pilato Interview 1618 - New World Next Week with James Evan Pilato Interview 1611 - New World Next Week with James Evan Pilato Interview 1605 - New World Next Week with James Evan Pilato You Won't Believe What They're Planning To Do With \"Vaccines\" Interview 1596 - New World Next Week with James Evan Pilato The Truth About the Coronavirus Vaccine Trials - New World Next Week Interview 1590 - New World Next Week with James Evan Pilato Is There A Flu Shot / COVID Link? - Questions For Corbett #068 Robocops, CNP Swamp, Bayer Down - New World Next Week Interview 1574 \u2013 New World Next Week with James Evan Pilato How To Deal With Vocal Vaccine Deniers - #PropagandaWatch Interview 1568 \u2013 New World Next Week with James Evan Pilato Interview 1564 \u2013 New World Next Week with James Evan Pilato Will Genetically Modified Humans Be Patented? - Questions For Corbett #064 Interview 1560 \u2013 New World Next Week with James Evan Pilato How Did Potatoes Get So Popular? - #PropagandaWatch Interview 1517 - New World Next Week with James Evan Pilato Experts Say \"Experts Say\" Headlines are Propaganda - #PropagandaWatch Promobot Down, Vaccine Autism, Okinawa Missiles - New World Next Week Interview 1410 - New World Next Week with James Evan Pilato Interview 1328 - New World Next Week with James Evan Pilato Fit For Thee, Not For Me (NWO Edition) Activist Home, Cellebrite Hacked, Gates Out - New World Next Week Who Is Behind The #StopZika Fear Campaign? - Questions For Corbett #032 Interview 957 - New World Next Week with James Evan Pilato Interview 711 - New World Next Week with James Evan Pilato Interview 588 - New World Next Week with James Evan Pilato Interview 565 - New World Next Week with James Evan Pilato \"Mandatory\" Vaccinations (and how to avoid them) (video) Corbett Report Radio 234 - \"Mandatory\" Vaccinations (and how to avoid them) Interview 537 - New World Next Week with James Evan Pilato Forced Vaccinations and the Death of Health Freedom", "opengraph": {}, "tags": ["climate change", "cyberwar", "elections", "philosophy", "history", "cia", "russia", "9/11", "spying", "resistance", "false flag", "coronavirus", "fukushima", "fbi", "eu", "federal reserve", "gmo", "internet", "israel", "propaganda", "us", "nsa", "anarchism", "canada", "economy", "geopolitics", "censorship", "alternative media", "food", "media", "nuclear", "police state", "obama", "china", "activism", "japan", "solutions", "eugenics", "vaccines", "syria", "technocracy", "terror", "nato", "Next Page \u00bb", "war", "iran"], "tweets": [], "movies": [], "links": [], "authors": [], "publish_date": null}