{"result_id": "287009", "URL": "https://www.corbettreport.com/corbett-report-documentaries/", "timestamp": "2023-04-25 17:17:31 CEST+0200", "meta": {"description": "A reader recently asked for a playlist of Corbett Report documentaries, so in the interest of putting everything in one place, here are all of the major CorbettReport.com documentary productions in one spot. Please share this link widely. False Flags: The Secret History of Al Qaeda (2021/2022) CLICK HERE for a complete hyperlinked transcript for", "lang": "en", "keywords": "", "favicon": "https://www.corbettreport.com/wp-content/uploads/2016/10/cropped-podcastlogonewnew-32x32.jpg", "canonical": "https://www.corbettreport.com/corbett-report-documentaries/", "encoding": "UTF-8"}, "image": null, "domain": "www.corbettreport.com", "title": "Corbett Report Documentaries - The Corbett Report", "cleaned_text": "A reader recently asked for a playlist of Corbett Report documentaries, so in the interest of putting everything in one place, here are all of the major CorbettReport.com documentary productions in one spot. Please share this link widely.\n\nCLICK HERE for a complete hyperlinked transcript for this documentary\n\n\n\nWatch on Archive / BitChute / Odysee / Rokfin / Rumble / Substack or Download the mp4 video\n\nOr purchase a DVD copy of the documentary\n\nCLICK HERE for a complete hyperlinked transcript for this documentary\n\nWatch on Archive / BitChute / Odysee / Rokfin / Rumble / Substack or Download the mp4 video\n\nCLICK HERE for a complete hyperlinked transcript for this documentary\n\nCLICK HERE for complete hyperlinked transcript for this documentary\n\nCLICK HERE for a complete hyperlinked transcript for this documentary\n\nWatch on Archive / BitChute / Odysee / Minds / YouTube or Download the mp4\n\nCLICK HERE for a complete hyperlinked transcript for this documentary\n\nWatch on Archive / BitChute / Minds / Odysee or Download the mp4\n\nCLICK HERE for a complete hyperlinked transcript for this documentary\n\nCLICK HERE for a complete hyperlinked transcript for this documentary series\n\nWatch How Big Oil on BitChute / Odysee / YouTube / Download mp4 file / Buy the DVD\n\nWatch Why Big Oil on BitChute / Odysee / YouTube / Download mp4 file / Buy the DVD\n\nCLICK HERE for a complete hyperlinked transcript for this documentary\n\nCentury of Enslavement: The History of the Federal Reserve (2014)\n\nCLICK HERE for a complete hyperlinked transcript for this documentary", "opengraph": {"locale": "en_US", "site_name": "The Corbett Report - Open Source Intelligence News", "type": "article", "title": "Corbett Report Documentaries - The Corbett Report", "description": "A reader recently asked for a playlist of Corbett Report documentaries, so in the interest of putting everything in one place, here are all of the major CorbettReport.com documentary productions in one spot. Please share this link widely. False Flags: The Secret History of Al Qaeda (2021/2022) CLICK HERE for a complete hyperlinked transcript for", "url": "https://www.corbettreport.com/corbett-report-documentaries/", "image": "https://www.corbettreport.com/wp-content/uploads/2022/02/The_Corbett_Report_Side_1.jpg", "image:secure_url": "https://www.corbettreport.com/wp-content/uploads/2022/02/The_Corbett_Report_Side_1.jpg", "image:width": "1400", "image:height": "1400", "article:published_time": "2019-03-04T14:41:49+00:00", "article:modified_time": "2023-01-02T13:13:36+00:00"}, "tags": ["documentary"], "tweets": [], "movies": [], "links": ["https://www.corbettreport.com/corbett-report-documentaries/", "https://www.corbettreport.com/author/admin/", "https://www.corbettreport.com/alqaeda/", "https://archive.org/details/ff-full-doc-720p", "https://www.bitchute.com/video/K9S4iUZMNbNy/", "https://odysee.com/@corbettreport:0/FF-FULL-DOC-720p:a", "https://rokfin.com/post/115162", "https://rumble.com/v22ku8u-false-flags-the-secret-history-of-al-qaeda-full-documentary.html", "https://corbettreport.substack.com/p/false-flags-the-secret-history-of-1a2", "https://www.corbettreport.com/mp4/fffulldoc.mp4", "https://newworldnextweek.com/products/false-flags-the-secret-history-of-al-qaeda-3-disc-dvd-set", "https://www.corbettreport.com/media/", "https://newworldnextweek.com/products/the-media-matrix-dvd", "https://archive.org/details/mmfull-doc", "https://www.bitchute.com/video/nW5ezU3w3iVE/", "https://odysee.com/@corbettreport:0/MMFullDoc:3", "https://rokfin.com/post/116073", "https://rumble.com/v23k0no-the-media-matrix-full-documentary.html", "https://corbettreport.substack.com/p/the-media-matrix-full-documentary", "https://www.corbettreport.com/mp4/MMFullDoc.mp4", "https://www.corbettreport.com/gates/", "https://newworldnextweek.com/products/who-is-bill-gates", "https://www.bitchute.com/video/TY-vLrz9XCc", "https://odysee.com/@corbettreport:0/whoisbillgates:3", "https://www.minds.com/newsfeed/1118464696709025792", "https://youtu.be/TY-vLrz9XCc", "https://www.corbettreport.com/mp4/whoisbillgates.mp4", "http://www.corbettreport.com/mp3/whoisbillgates.mp3", "https://www.corbettreport.com/911whistleblowers/", "https://www.bitchute.com/video/TdGJQgEMnxI/", "https://www.youtube.com/watch?v=TdGJQgEMnxI", "http://www.corbettreport.com/mp4/ep362.mp4", "https://www.corbettreport.com/episode-362-9-11-whistleblowers/", "https://www.corbettreport.com/wwi/", "https://archive.org/details/wwi_20210205", "https://www.bitchute.com/video/_8xxVplUHL8", "https://odysee.com/@corbettreport:0/wwi:b", "https://www.minds.com/newsfeed/1204319198370959360", "https://youtu.be/_8xxVplUHL8", "https://www.corbettreport.com/mp4/wwi.mp4", "https://www.corbettreport.com/911wargames/", "https://newworldnextweek.com/products/9-11-trillions-9-11-war-games", "https://archive.org/details/ep346", "https://www.bitchute.com/video/3noExmsCRyg/", "https://www.minds.com/newsfeed/1240585061013139456?referrer=CorbettReport", "https://odysee.com/@corbettreport:0/9-11-war-games:2", "https://www.corbettreport.com/mp4/ep346.mp4", "https://www.corbettreport.com/911suspects/", "https://archive.org/details/911suspects", "https://www.bitchute.com/video/5zvQtc0k9U8", "https://lbry.tv/@corbettreport:0/911suspects:f", "https://www.minds.com/newsfeed/1148630831231025152", "https://youtu.be/5zvQtc0k9U8", "http://www.corbettreport.com/mp3/episode311_911suspects.mp3", "https://www.corbettreport.com/mp4/911suspects.mp4", "https://www.corbettreport.com/bigoil/", "https://www.bitchute.com/video/U67rpGthMRQe/", "https://odysee.com/@corbettreport:0/how-big-oil-conquered-the-world:0", "https://www.youtube.com/watch?v=ySnk-f2ThpE", "http://www.corbettreport.com/mp4/ep310.mp4", "https://newworldnextweek.com/products/how-why-big-oil-conquered-the-world", "https://www.bitchute.com/video/0wlNey9t7hQ/", "https://odysee.com/@corbettreport:0/why-big-oil-conquered-the-world:a", "https://www.youtube.com/watch?v=0wlNey9t7hQ", "http://www.corbettreport.com/mp4/ep321.mp4", "https://newworldnextweek.com/products/how-why-big-oil-conquered-the-world", "https://www.corbettreport.com/episode-308-911-trillions-follow-the-money/", "https://www.bitchute.com/video/c9kKcSpenrJV/", "https://odysee.com/@corbettreport:0/9-11-trillions-follow-the-money:c", "https://www.youtube.com/watch?v=n3xgjxJwedA", "http://www.corbettreport.com/mp4/ep308.mp4", "https://newworldnextweek.com/products/9-11-trillions-9-11-war-games/", "https://www.corbettreport.com/federalreserve/", "https://www.bitchute.com/video/zwdCl18pslkC/", "https://odysee.com/@corbettreport:0/century-of-enslavement-the-history-of:9", "https://altcensored.com/watch?v=5IJeemTQ7Vk", "http://www.corbettreport.com/mp4/centuryofenslavement.mp4", "https://newworldnextweek.com/products/century-of-enslavement-the-history-of-the-federal-reserve/", "https://www.corbettreport.com/category/articles/"], "authors": [], "publish_date": "2019-03-04T14:41:49+00:00"}