{"result_id": "291036", "URL": "https://childrenshealthdefense.org/wp-content/uploads/Immunizations-and-Chemoprophylaxis-for-the-Prevention-of-Infectious-Diseases_2-3.pdf", "timestamp": "2023-04-25 17:20:12 CEST+0200", "meta": {"description": "", "lang": null, "keywords": "", "favicon": "", "canonical": "https://childrenshealthdefense.org/wp-content/uploads/Immunizations-and-Chemoprophylaxis-for-the-Prevention-of-Infectious-Diseases_2-3.pdf", "encoding": null}, "image": null, "domain": "childrenshealthdefense.org", "title": "", "cleaned_text": "", "opengraph": {}, "tags": [], "tweets": [], "movies": [], "links": [], "authors": [], "publish_date": null}