{"result_id": "291020", "URL": "https://childrenshealthdefense.org/wp-content/uploads/Moderna-COVID-19-Vaccine-EUA-Letter-of-Authorization.pdf", "timestamp": "2023-04-25 17:19:53 CEST+0200", "meta": {"description": "", "lang": null, "keywords": "", "favicon": "", "canonical": "https://childrenshealthdefense.org/wp-content/uploads/Moderna-COVID-19-Vaccine-EUA-Letter-of-Authorization.pdf", "encoding": null}, "image": null, "domain": "childrenshealthdefense.org", "title": "", "cleaned_text": "", "opengraph": {}, "tags": [], "tweets": [], "movies": [], "links": [], "authors": [], "publish_date": null}