{"result_id": "294019", "URL": "https://thefullertoninformer.com/the-disney-measles-and-forced-vaccinations-endangering-the-herd-part-2/", "timestamp": "2023-04-25 17:21:56 CEST+0200", "meta": {"description": "", "lang": "en", "keywords": "", "favicon": "https://thefullertoninformer.com/wp-content/themes/fusion/favicon.ico", "canonical": "https://thefullertoninformer.com/the-disney-measles-and-forced-vaccinations-endangering-the-herd-part-2/", "encoding": "UTF-8"}, "image": null, "domain": "thefullertoninformer.com", "title": "THE DISNEY MEASLES AND FORCED VACCINATIONS- ENDANGERING THE HERD PART 2 \u00ab", "cleaned_text": "EVERYTHING YOU HAVE BEEN TOLD IS A LIE AND A FRAUD. JOE IMBRIANO IS THE FULLERTON INFORMER AND BECAUSE YOU HAVE THE RIGHT TO KNOW, WE DARE TO PUSH THE ENVELOPE.", "opengraph": {}, "tags": ["corona virus", "air combat usa", "#JOEIMBRIANO", "Doug Chaffee", "Las Vegas Shooting", "The DCCSP", "joe imbriano for city council", "illegal immigration", "Jesus Silva", "greg seabourn", "Fullerton city council", "Greg Sebourn", "Troy High School", "Bruce Whitaker Fullerton", "wifi dangers", "5G", "BRUCE WHITAKER", "JOE IMBRIANO", "Tony Bushala", "Hunt Library", "tony bushala fullerton", "Bruce Whitaker for senate", "barry levinson", "Friends for Fullertons Future", "Travis kiger", "doug chafee", "greg seaborn", "Larry Bennett", "Jim Touchstone", "fullertons sex offender ordinace repeal", "Joe Felz", "Joe Felz Dan Hughes bruce whitaker jennifer fitzgerald", "ladera vista junior high", "kelly thomas", "shawn nelson", "5G DANGERS", "corruption in the fullerton police department", "dan hughes", "Gretchen Cox", "Josh Newman", "ED ROYCE", "obstruction of justice", "jennifer fitzgerald", "Sean Paden", "jennifer Fitzgherald"], "tweets": [], "movies": [], "links": ["https://thefullertoninformer.com/", "https://thefullertoninformer.com", "https://thefullertoninformer.com/5gdangers-com/", "https://thefullertoninformer.com/apple-666/", "https://thefullertoninformer.com/the-flat-earth/", "https://thefullertoninformer.com/disney/", "https://thefullertoninformer.com/jesus-christ/", "https://thefullertoninformer.com/nasa-fraud/", "https://thefullertoninformer.com/forcedvaccination/", "https://thefullertoninformer.com/wifi-dangers/", "https://thefullertoninformer.com/videos-for-the-fullerton-informer/"], "authors": [], "publish_date": null}