{"result_id": "297033", "URL": "https://www.thehealthyamerican.org/s/QA-About-VACCINES-and-Exemptions.pdf", "timestamp": "2023-04-25 17:23:46 CEST+0200", "meta": {"description": "", "lang": null, "keywords": "", "favicon": "", "canonical": "https://www.thehealthyamerican.org/s/QA-About-VACCINES-and-Exemptions.pdf", "encoding": null}, "image": null, "domain": "www.thehealthyamerican.org", "title": "", "cleaned_text": "", "opengraph": {}, "tags": [], "tweets": [], "movies": [], "links": [], "authors": [], "publish_date": null}