{"result_id": "299017", "URL": "https://thehighwire.com/ark-videos/harnessing-heartbreak-for-the-vaccine-injured/", "timestamp": "2023-04-25 17:24:38 CEST+0200", "meta": {"description": "", "lang": "en", "keywords": "", "favicon": "", "canonical": "https://thehighwire.com/ark-videos/harnessing-heartbreak-for-the-vaccine-injured/", "encoding": "UTF-8"}, "image": null, "domain": "thehighwire.com", "title": "HARNESSING HEARTBREAK FOR THE VACCINE INJURED", "cleaned_text": "My heart breaks for this father. May God/s justice come swift, may the Karma match the depths of this evil. There is a special place in Hell for those that do NOTHING to stand up for what is right, for the truth. The Storm is upon us. A new day will dawn. A new world of health, free energy, freedom, abundance and love. God see\u2019s everything.", "opengraph": {"locale": "en_US", "type": "article", "title": "HARNESSING HEARTBREAK FOR THE VACCINE INJURED", "description": "Ernesto Ramirez, who\u2019s teenage son tragically died after receiving the COVID Vaccine, joins Del along with singer/songwriter Brad Skistamas of Five Time August, to share their heartbreaking stories and discuss their tireless fight to bring awareness. Watch out for 2 live performances from Five Times August.", "url": "https://thehighwire.com/ark-videos/harnessing-heartbreak-for-the-vaccine-injured/", "site_name": "The HighWire", "article:modified_time": "2023-04-24T20:53:56+00:00", "image": "https://static.arkengine.com/video/clgh0prt90044jt01gucg0uo6/thumbnail/HARNESSING_HEARTBREAK_FOR_THE_VACCINE_INJURED.jpg", "image:width": "800", "image:height": "450", "image:type": "image/jpeg"}, "tags": [], "tweets": [], "movies": [], "links": [], "authors": [], "publish_date": "April 14, 2023 at 9:09 pm"}