{"result_id": "300014", "URL": "https://www.thelibertybeacon.com/france-pfizer-and-ministers-sued-by-vaccine-victims/", "timestamp": "2023-04-25 17:28:15 CEST+0200", "meta": {"description": "Lawsuits both criminal and civil are getting underway in Paris and Marseille against govt ministers who pushed the vaccines and Pfizer.", "lang": "en", "keywords": "", "favicon": "https://i0.wp.com/www.thelibertybeacon.com/wp-content/uploads/2017/03/cropped-TLB-Favicon.png?fit=32%2C32&ssl=1", "canonical": "https://www.thelibertybeacon.com/france-pfizer-and-ministers-sued-by-vaccine-victims/", "encoding": "UTF-8"}, "image": null, "domain": "www.thelibertybeacon.com", "title": "France: Pfizer and Ministers Sued by Vaccine Victims | The Liberty Beacon", "cleaned_text": "Me Jean-Pierre Joseph is taking on Pfizer in Paris, as well as the ministers responsible for the vaccination campaign, in particular Olivier V\u00e9ran and Jean Castex. See the video below. At the same time, a first hearing at the Marseille civil court took place on Monday January 9, following the action of lawyer Eric Lanzarone, defending nearly 300 clients who contracted illnesses shortly after their vaccination against Covid-19.\n\n\n\nMe Jean-Pierre Joseph\u2019s criminal complaint was filed with the Paris Court of Justice, P\u00f4le Sant\u00e9. The civil party is represented in particular by Marc Doyer, spokesperson for the association of victims of Covid vaccines Verity France: His wife Mauricette (ER: a French singer) died on June 23, 2021 of Creutzfeldt-Jakob disease following a Pfizer injection.\n\nThe lawyer is going after Pfizer, as well as former Prime Minister Jean Castex and the Minister of Health at the time Olivier V\u00e9ran (who had claimed that the Covid vaccination had no connection with the Jakob-Creutzfeldt disease), as well as all the ministers and elected officials who had a responsibility in the vaccination campaign.\n\nMarc Doyer calls on all victims or families of victims of this terrible disease, as well as other effects of Covid vaccines, to join this action, the legal costs being covered. Already 20 families are ready to join in.\n\nAs for the hearing held in Marseille, it will be a legal marathon for Marseille lawyer Eric Lanzarone and his client, a 55-year-old woman who prefers to remain anonymous.\n\nThe lawyer will try to have the rheumatoid arthritis developed by his client recognized, \u201ca few days after her second dose of the Pfizer vaccine (\u2026) Today, she cannot walk more than 300 to 400 meters and has since been on sick leave. It is a totally disabling side effect, \u201dhe told the newspaper 20 minutes.\n\nThe hearing aims for the appointment of a medical expert to establish the causal link between the vaccinations and the development of this inflammatory joint disease.\n\nFacing him, Capucine Van Robays represents the eight lawyers of Pfizer France, a branch of the American pharma company which manufactures the most injected \u201canti-Covid\u201d vaccine in France. Me Lanzarone also subpoenaed the German company BioNTech, the laboratory which developed the vaccine.\n\nThe lawyer had already obtained, in October 2022 in Paris, the appointment of a medical expert in an identical case. \u201cIn Marseille, I also subpoenaed BioNTech, because during the hearing in Paris, Pfizer had discharged itself on this laboratory\u201d, he explains. (ER: We\u2019re not sure what this machine translated phrase means. Had Pfizer severed connections somehow with BioNTech, a German company?)\n\nEric Lanzarone says he has 300 similar files. \u201cI often find identical pathologies: visual impairment, endometriosis, a lot of myocarditis\u201d.\n\nThe lawyer who claims \u201cnot to be antivax\u201d (ER: Why does this point have to be made?) had previously attacked the clause of the contract between Pfizer and the European Commission which provides that in the event of adverse effects, compensation is borne by the States. \u201cIt amounts to privatizing the profits and socializing the risks. I consider that it is not up to French taxpayers to pay for the undesirable effects, \u201dhe accuses.\n\nFor this, it will already be necessary that the possibly designated expert concludes well on the link between vaccination and development of diseases. Then, a new section will open on the amount of compensation.\n\nNearly 140 million injections in France, all doses combined, according to data from Public Health France and compiled by CovidTracker. Contacted, Capucine Van Robays, lawyer for Pfizer, could not be contacted within the time allowed for the publication of the 20-minute article.", "opengraph": {"locale": "en_US", "site_name": "The Liberty Beacon | Bringing Alternative Media Sources Together\u2122", "type": "article", "title": "France: Pfizer and Ministers Sued by Vaccine Victims | The Liberty Beacon", "description": "Lawsuits both criminal and civil are getting underway in Paris and Marseille against govt ministers who pushed the vaccines and Pfizer.", "url": "https://www.thelibertybeacon.com/france-pfizer-and-ministers-sued-by-vaccine-victims/", "article:published_time": "2023-01-13T10:35:33+00:00", "article:modified_time": "2023-01-13T13:05:15+00:00"}, "tags": ["covidhub.ch", "Pfizer vaccine", "Jean-Pierre Joseph lawyer", "Eric Lanzarone lawyer", "Marc Doyer", "French lawsuits against Pfizer", "Jean Castex", "Pam Barker", "Europe Reloaded", "Olivier Veran"], "tweets": [], "movies": [{"embed_type": "iframe", "provider": "youtube", "width": "1200", "height": "675", "embed_code": "<iframe class=\"zeen-lazy-load-base zeen-lazy-loaded\" title=\"A complaint filed to denounce adverse effects - Marc Doyer and Jean-Pierre Joseph\" src=\"https://www.youtube.com/embed/bpWa_5bhXHc?feature=oembed\" width=\"1200\" height=\"675\" frameborder=\"0\" allowfullscreen=\"allowfullscreen\" data-mce-fragment=\"1\"/>", "src": "https://www.youtube.com/embed/bpWa_5bhXHc?feature=oembed"}], "links": ["https://la-verite-vous-rendra-libres.org/marc-doyer-donne-des-precisions-sur-comment-rejoindre-la-plainte-pour-les-victimes-deffets-secondaires-du-vaccin-covid/", "https://www.20minutes.fr/magazine/tendances-marseille-mag/", "https://www.20minutes.fr/france/vaccination/", "https://www.20minutes.fr/justice/4017192-20230109-covid-19-possibles-effets-secondaires-vaccin-pfizer-devant-justice-marseille", "https://www.20minutes.fr/sante/pfizer-biontech/", "https://www.20minutes.fr/societe/3231251-20220217-vaccination-pfizer-signe-clause-non-responsabilite-cas-effets-secondaires-graves-prudence", "https://covidtracker.fr/vaccintracker/", "https://www.covidhub.ch/france-plaintes-contre-pfizer/", "http://www.europereloaded.com/", "http://www.europereloaded.com/"], "authors": [], "publish_date": "2023-01-13T10:35:33+00:00"}