{"result_id": "302005", "URL": "https://www.newnationalist.net/images-76", "timestamp": "2023-04-25 17:30:20 CEST+0200", "meta": {"description": "Do you need money desperately? Apply online with 15M Finance & receive emergency cash almost immediately from our direct lenders. Bad credit OK!", "lang": "en", "keywords": "", "favicon": "https://15mfinance.com/wp-content/uploads/2020/09/loans_4.svg", "canonical": "https://15mfinance.com/", "encoding": "UTF-8"}, "image": null, "domain": "www.newnationalist.net", "title": "Need Money Now | Apply Now & Get Them in 24 Hours", "cleaned_text": "We offer a variety of loans and cash advances at different interest rates and loan terms. If you borrow $500 at a rate of $15, you will repay a total of $575 on your next payday. Your loan, approved for 45 days, will cost you $75 in interest, with an APR of 121.67%. The fees are called \u201cpoints,\u201d and they are paid to the online lender as part of your loan payments.\n\nWhen you need cash now, it can feel like your options are limited. But at 15M Finance, we do our best to make getting the money you need easy and convenient.\n\nWe\u2019ve made sure that our application process is simple and straightforward, so you can get the money today. All you have to do is fill out a short form and answer a few questions about yourself, and then we\u2019ll get back to you with approval within minutes.\n\nOnce approved, all that\u2019s left is for you to pick up your cash! You can choose from several different payment methods: direct deposit, check by mail, or pick up at one of our locations\u2014it\u2019s all up to you!\n\nWhat are The Minimum and Maximum Amounts You Can Borrow?\n\nWe know that every borrower is different, which is why our direct lenders offer a wide range of loan amounts to choose from. The minimum amount you can borrow is $100, and the maximum loan amount is $1,000. If you need a larger loan amount, try other loan options available on the market.\n\nHow to Get Money Fast?\n\nWe offer short-term financing solutions for people who have a bad credit rating or no credit history at all. Those with good credit histories are also welcomed. Compared to other lenders, our loan providers understand how important it is to provide access to fast cash when you need it most, so they don\u2019t require any collateral or security deposit before approving a loan application. Simply fill out our simple online form. Our lenders have flexible repayment terms. One of our friendly representatives will follow up with more information about how much money you can borrow as soon as possible.\n\nAre you in a crunch and need fast money today? We know how it feels to be in a bind, and we\u2019re here to help. 15M Finance is a small loans company that has been helping people with bad credit scores get out of financial crises since 2020. We understand that sometimes you just need a little extra cash to get by, to pay for an emergency expense, or perhaps even something fun like a vacation. And we also know that if you have a bad credit score, it can be hard to find online lenders who will approve your loan request. That\u2019s why we offer emergency cash immediately for people with poor credit!\n\nOur process is simple: You fill out our online application, which takes less than two minutes and requires no paperwork or faxes. Once your application is approved (usually within several minutes), you can get as much as $1,000 in your bank account quickly and start tackling your financial emergency right away. We work with all types of payday lenders who will help you get bad credit loans with a repayment schedule and reasonable rates.\n\nAre There No Credit Check Loans?\n\nYes, there are no hard credit check loans. You just have to know where to look. There are some lenders that do not perform a credit check, but they may still have a very high-interest rate. However, you can apply to multiple lenders through us and receive the best loan offer for your needs.\n\nA valid ID (driver\u2019s license, passport, etc.) Proof of stable income (pay stubs or an employer letter) A bank account statement or some other form of proof that you have sufficient funds to pay back the loan A valid E-mail address and phone number.\n\nHow Long Does it Take to Apply for a Loan?\n\nIf you have all the needed information prepared, it may take you up to 3 minutes to apply. Make sure you take your time and verify your contact and bank details before pressing the \u201cApply\u201d button.\n\nAre Payday Loans Available in Your State?\n\nPayday loans aren\u2019t available in every state. Payday loans are legal in Alabama, Alaska, California, Delaware, Florida, Hawaii, Idaho, Illinois, Indiana, Iowa, Kansas, Kentucky, Louisiana, Michigan, Minnesota, Mississippi, Missouri, Nebraska, Nevada, New Mexico, Ohio, Oklahoma, Rhode Island, South Carolina, South Dakota, Tennessee, Texas, Utah, Virginia, Washington, Wisconsin, Wyoming.\n\nPayday loans are restricted in Colorado, Montana, New Hampshire, North Dakota, and Oregon.\n\nPayday loans are prohibited in Arizona, Arkansas, Connecticut, the District of Columbia, Georgia, Maryland, Massachusetts, New Jersey, New York, North Carolina, Pennsylvania, Vermont, and West Virginia.\n\nIf you live in one of the states that do allow payday lending, you can check the laws to make sure you\u2019re following them.\n\nWhere Can I Borrow Money Near Me?\n\nIf you\u2019re looking to borrow money today, you\u2019ve come to the right place. We can help you get the fast cash you need for whatever purpose within one business day. We know that all of us have cash shortages or nothing on our savings account. That\u2019s why we offer short-term loans in many different states across the US. Note: check the legal status of payday lending in your state.\n\nHow Can You Repay The Loan?\n\nThere are a few ways you can make loan repayments. You can pay the loan back in full, which means paying off the entire amount of money you borrowed. You will have to pay interest on this option. Plus, if you repay the loan early, you will avoid the late payment fees.\n\nAnother option is to set up monthly payments, which could be more affordable than paying off the loan at once if you have a tight budget. If this option works for you, make sure to set up automatic payments so that they are taken out of your account automatically each month. It will help prevent late fees!\n\nYes, requesting an emergency loan will affect your credit score. However, it\u2019s important to note that the effect on your score will be temporary. When you apply for a loan, the lender will check your credit history and look at several factors that could impact how likely you are to repay the loan with your monthly income. Information about payment history and how much money you owe compared with what you can afford is included in your credit report.\n\nThe length of time since you\u2019ve taken out an emergency loan also matters\u2014the longer it has been since your last loan application, the better your credit score will appear. If you have other accounts open with different lenders\u2014like credit cards or mortgages\u2014you\u2019ll want to make sure those are all in good standing before applying for a loan so that lenders will see that you\u2019re capable of handling more debt than just one loan at a time.", "opengraph": {"locale": "en_US", "type": "website", "title": "Need Money Now | Apply Now & Get Them in 24 Hours", "description": "Do you need money desperately? Apply online with 15M Finance & receive emergency cash almost immediately from our direct lenders. Bad credit OK!", "url": "https://15mfinance.com/", "site_name": "15M Finance"}, "tags": [], "tweets": [], "movies": [], "links": ["https://15mfinance.com/500-dollar-loan/", "https://15mfinance.com/direct-deposit-loans-in-minutes/"], "authors": [], "publish_date": null}