{"result_id": "303012", "URL": "https://thepulse.one/2021/09/03/pfizer-vaccine-offers-less-than-1-absolute-risk-reduction/", "timestamp": "2023-04-25 17:30:35 CEST+0200", "meta": {"description": "Bold ideas & investigative journalism on consciousness, current events, science, solutions & more \u2013 inviting viewers to inquire how our current paradigms shape our society. Click to read The Pulse, a Substack publication with tens of thousands of readers.", "lang": "en", "keywords": "", "favicon": "https://substackcdn.com/image/fetch/f_auto,q_auto:good,fl_progressive:steep/https%3A%2F%2Fbucketeer-e05bbc84-baa3-437e-9518-adb32be77984.s3.amazonaws.com%2Fpublic%2Fimages%2F0110b53c-84b1-44bc-8b40-9324f06c8060%2Ffavicon.ico", "canonical": "https://www.thepulse.one/", "encoding": "utf-8"}, "image": null, "domain": "thepulse.one", "title": "The Pulse | Substack", "cleaned_text": "Our use of cookies\n\nWe use necessary cookies to make our site work. We also set performance and functionality cookies that help us make improvements by measuring traffic on our site. For more detailed information about the cookies we use, please see our privacy policy", "opengraph": {"url": "https://www.thepulse.one/", "image": "https://substackcdn.com/image/fetch/f_auto,q_auto:best,fl_progressive:steep/https%3A%2F%2Fwww.thepulse.one%2Ftwitter%2Fsubscribe-card.jpg%3Fv%3D-1147294755%26version%3D9", "type": "article", "title": "The Pulse | Substack", "description": "Bold ideas & investigative journalism on consciousness, current events, science, solutions & more \u2013 inviting viewers to inquire how our current paradigms shape our society. Click to read The Pulse, a Substack publication with tens of thousands of readers."}, "tags": [], "tweets": [], "movies": [], "links": ["/privacy#cookies"], "authors": ["The Pulse"], "publish_date": "Apr 24"}