{"result_id": "307010", "URL": "https://www.thetrumpet.com/more/coronavirus", "timestamp": "2023-04-25 17:34:48 CEST+0200", "meta": {"description": "theTrumpet.com delivers in-depth news analysis on top stories, world news, weather, economics and society in the light of Bible prophecy.", "lang": "en", "keywords": "", "favicon": "", "canonical": "https://www.thetrumpet.com/more/coronavirus", "encoding": "utf-8"}, "image": null, "domain": "www.thetrumpet.com", "title": "World News, Economics and Analysis Based on Bible Prophecy", "cleaned_text": "In a matter of weeks, the U.S. has passed trillions of dollars\u2019 worth of stimulus packages\u2014and more are on the way.", "opengraph": {"url": "https://www.thetrumpet.com/more/coronavirus", "site_name": "theTrumpet.com", "title": "World News, Economics and Analysis Based on Bible Prophecy", "image": "https://www.thetrumpet.com/trumpet-icon.png", "description": "theTrumpet.com delivers in-depth news analysis on top stories, world news, weather, economics and society in the light of Bible prophecy.", "type": "website"}, "tags": [], "tweets": [], "movies": [], "links": [], "authors": [], "publish_date": null}