{"result_id": "308023", "URL": "https://thetruthaboutcancer.com/category/hide-on-index/", "timestamp": "2023-04-25 17:35:42 CEST+0200", "meta": {"description": "", "lang": "en", "keywords": "", "favicon": "https://thetruthaboutcancer.com/wp-content/themes/genesis-child/images/favicon.png", "canonical": "https://thetruthaboutcancer.com/category/hide-on-index/", "encoding": "UTF-8"}, "image": null, "domain": "thetruthaboutcancer.com", "title": "Hide on Index Archives", "cleaned_text": "Here are the 12 people and groups who have done the most to spread disinformation and panic among the public over the past\u2026", "opengraph": {"locale": "en_US", "type": "object", "title": "Hide on Index Archives | The Truth About Cancer", "url": "https://thetruthaboutcancer.com/category/hide-on-index/", "site_name": "The Truth About Cancer", "image": "https://thetruthaboutcancer.com/wp-content/uploads/FB-GlobalShare-Mission-min.png"}, "tags": [], "tweets": [], "movies": [], "links": ["https://thetruthaboutcancer.com/real-disinformation-dozen/"], "authors": [], "publish_date": null}