{"result_id": "310038", "URL": "https://vermontindependent.net/tag/human-innate-immune-systems/", "timestamp": "2023-04-25 17:38:32 CEST+0200", "meta": {"description": "Resistance and Resilience", "lang": "en", "keywords": "", "favicon": "https://vermontindependent.net/wp-content/uploads/2018/04/favicon.ico", "canonical": "https://vermontindependent.net/tag/human-innate-immune-systems/", "encoding": "UTF-8"}, "image": null, "domain": "vermontindependent.net", "title": "human innate immune systems \u2013 Vermont Independent", "cleaned_text": "Publisher\u2019s Note: Geert Vanden Bossche PhD, is an internationally recognized vaccine developer, having worked as the head of the Vaccine Development Office at the German Centre for Infection Research. Dr. Bossche coordinated the Global Alliance for Vaccines and Immunization (GAVI), the Ebola Vaccine Program, and contributed to the implementation of an integrated vaccine work plan in collaboration with Global Health Partners (WHO, Bill & Melinda Gates Foundation, CDC, UNICEF), regulators (FDA) and vaccine manufacturers to enable timely deployment or stockpiling of Ebola vaccine candidates. Using prophylactic \u201cvaccines\u201d in the midst of the COVID \u201cpandemic,\u201d Dr. Bossche states, is likely to create more more viral variants in the process and, more ominously, destroy vaccinated Humans\u2019 innate immune system ability to ward off COVID viral variants. The result? Vaccinated\u201d Humans are becoming a giant global \u201cGain Of Function\u201d (GOF) experiment. Here\u2019s a useful summary with links and deeper context. Please share widely for public discussion.\n\nPlease support Vermont Independent\u2019s work through our Patreon page.", "opengraph": {"type": "website", "title": "human innate immune systems \u2013 Vermont Independent", "url": "https://vermontindependent.net/tag/human-innate-immune-systems/", "site_name": "Vermont Independent", "image": "https://s0.wp.com/i/blank.jpg", "locale": "en_US"}, "tags": ["mandate", "911", "Big Data", "NYT", "Poop", "Andorra", "Substack Nation", "Wetware", "Ben Scotch", "Breathe", "CDC", "Wokeness", "Compromise of 1850", "JP", "Naomi Klein", "Ownership", "Bionutrient.org", "Space Fence", "H. Luke Shaefer", "United Nations", "OSHA", "Heart of the Village", "apiaries", "Liberals", "Warrior Woman", "Chelsea Green Publishing", "UMASS", "Community Energy Projects", "COVID-19", "COVID'topia", "Tristan Harris", "1777", "Documentary", "Peter McCullough", "War On Terror", "Kevin Kelley", "Michael Nevradakis", "Martin Luther King", "Vermont Public Interest Resource Group", "Glyphosate", "Paul Vallerand", "Environmental Studies", "PCR tests", "Ongyel Sherpa", "Canadian Patriot Review", "Netflix", "Western", "Chris Reccia", "crowd-contested media", "Organization for Propaganda Studies", "Ulus", "vampires", "Colorado", "rCredits", "Eric Coppolino", "YakItToMe!", "Drew Simmons", "Greenride", "CRT", "Kale", "Lee Childs", "Big Tech", "Manhattan Project", "sap", "The American Dream", "Governor Phil Scott", "marshall islands", "Green Mountain Transit", "Robert Perkins", "Dylan Kelley", "WSJ", "Ayn Rand", "The Force Awakens", "News Makers", "Shelburne", "petition", "Heidi Spears", "Dahr Jamal", "Net Metering", "House At Pooh Corner", "Featured", "Issue No. 23", "Communications", "Profit", "Al Jazeera", "Guillermo Fesser", "Chris Brimmer", "Propaganda", "American Culture", "Shap Smith", "Paul Rosenberg", "sheep dogging", "global warming", "Citizens for American Liberation", "Emma Howard", "Green Mountain Power", "Why Zombie", "Black Lives Matter", "James Mangold", "Minds Of Men", "Malayaka House", "Tony Roman", "Memphis police", "Trump Inc", "World Made By Hand", "CSA", "E Pluribus Unum", "Vermont Daily Chronicle", "Christopher Wren", "West", "Herman", "GAO", "PANDA", "New York University", "Maggie Gundersen", "Lawrence Norden", "Pfizer", "Jordan", "22%", "milk", "PRC", "Donald Trump", "fiction", "strip and flip", "Graph", "CDPA", "Patriotism", "Bill Coperthwaite", "Senate", "2 year terms", "breweries", "COVIDaganda", "weather warfare", "PCR", "Nazism", "VT. Vermont", "COOPs", "mark whiteside", "Christopher Famighetti", "Keep Vermont Cool", "Grexit", "Issue no. 22", "Jr", "Author", "Fox", "HeadyVermont", "Carl Etnier", "International Business Times", "Hobbit", "RT", "The Story Of Cosmetics", "War Dogs", "Algorithms", "Community Development and Applied Economics", "Red", "Erica Quinn", "Real News", "State Street Fair", "Consciousness", "Jess Row", "Singularity", "Rutland Herald", "5G", "Robert Pollin", "RFK", "Jonah Hill", "Vermont independence", "neoliberalism", "Marvel", "James Babcock", "Colin Jost", "money", "climate engineering", "Mark Frary", "Edward Curtin", "mutualcredit", "no masks", "flags", "Psychodrama", "Hydropower", "EB-5", "ChelseaGreen", "Julie Wilson", "California", "Off Guardian", "Issue No. 37", "Farming", "CBDC", "Silicon Valley Bank", "Extreme Conservation", "yakking", "Net Neutrality", "Burke", "Patrick Leahy", "Trichodesmium", "Dan Jones", "Soil", "Trump", "Screening", "UNtied States", "Diane Ravitch", "Julie Macuga", "Vermont Farm Fund", "CBD", "Anti-Empire Report", "Select Board", "NBC News", "MITRE", "Information", "Bank", "Adrian Kuzminski", "Bram Stoker", "FBI", "Hot Shit", "Annie Leonard", "Trust", "2nd Vermont Republic", "Stranger Things", "Wakanda", "Bye Bye", "Bob Fitrakis", "ISPs", "Joint Strike Fighter", "Vermont Refugee Resettlement Program", "Klaus Schwab", "socialism", "TED Talk", "Snow Commons", "climate change", "Winooski", "Bill Stenger", "Human Scale", "Kathryn J. Edin", "Whitney Webb", "Wired", "Michael Hudson", "Chris Hedges", "Cosmetics", "Dioxin", "Hammerin Hank", "PI", "Directing Theatre", "Mark Bushnell", "FIFA", "Pork Barrel", "Scorecard", "Livelihoods", "Google Archipelago", "Lord of the Rings", "The Social Dilemma", "Vermont", "dry fly", "Intercepted", "mass delusional psychosis", "Chomsky", "V For Vendetta", "Biology", "Akiya Schaffer", "Peak Oil", "Thomas Jefferson", "Al Qaeda", "Celia Farber", "CLG", "Issue No. 40", "Ralph Meima", "Biomass Monitor", "Geopolitics and Empire", "New Grass Roots", "Skyler Bailey", "Public Bank", "Jason Bourne", "ViralResistance", "Journalism", "NASA", "passport", "TIME", "Vermont Independence Month", "Biomedical Security State", "Big Other", "Black Panther", "Divestment", "Mad Max", "Neil Young", "Verizon", "Tom Hardy", "Biden", "Clusterfuck Nation", "Dorothy Tod", "Vermont Secretary of State", "Tax", "Public Finance", "Geoff Lewis", "Propaganda Machine", "Christian Drosten", "Harvey Wasserman", "Jon Gold", "Gallup", "Welch", "censorship", "Conspiracy Theory In America", "communication commons", "Fossil Nation", "BernieSanders", "crimes against humanity", "Amazon", "Dr. Kevin Stillwagon", "Portsmouth", "Aubrey Marcus", "The Untold Story of Milk", "Critical Thinking", "Hillary Clinton", "Information Clearinghouse", "Quarantine", "Man", "hydroelectric dams", "Scout", "50 years later", "Electoral College", "DOD", "Agency of Agriculture", "Davos Clique", "Fascism", "Sugar Shack", "Preemptive Strike", "tourism", "Thomas Woods", "CDAE", "terrain theory", "SPy", "Cheyenne", "Bill Mares", "Cybernetic Transformation", "Stand For Health Freedom", "Freud", "holidays", "Liz Schlegel", "Actors Playing Biden", "Mark Levine", "Sex", "ideology", "localeconomy", "Washington Post", "anthropogenic extinction", "John Hollar", "Fury Road", "Rules for Revolutionaries", "Habeas Corpus Law", "#FeelTheBern", "Josh Duntz", "Howard Dean", "Bruce Dixon", "GNP", "Matt Taibbi", "Zero COVID", "Wendell Berry", "Meryl Nass", "automobile", "Roseanne Greco", "Viral Tyranny", "Hugh Jackman", "VPR", "Nazi Germany", "John F. Kennedy", "Hyun Jin Preston Moon", "Bill Sorrell", "Raw Story", "citizen engagement", "Department of Health", "Austria", "Whether Report", "EF Schumacher Society", "US Sherpa", "Commitment", "Nation", "Seven Stories Press", "The Federal Reserve", "CannaCurious", "USA", "Christopher Gruener", "Cal Hopwood", "Dick Sears", "embassy", "Doctors Without Borders", "banking", "Shire", "Sanctuary Media", "gerrymandering", "smoking gun", "racism", "Strategic Culture Foundation", "Google's Triple Threat", "Critical Bring", "Steve Merrill", "Radio Free Vermont", "Christmas", "Tokyo", "2017", "Liberty", "Sanders", "Technocracy", "The Pathological Optimist", "The Guardian", "USEmpire", "A Man Apart", "Tom Fitzgerald", "Kathleen Hall Jamieson", "Shadow Government", "Most Likely To Secede", "Mayo Clinic", "legal action", "opiates", "secession", "Sarah Boseley", "2VR", "Dr. Bhakdi", "Issue No. 29", "James Hansen", "emergency", "Heady Times", "Empire", "Streaming", "Seven Days", "Ernst Wolff", "John Podesta", "University of Wisconsin", "rights", "Global", "Psy-Op", "Serious Adverse Events", "Uganda", "contact tracing", "Interposition", "cows", "Enosburg Falls", "Salon.com", "Enid Wonnacott", "TomsDispatch", "Information Disorder Syndrome", "ABC News", "radioactivity", "youth", "feminism", "Ben Norton", "Peter Baker", "Hans Ohanian", "civil courage", "environmental policy", "Reality", "Dakota Access Pipeline", "Dr. Richard Foley", "financial literacy", "Sam Thielman", "JJ Abrams", "holistic", "Issue No. 3", "April4", "Kong", "Superabundance", "WCAX", "Colby College", "Syria", "States Rights", "Bernie Sanders", "Transhumanism", "Freedom Travel Alliance", "North Korean", "Atlantic Monthly", "Act of State", "Taylor Dobbs", "Carl Jensen", "Anneka Williams", "Tribeworthy", "Naomi Malik", "holiday", "Trump Muslim Ban", "Naomi Wolf", "Civil Disobedience", "Wind and Waves", "CovertAction", "medical freedom", "Russia Wants War", "Web Of Debt", "The Last Jedi", "Issue no. 12", "January", "United 4 Truth", "Apple", "Slavoj \u017di\u017eek", "james Petras", "Patrick Wood", "Method", "Bill and Melinda Gates Foundation", "Countering Disinformation and Propaganda Act", "Nuremberg", "Xander Naylor", "cannabis", "Green State Gardener", "Issue No. 43", "Nick Corbishley", "WHO", "Hyde Park", "Catalonia", "Henry David Thoreau", "Vermont Independent", "2nd Republic whiskey", "Great Reset", "Catherine Austin Fitts", "Harriet Washington", "GLLM", "Ipsos", "Pecha Kucha", "The Fate Of The Furious", "Disinformation", "Cooper Union", "liberalism", "Universal Basic Income", "MountainTop Human Rights Film Festival", "Rolling Stone", "Central Bank Digital Currencies", "Our Geoengineering Age", "Vegetables", "Judy Wicks", "Nuremberg Code", "Education", "John Paul Ransom", "World Economic Forum", "Act 46", "Healthcare", "coal fly ash", "lawyers", "the new Net", "economy", "US presidency", "Redfield", "Popstar", "Pee", "WOKEtopia", "Scahill", "#DAPL", "Shoshana Zuboff", "Edward Dowd", "Electoral Politics", "Donald W. Livingston", "Your Leadership", "craft beer", "Long COVID", "planetary technofascism", "Skeptiko", "George W Bush", "Tracy Guion", "Wasted", "Google", "Graham Greene", "Love", "parade", "Emily McLean", "Paul Walker", "authoritarian", "THALES", "Evolution", "CCTV", "Stamford", "False Alarm", "Ben & Jerry's", "Reiner Fuellmich", "Minimum Wage", "1890", "Inter States", "Global Research", "New York Times", "FH Buckley", "Donnie Simpson", "Conspiracy Theory", "horror", "JRE", "Mark Schimmoeller", "Robert Mueller", "The Viral Delusion", "tee shirt", "Super Bowl 2022", "Russia Gate", "Caitlin Johnstone", "2023", "JDS", "Morgan Blanchard", "REAL ID", "Gamification", "Craig Mathews", "From Chemtrails to Space fence Lockdown", "VIC", "AOE", "Democrats", "GIV", "Joshua Farley", "photography", "Roger Revelle", "What Cannabis Can Do For Vermont", "The End of the Republic and the Delusion of Empire", "smart dust", "Internet Of Things", "Phil Murphy", "Emergent Disorder", "Unity", "John McClaughry", "Harpers", "SVB", "spying", "Ethan Allen", "Nuremberg Trials", "Vermont Speaks", "Meghan Nanan", "Stress Response", "TPP", "loggers", "election security", "Lin-Manuel Miranda", "NoDAPL", "forests", "US Constitution", "AEIR", "Alex Tsakaris", "No Time To Die", "Tessa Fights Robots", "weather modification", "CCP", "Davos Crowd", "TLAV", "termination", "James Bond", "lockdowns", "Andy Samberg", "VPIRG", "Snowliage", "civil liberties", "PsyOp", "Aladdin", "Peter Miller", "Russian Hack", "Edward Snowden", "study", "Derick Jensen", "Lierre Keith", "U.S. of Empire", "monsters", "Barre", "Utopia", "truth", "Renee Carpenter", "Sudden Deaths", "History", "Rogue One", "USM", "medical", "Avengers", "Long Haul COVID", "Putin", "Robert Sullivan", "Roundup by the River", "Abenaki", "Ryan Coogler", "secessionist", "char", "Forbidden Bookshelf", "Edward Herman", "Jeff Bezos", "Life", "Aaron Mate", "NYU", "Claudia Stauber", "\"Gunshots", "Chuck Riff", "Bela Lugosi", "Susan Ohanian", "US", "normalization", "Gain Of Function", "Royal Society", "therapy", "Battlefield America", "Spotify", "sheepdog", "Open Water Ice Swimming", "Camel's Hump", "Gulag Archipelago", "behaviorial microtargeting", "OGA", "Eli Harrington", "Media Outlet", "independent journalism", "libel", "Public bank Institute", "VTDigger", "Charles Ortel", "taxes", "Juliet Buck", "Ryan Gosling", "State of Control", "Vermont Workers Center", "Free Shipping", "Pirate Party", "Endangered Alphabets", "007", "Emran Feroz", "Green Valley Media", "RussaGate", "Black Rock", "single payer", "Toward Freedom", "Robert Malone", "Muslim Ban", "protocols", "millimeter waves", "Confronting Collapse", "GDP", "Live Web Cam", "TED", "FCC", "Steve Bannon", "Andrew Jaufman", "Arne Gundersen", "whistleblower", "Freedom Diploma", "human destiny", "Sprinter", "World Freedom Day", "Wuhan", "Hilary Clinton", "SaveOurSkiesVT", "Bill Finney", "Geoengineering Age", "quaffing", "farmers", "Karen Embry", "THE TRUTH ABOUT COVID-19", "Clare Foran", "Space X", "Ariana Victor", "El Predicamento", "m-RNA", "Imagine a Free Vermont", "Mattias Desmet", "Counterpunch", "sparrow", "Tim Berners-Lee", "Film Noir", "Jill Stein", "Michael Shuman", "The Forecaster", "Digital Financial Complex", "Mass Formation", "9/11 Truth", "Glen Ford", "Rachel Maddow", "Snopes", "Stephen Lendman", "Von Trapps", "Guns", "Human Waste", "Al Vecchione", "Code Red", "IMF", "Neil Gross", "Mad River Valley", "APB", "referendum", "Milk With Dignity", "ecology", "informed consent", "July 2016", "Nuremberg 2.0", "\"Greatest Crome In Human History", "GMOs", "HAARP and the Full Spectrum Dominance of Planet Earth", "V for Vermont", "Pandemic Data Analytics", "apocalypse", "Taylor Sheridan", "On Contact", "MLK Day", "Sam Gale Rosen", "Viral Resistance", "Mad Farmer", "First Amendment", "HR 1599", "Emily Benson", "Zero Hedge", "Freedom Convoy", "Scott Atlas", "Rhode Island", "HarwoodStrong", "Movies", "Eve Frankel", "US Freedom Convoy", "CNN", "Russell Brand", "Ecologist", "James Howard Kunstler", "Globalism", "car", "AT&T", "elections", "crime", "trekking", "GMA", "Media Literacy Education", "Gaelan Brown", "ISIS", "Propaganda Model of News", "All Cause Mortality", "News Shapers", "Airwars", "Winter", "John Kiriakou", "Telecom Vermont", "Vermont Public Radio", "Dr. Mattias Desmet", "Independents", "Jason Stathan", "Governor Shumlin", "A Declaration of the Independence of Cyberspace", "Powder Day", "Jack Reacher", "NO. R-105", "Nick Rogers", "Governor's Institute of Vermont", "Essex Junction", "Shots", "Assange", "Day", "IOT", "Arab World", "Jay Peak", "Bennington County", "2020", "Free Press", "Voting machines", "email", "aluminum", "Green Mountain Independent", "Humanity", "The Transition Handbook", "Iceland", "Center for Urban Agriculture", "Truth Dig", "Green Mountain Noise", "Reader Supported News", "fluoride", "spirits", "William Thompson", "Medicare", "shumlin", "Kevin Jenkins", "Nuclear Planet", "Mike Ludwig", "Jake Sallerson", "Catalans", "Police State", "Irexit", "Dani Hutton", "SARS CoV2", "World Cup by the Balls", "The Electric Rainbow", "Cuba", "Kylee Cushman", "Ice Barrel", "Nullification", "plandemic", "war", "Jon Rappaport", "ReLief", "Ben Hewitt", "Steven Spielberg", "3G", "Jay Craven", "Operation Popeye", "opium", "Vermont BVT", "S.79", "James Mugele", "Mask versus No Mask", "Hooker Mountain Farm", "Electile Disfunction", "zombies", "legislature", "Mike Pompeo", "Earth", "David Goodman", "Agriculture", "Truthout", "Green Party", "Constitution", "iatrogenocide", "North Daokota", "John Campbell", "holistic health", "Olympics 2018", "Truthstream Media", "Byte Burning", "1914", "Politico", "Tim Dunkin", "Meteor", "paper ballot", "40 Towns", "Black Agenda Report", "government", "VT99", "TIME magazine", "Michael Rectenwald", "sugar", "legalization", "survey", "hemp", "Summer", "Blue Ribbon Flies", "Corey Lynn", "New Jersey", "One Health", "EU", "VAERS", "currency", "Independent", "Nepal", "Ibram Kendi", "Gwen Hallsmith", "Outspoken", "Wag The Schwab", "Wolverine", "Catastrophism", "8 Ways To Create A 2VR", "Move to Canada", "Republic of Cascadia", "Rest Orton", "Dietrich Klinghardt", "Deep State Disinformation", "DHS", "Anne Vlahos", "Time To Say Goodbye", "US Empire", "USC News", "BBC", "Starksboro", "SARS CoV 2", "Toby Hemenway", "Taxing Wall Street Trades", "Human progress", "Noam Chomsky", "decentralized electrical grid", "Edward Teller", "CarShare VT", "Roe Versus Wade", "Susan Sweetin", "Victor Hugo", "Zelensky", "Nishani Kessler", "Local News", "Jesse Coomer", "World Cup", "Texas", "Ecuador", "public library", "PMAs", "Tucker Carlson", "To Die For", "Ethan Allen Institute", "Lee Merritt", "Bruce Schneier", "Logan", "Chuck MxGee and Chris Warden", "Elizabeth Olsen", "Stick Season", "Wyoming", "surfing", "Senate Intelligence Committee", "Amy Hornblas", "masking", "Havana", "Issue No. 20", "Jorma Taccone", "cookies", "decentralism", "Sued Suddenly", "10 Amendments", "Tsunamibots", "JD Thomason", "Patagonia Parque Nacional", "Monsanto", "UN", "The Post", "Cannon Ball", "Big Picture", "VIFF", "The Sweet Remains", "Hamilton Nolan", "The Walking Dead", "Globalists", "Erik Andrus", "Vermonters for a New Economy", "analysis", "citizen legislators", "Epidemic", "Wind River", "Daniel French", "Broadway", "Ron Miller", "Issue No. 11", "Champlain College", "Co-ops", "Nutrition", "saffron", "Slow Journalism", "Tom Cruise", "Censored 2019", "Harvard University", "Attorney General", "Nicholas Maduro", "Bill Kauffman", "Annette Smith", "carbon dioxide", "Catastrophic Contagion", "Issue no. 32", "Health Choice", "Issue no. 16", "wellness", "Carolyn Baker", "Brett Kavanaugh", "Balmbassadors", "Josh Schlossberg", "Mad River Valley Television", "Scott Ritter", "Never Stop Never Stopping", "#BlackLivesMatter", "Justin Timberlake", "Black Widow", "Roisin Low", "Texit", "Group Of 12", "Heady Vermont", "Learning", "Blowback", "independent media", "economic growth", "Christopher Wylie", "Q Burke", "Founders House", "Vaxxed", "Mueller Report", "Pentagon Pork", "Prejudice", "Goshen", "Year IV", "New Yorker", "Healing", "testing", "Chelsea Green", "Mickey Huff", "Bill Bergman", "Jimmy Dore Show", "Lance Dehaven-Smith", "David Sirota", "pharma", "Inauguration", "MCU", "Mountaintop Film Festival", "City Council", "Zach Exley", "Dystopia", "Andrew Harvey", "film festival", "Inaugural", "The Propaganda Model of News", "coins", "Edward Calabrese", "fly fishing", "Tim Canova", "2VR. 2nd Vermont Republic", "Jing Tian", "Nafeez Ahmed", "Department of Public Service", "Index on Censorship", "The Need To Be Whole", "marvin herndon", "fleece hat", "AIDS", "Ian Sweet", "world youth sky championships", "lishana Arta", "F-35", "State Crimes Against Democracy", "Tanya Lewis", "university", "Senator Patrick Leahy", "Ozy", "Thanksgiving", "Voter Suppression", "Scientific American", "NBC", "rally", "How To Get a 2VR Vermont independence flag", "The Great Reset And The Struggle For Liberty", "Peter Welch", "Paul Greengrass", "server farm", "PsyOps", "proxy wars", "Depolarization", "Eugenics", "SolarWiinds", "SIT", "voting integrity", "bumper sticker", "TJ Coles", "Kirkpatrick Sale", "Brave Little State", "Martin Luther King Jr", "Scotland", "Roger Albee", "MArtin Armstrong", "Steve Carell", "The Full Vermonty", "American Century", "Wim Hof", "COVID Cult", "Severe Epidemic Enterovirus Respiratory Syndrome", "Republican Party", "Guy Fawkes", "algorithmic censorship", "Insurrection", "Hank Aaron", "Rotary", "Weapons of Mass Disruption", "Ryegate", "Swiftly", "local", "Vietnam", "Caleb Elder", "London African Gospel Choir", "Vera Sharav", "Atlantic", "Nonviolent Secession", "social media", "m Vermont", "VTCC", "pathogenic pressure cooker", "Peter Jackson", "East Palestine", "Spectre", "Mad River Valley Community Fund", "greed", "Matt Damon", "TomDispatch", "Investment Zen", "We Shall Not Comply", "FarmToPlate", "Jennifer Stella", "The Nation", "Mad Blumenthal", "#Calexit", "Alternet", "Community", "China", "Kingdom County Productions", "maple syrup", "human innate immune systems", "Congress", "Governor", "virology", "Big Picture Theater", "CIA", "1VR", "virus", "Seth Leonard", "Amy Shollenberger", "Jonathan Simon", "materialism", "Harris", "V4Vermont", "Megyn Kelly", "Public $$", "imperial wars", "emergency powers", "Facebook", "food", "Lancet", "Lockheed", "Food Democracy Now", "Green Mountain Politics", "Nationalism", "Politics", "Mindset", "Charles Eisenstein", "Robert Ludlum", "Flak", "VDL", "Wikileaks", "Denver", "electile dysfunction", "Food Supply", "and Edward Herman", "Brattleboro", "election", "Issue No. 31", "Reality Check", "COLORS", "Malinformation", "Joe Dispenza", "Ajit Pai", "Jon Tota", "The Intercept", "dark money", "Air National Guard", "Localvore", "Rick Foley", "SCADS", "Bill Of Rights", "Save Our Skies", "Resource", "new knowledge", "physical distancing", "2016PresidentialCampaign", "Al Gore", "austerity", "Ohio", "Vermont Public Television", "digital democracy", "PCR Test", "Super Imperialism", "Tim Brookes", "economic lockdown", "Insurge Intelligence", "Linda Pentz Gunter", "Vermonter Poll", "GMO", "VIN", "freedom", "One Belt", "December 7", "Westminster", "Matthew Ehret", "Big Pharma", "Bioregional", "4G", "presidency", "David Ray Griffin", "MintPress News", "U.S.", "film", "Teo Zagar", "The End Of America", "Brexit", "Wall Street Journal", "NPR", "Slow Spoke", "Human Race'ism", "SNL", "culture", "The Great Reset", "human rights", "master list", "Sock Puppets", "Children's Health Defense", "Community and International Development", "yak", "In The Shadows of the American Century", "Amelia Fontein", "election fraud", "BRIGHT GREEN LIES", "Gary Flomenhoft", "Alien and Sedition Acts", "Ukraine", "Ezra Mount-Finette", "Wall Street", "The Empties", "Feces", "Brandon Zollino", "books", "Avian Flu", "Republic of Vermont", "World Doctors Alliance", "Grace Potter", "EMF Safety", "Afghanistan", "Michel Chossudovsky", "Savage Grace", "Barnard", "Vermont Stands Up", "College", "yaks", "Advertising", "Vermont'repreneur", "Taming The Tiger", "domestic terrorists", "J Marvin Herndon", "University of Vermont", "YouTube", "EF Schumacher", "Joel Berger", "US citizenship test", "James Giordano", "James Corbett", "Dunbars Number", "The Smithsonian", "Jane Lindholm", "permaculture", "Plan V-TV", "drones", "Stop 5G International", "DLC", "Food Sovereignty", "Southern Mafia", "Espionage Act", "802 Freedom", "Learning Lab", "Pyeongchang", "AI", "Terrorism", "Jeff Chester", "sovereignty", "NEK", "Center for Rural Studies", "Small Is Beautiful", "2bd Vermont Republic", "Vermont town meeting", "Our Revolution", "Nancy Ramsen", "Queen City", "PechaKucha", "IanBaldwin", "Lives", "Captain Marvel", "Richard Watts", "Human Scale Revisited", "Jr. Iron Chef", "Ken Caldeira", "Daniel Kaluuya", "Harley Schlangen", "April 1", "James O'Keefe", "Hste", "Brett Weinstein", "Holidays 2018", "Todd Phillips", "Dennis Kucinich", "running", "GOF", "Emily Soderburg", "Vermont Cannabis Collaborative", "Winooski Onion", "Front Porch Forum", "David Grant", "Fugitive Slave Law", "zombie", "Race to the Top", "Greg Guma", "Sarah Juliet Lauro", "Voting Suppression", "focused protection", "Commonwealth", "RFK Jr", "John Perkins", "Marcus Harrison Green", "House of Representatives", "Isabelle Federico", "Primary Day", "False flag", "hoisting", "Pentagon", "HAZ MAT", "David Garten", "Peter Phillips", "Issue No. 28", "Joe Biden", "#ThankYouMattDamon", "the matrix", "Mike Lofgren", "Charles Kilborn Williams", "predictive programming", "SCAD", "Donald J Trump", "weed", "Progressive Eclipse", "Ministry of Defence", "Centre for Research on Globalization", "Democracy Now", "energy independence", "Manufacturing Consent", "Substack", "vaccines", "Urban Global Health Alliance", "Del Bigtree", "VAMP", "Epistemology", "Omidyar", "TechCrunch", "Digital ID Wallet", "Artus Mas", "forced injections", "Brad Pitt", "Digital Gulag", "Breathing", "sauna", "Cyberwar", "Kristin Weitzel", "the Great Reskilling", "Alchemist Foundation", "Flag of Rough Branch", "voting", "Normalcy Bias", "Fast and Furious", "Kylee Mabel Cushman", "Green Mountains", "USA People's Convoy", "ICE", "FEdsurrection", "Montpelier", "Hervey Scudder", "Fire", "EMF. New Hampshire", "Falls", "Geoengineered Transhumanism", "Plan V", "cars", "Open Road Integrated Media", "Bloomberg News", "CEP", "Biological Illustration", "Yemen", "Filter Bubbles", "Microcontrollers", "Matthew Williams", "No Child Left Behind", "\" persistent contrails", "American Conservative", "Truth Emergency", "william boardman", "Peter Breggin", "Garry Kasparov", "Carjacked", "Original Bag Balm", "Behavioral Microtargeting", "The Real Anthony Fauci", "Vermont Independence Day", "Democratic Party", "2024 Nomination", "Beer", "Florida", "Vietnam War", "James Hogue", "Per Epsen Stoknes", "Peace In The Valley", "Vladimir Putin", "Edward Zwick", "501c4", "Tim Matson", "Chase Palmieri", "Age of Surveillance Capitalism", "Mother Jones", "Mayor", "commentary", "Abby Martin", "Susan Randall", "Alex Berenson", "Soviet Union", "Invisible Rainbow", "Peter Shumlin", "High Country News", "Thomas Naylor", "Banks", "Rob Hopkins", "Blue", "poll", "hermit thrush", "Gareth Edwards", "Charlotte", "Monica Donovan", "Angela Evancie", "the Holocaust", "Us history", "Mad River Television", "MRVTV", "MRV-TV", "The New Abnormal", "Technocracy Rising", "Denis Rancourt", "Muslim Refugee Ban", "CNBC", "2019", "Archway Publishing", "Annabelle Timsit", "Authoritarianism", "FRK Jr", "Beth Pearce", "#CannabisConversations", "The Age Of Surveillance Capitalism", "Issue No. 1", "NewYorker", "maps", "Bryan O'Hara", "Private Membership Associations", "renew America", "Scanned", "Truth Action Project", "Power", "Current Sociology", "Sonoma State University", "Issue No. 25", "Nick Brana", "transportation", "Woman", "$1.4 Trillion", "voting fraud", "Abolish the Electoral College", "Clinton Foundation", "Critical Race Theory", "peace", "Engadget", "Population Control", "Alexander Hamilton", "public health", "US corporations", "Ben Swann", "Andy Greenberg", "swine flu", "J.R.H. 3", "UVM", "Vermonters for a Clean Environment", "book reviews 350.org", "agitprop", "asymptomatic transmission", "Pat Finn", "Michael Pollan", "2016", "COVIDtastrophe", "Cooperatives", "Goddard College", "Global Protest", "Center for Research on Vermont", "Center for Research in Vermont", "Joseph Mercola", "Juan Guiado", "Muslims", "Telford Taylor", "Matt Soule", "The Long Descent", "Issue No. 10", "Inc", "Nolan Higdon", "Happiness", "Bill Moyers", "terminating", "TeamHuman", "secrecy", "Venezuela", "masks", "Vermont Public Service Board", "Green Building", "Governor Peter Shumlin", "Michael Lewis", "J.D. Thomason", "Issue No. 41", "Alfred McCoy", "UK", "Daesh", "MSNBC", "Murray Bookchin", "NewGrassRoots", "science", "Lauren Greco", "Jason R. Edgecombe", "Insane Clown President", "Plan B", "George Lakey", "Sam Bailey", "VermontStrong", "Green Mountain Access", "Vexit", "Arthur Cohn", "Iraq", "GOP", "Skull Island", "AG", "Paul Heintz", "Miles Teller", "psychology", "World Freedom Alliance", "robots", "Citizens Commission on a Public Bank", "Meryl Streep", "vaccine", "Ian Baldwin", "Rebecca Solnit", "Governor Scott", "Progressive Party", "independent music", "VICII", "Joe Rogan", "Human Augmentation", "Leahy", "honey", "neo-kinship", "George Miller", "GMFF", "mutants", "Medium", "Vermont Gas Systems", "911Truth", "Crisis Acting", "\" Sir Francis Bacon", "Michelly Rodriguez", "Henry Luce", "Splinter", "Lesie Groves", "Barack Obama", "North Korea", "Michael Che", "FPF", "Journalist", "Peak Flow", "cloud brightening", "Bob Frirakis", "Business in the Front Party in the Back", "Jimmy Dore", "Solar Radiation Management", "Bots", "Vampire Ecomony", "Nick Turse", "Bill Lee", "Standing Rock", "The Plot To Kill King", "tribalism", "5th of November", "Alison McDowell", "drugs", "UnHerd TV", "Isaac Eddy", "Guy Page", "mandates", "mask", "Imperial Boondoggle", "gun control", "Becky Bond", "failed states", "Caroline Kipp", "Lockdown", "Publisher", "Emoluments", "The Great Wall", "Jen Kimmich", "Digital Vaccines", "Liam Madden", "New Hampshire", "Taylor Silvestri", "Tom Hanks", "American Values", "Public Libraries", "Osama Bin Laden", "herd immunity", "freedoms", "SRM", "vax", "Visa", "Montana", "Industry", "Khunu", "Feral House", "Violet Blue", "Fleming Museum", "films", "Geoengineering", "Gotcha", "state convention", "Yule", "iatrogenic", "Alison Bechdel", "Paris", "public schools", "Republicans", "WPTZ", "coup d'etats", "Fire and Fury", "democracy", "Jeremy Renner", "Annie Dunn Watson", "Danika Yarosh", "family", "Every Belief Is A Lie", "Creatures", "happy birthday", "Canada", "Ireland", "real journalism", "recreational", "Issue no. 39", "Fake News", "Marcus Ruiz Evans", "Hollywood", "Issue No. 7", "lawsuit", "Critical Media Literacy Education", "Jon Margolis", "Cobie Smulders", "Paul Street", "contrails", "CDOs", "VT-FEED", "FORTUNE", "Kathmandu", "Sustainable Woodstock", "Glenn Greenwald", "Piers Robinson", "Presidential Election 2016", "Viking Economics", "Public Service Board", "University of Texas", "fishing", "Defeat The Mandates", "Greece", "Health", "Immigration", "Birgitta Jonsdottir", "GERM", "medical apartheid", "soccer", "school boards", "Backpack Journalism", "ISIL", "Bill Gates", "Fukushima", "Andrew Lohse", "tee shirt arts & culture", "Isabel Lisle", "H Bomb", "Iran", "whiskey", "Xinhua", "FDA", "Marc Gunther", "Urine", "Travis Gettys", "#BML", "David Cameron", "Clean Heat Standard", "Wood Meadow Market", "free vermont", "military", "Strength", "Injections", "\"culturally affirming spaces\"", "150", "Chemtrails", "EconEcos", "PMON", "Upcycling", "Finance", "Austin Walter", "RachelCarter", "SMART Health Card", "smallpox", "350.org", "coop", "David Talbot", "Frank Bryan", "derivatives", "World War II", "Gene Sharp.", "PCR testing", "John Whitehead", "Ben and Jerry's", "automobility", "Elana Freeland", "Democracy Spring", "Farce", "Gifts", "Julian Assange", "Katherine Lewis", "Kempton Randolph", "ReBuild", "SunCommon", "president", "The Retro Future", "TruthInMedia", "Zion", "South Korea", "Second Vermont Republic", "Unlimited Hangout", "economic lockdowns", "Penguin Books", "Valentines Day", "CCV", "VEOC", "Wrench in the Gears", "ReStore", "PMON 2.0", "sky watching", "The Sublime Object of Ideology", "Charlie Cooper", "WGDR", "Max Blumenthal", "microwaves", "Machines", "bioenergy", "Nano Defense", "Social-Darwinism", "Lincoln Earle-Centers", "Emily Peyton", "US Utility Grid", "Expand Your Bubble", "Hack", "Rutland", "VT", "Harwood Union High School", "drone war", "cold", "Justin Johnson", "Canton Model", "Khalil Mirza", "Michael Colby", "vaccine choice", "Jack Johnson", "High Wire", "Intercept", "Crimson Contagion", "Mission:Impossible", "WashPo", "VSU", "1% Go Boom", "Poetry", "Center for Digital Democracy", "Operation Indigo Skyfall", "Electricity", "Night of The Living Dead", "William Pepper", "Vermont Public Bank", "integrity initiative", "Fifth Generation Warfare", "Citizens", "Donal Trump", "Schuman Resonance", "One Road", "Columbia Journalism Review", "Dwayne Johnson", "Jared Fesler", "Mark Crispin Miller", "logging", "Helen Whybrow", "Breathwork", "revolutionary", "Commons", "potluck", "Wake Up The Sun", "The Age of Suriveillane Capitalism", "Johan Galtung", "Korean Dream", "Data Exhaust", "Vijay Prashad", "Burke Mountain", "Firearms", "Deep State", "Ex Machina", "exploitation", "wifi", "Tulsi Gabbard", "1984", "BALLE", "sockpuppets", "Stress", "Super Bowl Sunday", "press", "The Invisible Rainbow", "Vaccine Passports", "Greenwald", "Aaron Kheriaty", "geophysics", "maple", "pen", "Resistance", "Susan Clark", "Richard Nixon", "The Atlantic", "Winter 2019", "MRV", "Juan Guaido", "Deerfield River", "Robert Mercer", "Cause Unknown", "Tao Orion", "trans humanism", "Braver Angels", "9/11", "King Donald", "Regeneration Vermont", "TraceGrains", "voter fraud", "Lockheed Martin", "Build Back Better", "New York", "World Press Freedom", "Richard Cheney", "constitutional convention", "Her", "Rogue Herbalist", "Ethan Allen Homestead", "pseudo science", "election integrity", "Benjamin Brown", "James Marc Leas", "Universal Declaration of Human Rights", "Ben Hardy", "Mike Prysner", "Amy M. Kirschner", "book", "consolidation", "H 6011", "Rick Gordon", "Arab Spring", "VEC", "2016 Election", "Press Conference", "bio-psycho-social profiling", "Paul Ghiozzi", "doug fine", "Daily Clout", "regulation", "HempFest", "Public Communication", "The Rise and Decline Of US Global Power", "Andrew Wakefield", "MLK", "Panopticon", "Election 2016", "Rob Williams", "Russia", "Morrisville", "Jared Bernstein", "Livestream", "elective dysfunction", "El Intermedio", "Happy Thanksgiving", "Misinformation", "Sue Minter", "Yes! Magazine", "energy", "policies", "RAND", "Miranda Bailey", "Indigenous People's Day", "Indie Music", "The Contagious Myth", "Yes California", "Darth Vader", "Day Of Protest", "Washington Examiner", "Rising Tide VT", "direct democracy", "People's Inquiry", "SandiaLabs", "Republican governor Phil Scott", "Unaffordable heat act", "Poor People's March", "News", "Good Reads", "Phil Scott", "POTUS", "US of Empire", "Mask Survey", "Cochran Report", "Snapchat", "hemp flag", "S.5", "2ndVermontRepublic", "5G. Internet of Things", "Basha Al Assad", "The News That Didn't Make The News", "statehouse", "Vidda Crochetta", "NFL", "indy book store", "Rosanne Greco", "Australia", "Hamiltonys", "Mise En Place", "Black Radio Agenda", "Cory Morningstar", "passports", "Under An Ionized Sky", "James Nestor", "digital media", "Sophia McClennen", "pasta", "Nathan Newman", "Massachusetts Forest Watch", "Anna Smith", "Numb", "filmmaking", "anarchism", "civil rights", "H 308", "biomass", "coup d'\u00e9tat", "Election Justice USA", "Erin Connor", "The Great Auction of 2017", "The Independents", "viruses", "Jordan B Peterson", "Charlotte Brynn", "Color Revolution", "Blackrock", "Pentagon Papers", "Chris Pratt", "Patagonia", "2020 Election", "Nature Communications", "brook trout", "data", "The Town That Food Saved", "2018", "Ellen Brown", "Germany", "RussiaGate", "Jim Condos", "Jeff Danziger", "Islam", "SEERS", "George A. Romero", "Amy Carst", "Kevin Wormersley", "Stowe", "Tessa Lena", "the lobby", "MINT", "etc", "Martin Jacques", "Issue no. 18", "Mad Music", "KPFA", "National Farmers Market Week", "Russia Hack", "corona crisis", "mRNA", "Dairy", "Adventure Journal", "John Ford", "Twitter", "Rebecca Hougher", "Issue no. 33", "Human Activation Movement", "NSA", "Issue No. 9", "Donald", "What's In A Name?", "US Congress", "Elizabeth Hewitt", "Know Thy Farmer", "public banks", "Stanford University", "Telecom", "corona", "Alex Shashkevich", "Big Picture Theatre", "Winter Oak", "Deep States", "January 6th", "Mint Press", "John Michael Greer", "Propaganda In Focus", "Social Profit Handbook", "fracking", "automobiles", "Julian Wilson", "The Republic of Vermont", "werewolves", "ElectionJusticeUSA", "Knoll Farm", "Burlington Free Press", "COZviD", "The New Economistas", "July 4", "GIANTS", "Academic Freedom", "Health Choice Vermont", "the Gray Zone", "350.org. Amy Goodman", "bees", "Stakeholders", "Media", "music", "NoDAPL. Standing Rock", "October 1", "Paul Bean", "geh High Wire", "Gaslighting", "Yuval Harari", "Sarah Lazare", "Woody Tasch", "Vermontijuana", "Cabin Talk", "Institute for Self Reliance", "Jim Douglass", "collapse", "\"", "The Big Short", "Hormesis", "TruthDig", "Medicaid", "the Psychology of Totalitarianism", "Dr. Michael Yeadon", "Coca-Cola", "Jonathan Morgan", "Live Science", "April Fools", "Matthew Cropp", "pandemic", "Robert Epstein", "corona virus", "4th Industrial Revolution", "MSM", "Thought Revolution", "EPA", "ElectJake", "Green Mountain Boys", "Joe Rogan Experience", "#vanlife", "Russia Today", "Michael Wood-Lewis", "Agency of Education", "Chile", "Scarlett Johannson", "Emily Oster", "infrastructure", "James Roguski", "natural immunity", "US Army War College", "Middle East", "Whistleblowers", "#JustSayin", "#1", "George Orwell", "Spain", "SPR", "Progressive", "Christopher Rufo", "Issue No. 24", "Vermont Commons", "Ron Chernow", "electrical grid", "Miss Vermont 2017", "Circus", "Ron Schmid", "Automation", "July 7", "Communal Liberty", "Vermont Intelligence Center", "Coronavirus", "Elizabeth Murray", "crisis", "Health Freedom", "Never Go Back", "Yvon Chouinard", "festival", "Renewable Energy", "StoriesOfAmerica", "Clifton Duncan", "Vermonters", "Vermont Law School", "Issue No.2", "Resilience", "Stateless News", "Reluctant Activist", "Cybersecurity Information Sharing Act", "Google. censorship", "JP Sears", "Andrew Yang", "Cyborg", "DJT", "silver coin", "Stop The F-35", "Star Wars", "ANR", "CA", "Tom Woods", "Saturday Night Live", "For The Dream", "Daniel Buck", "Spiderman Homecoming", "Young Global Leaders", "Useful Idiots", "Rowan Jacobsen", "military industrial complex", "Robin McDermott", "independence referendum", "natural herd immunity", "New York City", "JJ Couey", "Elon Musk", "Zhang Yimou", "Colbyville", "Campaign for Safe Cosmetics", "Anthony Fauci", "Clairview Press", "Mnar Muhawesh", "public banking", "Burlington Currency Project", "2030", "nuclear testing", "Congressman Peter Welch", "2022", "2020 Presidency", "Renee Descartes", "Teaching", "Get Out", "Pence", "class warfare", "John Perry Barlow", "Per Stoknes", "poverty", "James McTeigue", "Lone Star Republic", "Woke", "Paul Craig Roberts", "Burlington", "Northview Magazine", "Team Human", "Voices For Choice", "Internet", "COG", "Permaculture City", "Ben Falk", "Alexander Solzhenitsyn", "The Wim Hof Method", "Andy Lee Roth", "Jordan Peale", "Two-party system", "1/6", "FOIA", "scandal", "USSR", "Jordan Peterson", "Millenials", "Peter Dale Scott", "Technocrats", "snow", "Melissa and Aaron Dykes", "Project Censored", "Chellis Glendinning", "Jeremy Scahill", "contest", "H1N1", "EMF", "William Blum", "Las Vegas", "Taotie", "Breath", "Censored 2018", "1968", "Arthur Firstenberg", "Senator Bernie Sanders", "Masanobu Fukuoka", "1% for the Planet", "COVID", "secede", "Full Spectrum Dominance", "Simon and Schuster", "Glenn Ford", "March 9", "Peter Barnes", "Amy Goodman", "Canadian COVID Care Alliance", "independence", "Bill McKibben", "HR 6666", "Mud Season", "Illuminati", "bill clinton", "Five Families Fund", "James Earl Ray", "ReTrain", "Switzerland", "Hannah Arendt", "Notes From Underground", "In The Weeds. Joseph Smith", "Town Meeting Day", "American Secession", "stickers", "Jim Douglas", "Vin Diesel", "town meeting", "LEAP", "Project Montauk", "ice pool", "Algorithmic Ghetto", "Psychology of Totalitarianism", "democratic socialism", "Age of Geoengineering", "Ice Age Farmer", "Waitsfield", "Jacob Siegel", "Infographic", "militarism", "rising tide", "Oh Canada", "X Men", "PHEIC", "Unherd", "economics", "Connecticut River", "Green Mountain Film Festival", "Affordable Clean Heat Act", "Infocalypse", "Michael Taub", "undead", "Anna Tadio", "2016 Presidential Election", "Waterbury", "Executive Order", "Alexandra Bruce", "marijuana", "Lisa Schermerhorn", "VTXC", "Tom Garris", "Elana Cole", "People's Party", "Celine Pascale", "universal healthcare", "Alison Despathy", "Malcolm Gladwell", "Mike Merenda", "the 4th Industrial Revolution", "USAF", "Cambridge Analytica", "leadership", "McCarthyism", "Jim Hogue", "Rat Park", "The Local Politics of Global Sustainability", "Guy Fawkes Day", "OPEN LETTER", "Charlize Theron", "Reuters", "solar power", "Ken Williams", "America", "photographer", "UBI", "FTA", "Issue No. 35", "Karl Marx", "The Whether Report", "vino", "reservation", "Global War On Terror", "Plan V-TV. Vermont", "Those Turbulent Sons Of Freedom", "Fro Pro", "solar energy", "The Zombie Manifesto", "Jon Rappoport", "Wikipedia", "Virtual Dating", "paxil", "ViralResilience", "Lauren Knopp", "pop culture", "We Do Not Consent", "Hemp Fest", "NYC"], "tweets": [], "movies": [{"embed_type": "iframe", "provider": "youtube", "width": "1220", "height": "687", "embed_code": "<iframe loading=\"lazy\" class=\"youtube-player\" width=\"1220\" height=\"687\" src=\"https://www.youtube.com/embed/BjbB5mVBh74?version=3&amp;rel=1&amp;showsearch=0&amp;showinfo=1&amp;iv_load_policy=1&amp;fs=1&amp;hl=en-US&amp;autohide=2&amp;wmode=transparent\" allowfullscreen=\"true\" style=\"border:0;\" sandbox=\"allow-scripts allow-same-origin allow-popups allow-presentation\"/>", "src": "https://www.youtube.com/embed/BjbB5mVBh74?version=3&rel=1&showsearch=0&showinfo=1&iv_load_policy=1&fs=1&hl=en-US&autohide=2&wmode=transparent"}, {"embed_type": "iframe", "provider": "youtube", "width": "1220", "height": "687", "embed_code": "<iframe loading=\"lazy\" class=\"youtube-player\" width=\"1220\" height=\"687\" src=\"https://www.youtube.com/embed/N9PdZn_Yd5w?version=3&amp;rel=1&amp;showsearch=0&amp;showinfo=1&amp;iv_load_policy=1&amp;fs=1&amp;hl=en-US&amp;autohide=2&amp;wmode=transparent\" allowfullscreen=\"true\" style=\"border:0;\" sandbox=\"allow-scripts allow-same-origin allow-popups allow-presentation\"/>", "src": "https://www.youtube.com/embed/N9PdZn_Yd5w?version=3&rel=1&showsearch=0&showinfo=1&iv_load_policy=1&fs=1&hl=en-US&autohide=2&wmode=transparent"}, {"embed_type": "iframe", "provider": "youtube", "width": "1220", "height": "687", "embed_code": "<iframe loading=\"lazy\" class=\"youtube-player\" width=\"1220\" height=\"687\" src=\"https://www.youtube.com/embed/mUlDeCRDLnU?version=3&amp;rel=1&amp;showsearch=0&amp;showinfo=1&amp;iv_load_policy=1&amp;fs=1&amp;hl=en-US&amp;autohide=2&amp;wmode=transparent\" allowfullscreen=\"true\" style=\"border:0;\" sandbox=\"allow-scripts allow-same-origin allow-popups allow-presentation\"/>", "src": "https://www.youtube.com/embed/mUlDeCRDLnU?version=3&rel=1&showsearch=0&showinfo=1&iv_load_policy=1&fs=1&hl=en-US&autohide=2&wmode=transparent"}], "links": ["https://www.linkedin.com/in/geertvandenbossche/detail/recent-activity/shares/", "https://coronanews123.wordpress.com/2021/03/13/former-gates-foundation-vaccine-scientist-calls-for-halt-to-vaccinations-predicts-wipe-out-of-populations/", "https://www.rosemaryfrei.ca/blog/", "https://www.patreon.com/vermontindependent?fan_landing=true"], "authors": [], "publish_date": null}