{"result_id": "311039", "URL": "https://www.wakingtimes.com/corporate-media-largely-silent-as-millions-protest-vaccine-mandates-worldwide/", "timestamp": "2023-04-25 17:39:20 CEST+0200", "meta": {"description": "Matt Agorist - When massive crowds take to the streets to have their anti-establishment voices heard, it\u2019s crickets on FOXSNBCNN.", "lang": "en", "keywords": "", "favicon": "https://www.wakingtimes.com/wp-content/uploads/2020/04/cropped-waking-times-round-logo-32x32.png", "canonical": "https://www.wakingtimes.com/corporate-media-largely-silent-as-millions-protest-vaccine-mandates-worldwide/", "encoding": "UTF-8"}, "image": null, "domain": "www.wakingtimes.com", "title": "Corporate Media Largely Silent as Millions Protest Vaccine Mandates Worldwide", "cleaned_text": "When protests in the United States happen that help the establishment in some way, whether by stoking divide or pushing an establishment agenda, corporate media is all over them, bombarding us with news of packed streets. However, when massive crowds take to the streets to have their anti-establishment voices heard, it\u2019s crickets on FOXSNBCNN.\n\nSuch is the case recently as millions of people across the world have taken to the streets to protest the draconian laws which segregate society and deprive people of their freedoms over their choice in taking a vaccine they may not even need.\n\nOne place, in particular, that is currently seeing massive protests is Italy whose government just passed the strictest vaccine mandate in Europe. Starting on October 15, Italy begins enforcing the new workplace green pass requirement. If employees cannot show proof of vaccination, they will not be allowed to go to work nor will they be able to enter any public places like restaurants, theaters, gyms, etc.\n\nIf an Italian citizen misses five days of work by failing to comply with the new mandate, the government forces their employer to stop paying them. If employees are caught working without a green pass, the state will extort them to the tune of $2,100 per instance.\n\nNaturally, moves like this have pissed a lot of people off. It is well known now that the antibodies from the covid vaccines fade over time, which is why Israel is now requiring boosters for all of their citizens. It is also well known that immunity from natural infection is far superior to the vaccine.\n\nA person who had the jab back in January and likely has very few antibodies left is considered \u201cgreen.\u201d However, at the same time, a person who may have caught covid last month and recovered, thereby drastically reducing their ability to catch and spread the disease, is considered a threat and cannot go to work or public places. There is zero logic in these mandates, which prove one thing \u2014 they are about control \u2014 not your safety.\n\nThis is why people are in the streets across the country and all over Europe and Australia. Civil disobedience is their only option left as they are forced out of their jobs, denied entry into public places, and forbidden from travelling.\n\nAs the mainstream media refuses to question the idea behind mandating vaccinations, they have made their role clear in this tyranny as enablers. This should come as no surprise either given the money that pours into their coffers from the ones who stand to gain the most from vaccine mandates \u2014 big pharma.\n\nAs we are currently witnessing with their silence in regard to vaccine mandate protests, it is no secret that the pharmaceutical industry wields immense control over the government, big tech, and the media. It is their control which keeps this and any other negative press about their products from seeing the light of day. However, most people likely do not know the scope of this control.\n\nAs Mike Papantonio, attorney and host of the international television show America\u2019s Lawyer, explains, with the exception of CBS, every major media outlet in the United States shares at least one board member with at least one pharmaceutical company. To put that into perspective: These board members wake up, go to a meeting at Merck or Pfizer, then they have their driver take them over to a meeting with NBC to decide what kind of programming that network is going to air.\n\nWe have even reported incidents in which reporters have been cut off by the network for mentioning the connection on air. In a clear example of how beholden mainstream media is to the pharmaceutical industries who manufacture and market these drugs, FOX News\u2019 Sean Hannity was recorded in 2018, blatantly cutting off a reporter who dared mention Nikolas Cruz\u2019s reported association with antidepressants.\n\nIn the report below, Papantonio explains how the billions of dollars big pharma gives to mainstream media outlets every year is used to keep them subservient and complicit in covering up the slew of deadly side effects from their products.\n\nAs we can see with the current censorship and narrative control in regard to those questioning the safety of the COVID-19 vaccines, big pharma wields massive control over the information you are allowed to talk about and consume. Once we zoom out and see the entire situation, it becomes exceedingly evident as to why Facebook, Twitter, YouTube, and the rest of Big Tech, have made it their mission to wipe out any and all content that questions the \u201cofficial narrative.\u201d\n\nMatt Agorist is an honorably discharged veteran of the USMC and former intelligence operator directly tasked by the NSA. This prior experience gives him unique insight into the world of government corruption and the American police state. Agorist has been an independent journalist for over a decade and has been featured on mainstream networks around the world. Agorist is also the Editor at Large at the Free Thought Project. Follow @MattAgorist on Twitter, Steemit, and now on Minds.\n\nLike Waking Times on Facebook. Follow Waking Times on Telegram.", "opengraph": {"locale": "en_US", "type": "article", "title": "Corporate Media Largely Silent as Millions Protest Vaccine Mandates Worldwide", "description": "Matt Agorist - When massive crowds take to the streets to have their anti-establishment voices heard, it\u2019s crickets on FOXSNBCNN.", "url": "https://www.wakingtimes.com/corporate-media-largely-silent-as-millions-protest-vaccine-mandates-worldwide/", "site_name": "Waking Times", "article:published_time": "2021-10-14T19:31:16+00:00", "article:modified_time": "2021-10-14T19:33:47+00:00", "image": "https://www.wakingtimes.com/wp-content/uploads/2021/10/mass-protests-1050x525-1.jpg", "image:width": "751", "image:height": "500", "image:type": "image/jpeg"}, "tags": [], "tweets": ["<blockquote class=\"twitter-tweet\"><p dir=\"ltr\" lang=\"en\">Large protesters once again in Paris, France against the domestic vaccine passes.</p><p>Protests in France have been going on for thirteen consecutive weeks against the governments vaccine pass. <a href=\"https://t.co/3Xznc9m5b5\">pic.twitter.com/3Xznc9m5b5</a></p><p>\u2014 Marie Oakes (@TheMarieOakes) <a href=\"https://twitter.com/TheMarieOakes/status/1446838674939944966?ref_src=twsrc%5Etfw\">October 9, 2021</a></p></blockquote>", "<blockquote class=\"twitter-tweet\"><p dir=\"ltr\" lang=\"en\">EXCLUSIVE COVERAGE: NYC NO VACCINE PASSPORT/MANDATE PROTEST Walk Out #2 <a href=\"https://t.co/27ltOvB3gY\">https://t.co/27ltOvB3gY</a> <a href=\"https://t.co/zuFtd12kOQ\">pic.twitter.com/zuFtd12kOQ</a></p><p>\u2014 Atlas Shrugs (@atlasshrugs) <a href=\"https://twitter.com/atlasshrugs/status/1446131725893980164?ref_src=twsrc%5Etfw\">October 7, 2021</a></p></blockquote>", "<blockquote class=\"twitter-tweet\"><p dir=\"ltr\" lang=\"en\">NOW \u2013 Large protest against the vaccine passport in <a href=\"https://twitter.com/hashtag/Rome?src=hash&amp;ref_src=twsrc%5Etfw\">#Rome</a>, Italy. From October 15, the health pass will be compulsory for Italians to get to their places of work, both in the private and public sectors.<a href=\"https://t.co/cxC8Vbo6TB\">pic.twitter.com/cxC8Vbo6TB</a></p><p>\u2014 Disclose.tv (@disclosetv) <a href=\"https://twitter.com/disclosetv/status/1446867103932469251?ref_src=twsrc%5Etfw\">October 9, 2021</a></p></blockquote>", "<blockquote class=\"twitter-tweet\"><p dir=\"ltr\" lang=\"en\">Protesters are beginning to gather in New York City to protest against the vaccine mandate. <a href=\"https://t.co/flFtoSiWvj\">pic.twitter.com/flFtoSiWvj</a></p><p>\u2014 Marie Oakes (@TheMarieOakes) <a href=\"https://twitter.com/TheMarieOakes/status/1446893754703568900?ref_src=twsrc%5Etfw\">October 9, 2021</a></p></blockquote>", "<blockquote class=\"twitter-tweet\"><p dir=\"ltr\" lang=\"en\">California USA Flag of United States \u2013 Protests at the CNN Building</p><p>No Vaccine Mandates \u2013 We Will Not Comply<a href=\"https://twitter.com/hashtag/CNN?src=hash&amp;ref_src=twsrc%5Etfw\">#CNN</a> <a href=\"https://twitter.com/hashtag/NoVaccineMandates?src=hash&amp;ref_src=twsrc%5Etfw\">#NoVaccineMandates</a> <a href=\"https://twitter.com/hashtag/wef?src=hash&amp;ref_src=twsrc%5Etfw\">#wef</a> <a href=\"https://twitter.com/hashtag/Pfizer?src=hash&amp;ref_src=twsrc%5Etfw\">#Pfizer</a> <a href=\"https://twitter.com/hashtag/Moderna?src=hash&amp;ref_src=twsrc%5Etfw\">#Moderna</a> <a href=\"https://t.co/suLzbNBFa9\">pic.twitter.com/suLzbNBFa9</a></p><p>\u2014 Protest News (@PROTEST__NEWS) <a href=\"https://twitter.com/PROTEST__NEWS/status/1447119427435171842?ref_src=twsrc%5Etfw\">October 10, 2021</a></p></blockquote>"], "movies": [{"embed_type": "iframe", "provider": "youtube", "width": "1180", "height": "664", "embed_code": "<iframe loading=\"lazy\" title=\"The US Drug Companies Completely Own Our Mainstream Media\" width=\"1180\" height=\"664\" src=\"https://www.youtube.com/embed/giVY-Qnqd5Q?feature=oembed\" frameborder=\"0\" allow=\"accelerometer; autoplay; clipboard-write; encrypted-media; gyroscope; picture-in-picture\" allowfullscreen=\"\"/>", "src": "https://www.youtube.com/embed/giVY-Qnqd5Q?feature=oembed"}], "links": ["https://www.wakingtimes.com/wp-content/uploads/2021/10/mass-protests-1050x525-1.jpg", "https://twitter.com/share?ref_src=twsrc%5Etfw", "https://www.pinterest.com/pin/create/button/", "https://thefreethoughtproject.com/corporate-media-silent-massive-worldwide-protests/", "https://www.wakingtimes.com/corporate-media-largely-silent-as-millions-protest-vaccine-mandates-worldwide/", "https://t.co/3Xznc9m5b5", "https://twitter.com/TheMarieOakes/status/1446838674939944966?ref_src=twsrc%5Etfw", "https://t.co/27ltOvB3gY", "https://t.co/zuFtd12kOQ", "https://twitter.com/atlasshrugs/status/1446131725893980164?ref_src=twsrc%5Etfw", "https://twitter.com/hashtag/Rome?src=hash&ref_src=twsrc%5Etfw", "https://t.co/cxC8Vbo6TB", "https://twitter.com/disclosetv/status/1446867103932469251?ref_src=twsrc%5Etfw", "https://t.co/flFtoSiWvj", "https://twitter.com/TheMarieOakes/status/1446893754703568900?ref_src=twsrc%5Etfw", "https://twitter.com/hashtag/CNN?src=hash&ref_src=twsrc%5Etfw", "https://twitter.com/hashtag/NoVaccineMandates?src=hash&ref_src=twsrc%5Etfw", "https://twitter.com/hashtag/wef?src=hash&ref_src=twsrc%5Etfw", "https://twitter.com/hashtag/Pfizer?src=hash&ref_src=twsrc%5Etfw", "https://twitter.com/hashtag/Moderna?src=hash&ref_src=twsrc%5Etfw", "https://t.co/suLzbNBFa9", "https://twitter.com/PROTEST__NEWS/status/1447119427435171842?ref_src=twsrc%5Etfw", "https://www.levinlaw.com/america-lawyer", "https://thefreethoughtproject.com/watch-fox-news-cuts-off-reporter-links-psychotropic-drugs-florida-shooter/", "https://twitter.com/MattAgorist", "https://steemit.com/@tftproject", "https://www.minds.com/mattagorist", "https://www.facebook.com/WakingTimes", "https://t.me/wakingtimes", "https://twitter.com/share?ref_src=twsrc%5Etfw", "https://www.pinterest.com/pin/create/button/"], "authors": ["WakingTimes"], "publish_date": "2021-10-14T19:31:16+00:00"}