{"result_id": "313004", "URL": "https://thoughtcatalog.com/juliet-lanka/2018/03/30-extremely-dirty-jokes-youll-want-to-tell-your-best-friends-but-never-your-parents/", "timestamp": "2023-04-25 17:39:53 CEST+0200", "meta": {"description": "What did Cinderella do when she got to the ball? She gagged.", "lang": "en", "keywords": "", "favicon": "https://thoughtcatalog.com/wp-content/uploads/2020/09/cropped-favicon-512x512-1-1.png?w=32", "canonical": "https://thoughtcatalog.com/juliet-lanka/2018/03/30-extremely-dirty-jokes-youll-want-to-tell-your-best-friends-but-never-your-parents/", "encoding": "UTF-8"}, "image": null, "domain": "thoughtcatalog.com", "title": "30 Extremely Dirty Jokes You\u2019ll Want To Tell Your Best Friends (But Never Your Parents)", "cleaned_text": "1. Why did the sperm cross the road?\n\n2. What do you do when you come across an elephant in the jungle?\n\n3. Why do mice have such small balls?\n\n4. What do you do if your wife starts smoking?\n\n5. A guy is sitting at the doctor\u2019s office.\n\n6. What\u2019s the best thing about fingering a gypsy on her period?\n\n7. What\u2019s worse than ants in your pants?\n\n8. What did Cinderella do when she got to the ball?\n\n9. How do you know that you have a high sperm count?\n\n10. Three tampons are sitting at a bus stop. What do they say to each other?\n\n11. If a midget tells you your hair smells nice\u2026\n\n12. How do you get a Nun pregnant?\n\n13. Know what old pussy tastes like?\n\n14. If women drink a glass of red wine, it increases the chance of a stroke.\n\n15. How do you find a blind man on a nude beach\n\n18. What\u2019s the difference between a lentil and a chickpea?\n\n19. Two deer walk out of a gay bar\u2026\n\n20. A man is sitting at the bar, his head in his hands.\n\nMan: It\u2019s the worst thing ever. I caught my wife in bed with my best friend. Bartender: Oh man that really sucks! What did you do? Man: I told her to pack her shit and get the hell out! Bartender: What about your best friend? Man: I looked him straight in the eyes and said BAD DOG!\u201d \u2014 sinister_compliment\n\n21. What\u2019s the difference between an oral and a rectal thermometer?\n\n22. What does Trisha put behind her ears to attract men?\n\n23. What did one lesbian vampire say to another lesbian vampire?\n\n24. What\u2019s the worst part about going down on your grandmother?\n\n\u201cBanging your head on the lid of the coffin.\u201d \u2014 JJayerson\n\n25. A woman walks into a bar and asks the bartender for a double entendre.\n\n\u201cSo he gives it to her.\u201d \u2014 SonOfTheShire\n\n26. What\u2019s the difference between hungry and horny?\n\n27. Why does Dr. Pepper come in a can?\n\n28. Three women are sitting at a bar arguing over who has the biggest vagina.\n\n\u201cThe first girl says, \u2018My boyfriend can fit a whole fist up there.\u2019 The second girl says, \u2018Ha, my boyfriend can fit two fists and a foot.\u2019 The third girl just smiles as she slides down the bar stool.\u201d \u2014 Belexa\n\n29. What does a leper say after having sex with a prostitute?\n\n30. What do you call the lesbian version of a cock block?", "opengraph": {"type": "article", "title": "30 Extremely Dirty Jokes You\u2019ll Want To Tell Your Best Friends (But Never Your Parents)", "url": "https://thoughtcatalog.com/juliet-lanka/2018/03/30-extremely-dirty-jokes-youll-want-to-tell-your-best-friends-but-never-your-parents/", "description": "What did Cinderella do when she got to the ball? She gagged.", "article:published_time": "2018-03-12T15:30:08+00:00", "article:modified_time": "2018-03-17T02:49:46+00:00", "site_name": "Thought Catalog", "image": "https://thoughtcatalog.com/wp-content/uploads/2018/03/lana-abie-581813-unsplash.jpg?w=1536&h=768&crop=1", "image:width": "1536", "image:height": "768", "image:alt": "A dirty picture", "locale": "en_US"}, "tags": ["Dirty Jokes", "Reddit", "Dirty", "TC-Trending", "Jokes", "After Dark", "Ask Reddit"], "tweets": [], "movies": [], "links": ["https://www.reddit.com/r/AskReddit/comments/832x7k/whats_your_favorite_dirty_joke/", "https://thoughtcatalog.com/juliet-lanka/2018/03/30-extremely-dirty-jokes-youll-want-to-tell-your-best-friends-but-never-your-parents/lana-abie-581813-unsplash/", "https://www.reddit.com/r/AskReddit/comments/832x7k/whats_your_favorite_dirty_joke/dvexoum/", "https://www.reddit.com/r/AskReddit/comments/832x7k/whats_your_favorite_dirty_joke/dveu673/", "https://www.reddit.com/r/AskReddit/comments/832x7k/whats_your_favorite_dirty_joke/dvev5so/", "https://www.reddit.com/r/AskReddit/comments/832x7k/whats_your_favorite_dirty_joke/dvex2t0/", "https://www.reddit.com/r/AskReddit/comments/832x7k/whats_your_favorite_dirty_joke/dvezcui/", "https://www.reddit.com/r/AskReddit/comments/832x7k/whats_your_favorite_dirty_joke/dvexn65/", "https://www.reddit.com/r/AskReddit/comments/832x7k/whats_your_favorite_dirty_joke/dvf06mn/", "https://www.reddit.com/r/AskReddit/comments/832x7k/whats_your_favorite_dirty_joke/dveqd3b/", "https://www.reddit.com/r/AskReddit/comments/832x7k/whats_your_favorite_dirty_joke/dvetcd5/", "https://thoughtcatalog.com/e-z-morgan/2016/08/i-was-offered-a-very-generous-settlement-not-to-tell-you-the-disgusting-truth-of-the-tampon-recall/", "https://www.reddit.com/r/AskReddit/comments/832x7k/whats_your_favorite_dirty_joke/dvepxzt/", "https://www.reddit.com/r/AskReddit/comments/832x7k/whats_your_favorite_dirty_joke/dvewnde/", "https://www.reddit.com/r/AskReddit/comments/832x7k/whats_your_favorite_dirty_joke/dvesy51/", "https://www.reddit.com/r/AskReddit/comments/832x7k/whats_your_favorite_dirty_joke/dveww7s/", "https://www.reddit.com/r/AskReddit/comments/832x7k/whats_your_favorite_dirty_joke/dvf7mkq/", "https://thoughtcatalog.com/lily-chen/2017/09/clothing-optional-what-its-like-to-be-a-nudist/", "https://www.reddit.com/r/AskReddit/comments/832x7k/whats_your_favorite_dirty_joke/dvf1y0b/", "https://www.reddit.com/r/AskReddit/comments/832x7k/whats_your_favorite_dirty_joke/dvey3xf/", "https://www.reddit.com/r/AskReddit/comments/832x7k/whats_your_favorite_dirty_joke/dvf10qs/", "https://www.reddit.com/r/AskReddit/comments/832x7k/whats_your_favorite_dirty_joke/dvetnzx/", "https://www.reddit.com/r/AskReddit/comments/832x7k/whats_your_favorite_dirty_joke/dvflide/", "https://www.reddit.com/r/AskReddit/comments/832x7k/whats_your_favorite_dirty_joke/dvexkak/", "https://www.reddit.com/r/AskReddit/comments/832x7k/whats_your_favorite_dirty_joke/dvf3rkx/", "https://www.reddit.com/r/AskReddit/comments/832x7k/whats_your_favorite_dirty_joke/dvf5cja/", "https://www.reddit.com/r/AskReddit/comments/832x7k/whats_your_favorite_dirty_joke/dveyf6r/", "https://www.reddit.com/r/AskReddit/comments/832x7k/whats_your_favorite_dirty_joke/dvewpxq/", "https://www.reddit.com/r/AskReddit/comments/832x7k/whats_your_favorite_dirty_joke/dvf7yoy/", "https://www.reddit.com/r/AskReddit/comments/832x7k/whats_your_favorite_dirty_joke/dveuual/", "https://www.reddit.com/r/AskReddit/comments/832x7k/whats_your_favorite_dirty_joke/dveqd3b/", "https://thoughtcatalog.com/lorenzo-jensen-iii/2015/11/15-men-describe-the-perfect-vagina/", "https://www.reddit.com/r/AskReddit/comments/832x7k/whats_your_favorite_dirty_joke/dvevr9j/", "https://www.reddit.com/r/AskReddit/comments/832x7k/whats_your_favorite_dirty_joke/dvewy9x/", "https://www.reddit.com/r/AskReddit/comments/832x7k/whats_your_favorite_dirty_joke/dvext0q/"], "authors": [], "publish_date": "2018-03-12T15:30:08+00:00"}