{"result_id": "314016", "URL": "http://thoughtcrimeradio.net/2019/04/bombshell-corvelva-releases-next-vaccine-analysis-results/", "timestamp": "2023-04-25 17:40:33 CEST+0200", "meta": {"description": "", "lang": "en", "keywords": "", "favicon": "data:image/x-icon;,", "canonical": "http://thoughtcrimeradio.net/2019/04/bombshell-corvelva-releases-next-vaccine-analysis-results/", "encoding": "utf-8"}, "image": null, "domain": "thoughtcrimeradio.net", "title": "", "cleaned_text": "For full functionality of this site it is necessary to enable JavaScript. Here are the instructions how to enable JavaScript in your web browser", "opengraph": {}, "tags": [], "tweets": [], "movies": [], "links": ["https://www.enable-javascript.com/"], "authors": [], "publish_date": null}