{"result_id": "316046", "URL": "http://www.thrivemovement.com/thrive-update-plan-for-2013-kimberly-carter-gamble", "timestamp": "2023-04-25 17:42:53 CEST+0200", "meta": {"description": "VIDEO update on the THRIVE Movement from filmmaker, Kimberly Carter Gamble.", "lang": "en", "keywords": "", "favicon": "/images/favicon.ico", "canonical": "http://www.thrivemovement.com/thrive-update-plan-for-2013-kimberly-carter-gamble", "encoding": "utf-8"}, "image": null, "domain": "www.thrivemovement.com", "title": "VIDEO: Thrive Update and Plan for 2013 from Filmmaker, Kimberly Carter Gamble", "cleaned_text": "What happened with Thrive in the last year, and what do we envision for 2013? Find out the details from Director, Producer, and Co-Writer of Thrive in this video.", "opengraph": {"type": "cause", "site_name": "THRIVE Update and Plan for 2013 from THRIVE filmmaker, Kimberly Carter Gamble | Video", "image": "http://s3.amazonaws.com/thrivemovementassets/resources/youtube_videos/000/000/244/thumb/KCG_2013_update.png", "title": "VIDEO: Thrive Update and Plan for 2013 from Filmmaker, Kimberly Carter Gamble", "url": "http://www.thrivemovement.com/thrive-update-plan-for-2013-kimberly-carter-gamble", "description": "What happened with the Thrive Movement in the last year, and what do we envision for 2013? Find out the details from Director, Producer, and Co-Writer of Thrive in this video."}, "tags": [], "tweets": [], "movies": [], "links": [], "authors": [], "publish_date": null}