{"result_id": "317006", "URL": "https://www.treason.news/author/ljdevon", "timestamp": "2023-04-25 17:43:05 CEST+0200", "meta": {"description": "Treason News | Treason News Liberty Constitutional Rights", "lang": "en", "keywords": "treason, sedition, betrayal, covert", "favicon": "wp-content/themes/NTTheme/images/Newstarget-fav.png", "canonical": "https://www.treason.news/author/ljdevon", "encoding": "UTF-8"}, "image": null, "domain": "www.treason.news", "title": "Liberty Constitutional Rights", "cleaned_text": "Get independent news alerts on natural cures, food lab tests, cannabis medicine, science, robotics, drones, privacy and more.", "opengraph": {"title": "Treason News | Treason News Liberty Constitutional Rights", "type": "website", "url": "https://www.treason.news/author/ljdevon", "site_name": "Treason News", "description": "Treason News | Treason News Liberty Constitutional Rights", "image": "https://www.treason.news/images/SocialImage.jpg"}, "tags": [], "tweets": [], "movies": [], "links": ["/privacypolicy"], "authors": [], "publish_date": null}