{"result_id": "317010", "URL": "https://www.treason.news/2022-01-27-covid-vaccines-military-cancer-rate-tripled.html", "timestamp": "2023-04-25 17:43:10 CEST+0200", "meta": {"description": "America\u2019s armed forces have been in the throes of a mass die-off event ever since Wuhan coronavirus (Covid-19) \u201cvaccines\u201d were forced on all servicemen. At the recent \u201cCOVID-19: A Second Opinion\u201d panel that was hosted in Washington, D.C., Sen. Ron Johnson (R-Wisc.) dropped numerous bombshells showing that Fauci Flu shots are neither safe nor effective [\u2026]", "lang": "en", "keywords": "badcancer,badhealth,badmedicine,Big Pharma,cancer causes,conspiracy,COVID,Dangerous Medicine,deception,depopulation,genocide,military,pharmaceutical fraud,Plandemic,ron johnson,US military,vaccine damage,vaccine injury,vaccines", "favicon": "wp-content/themes/NTTheme/images/Newstarget-fav.png", "canonical": "https://www.treason.news/2022-01-27-covid-vaccines-military-cancer-rate-tripled.html", "encoding": "UTF-8"}, "image": null, "domain": "www.treason.news", "title": "ACT OF WAR: Thanks to covid \u201cvaccines,\u201d the military\u2019s cancer rate has more than TRIPLED", "cleaned_text": "ACT OF WAR: Thanks to covid \u201cvaccines,\u201d the military\u2019s cancer rate has more than TRIPLED\n\nAmerica\u2019s armed forces have been in the throes of a mass die-off event ever since Wuhan coronavirus (Covid-19) \u201cvaccines\u201d were forced on all servicemen.\n\nAt the recent \u201cCOVID-19: A Second Opinion\u201d panel that was hosted in Washington, D.C., Sen. Ron Johnson (R-Wisc.) dropped numerous bombshells showing that Fauci Flu shots are neither safe nor effective as claimed.\n\nDoctors and other expert panelists presented damning data showing that not only are the injections a serious medical problem, but the government\u2019s handling of it amounts to a coordinated coverup of Big Pharma\u2019s evil deeds.\n\nAttorney Thomas Renz reportedly told conservative commentator Daniel Horowitz from The Blaze the details about the cancer epidemic sweeping through the military. Here is what Horowitz tweeted in a follow-up to the gathering:\n\n\u201cI can share with you from attorney Thomas Renz that the number of cancer diagnoses in the military\u2019s DMED system went from a 5-year average (2016-2020) of 38,700 per year to 114,645 in the first 11 months of 2021. This is a predominantly young population.\u201d\n\n\u201cUnlike VAERS where the naysayers can suggest that anyone can submit, this is only by military doctors and quantifies every single ICD code in the military for tri care billing of Humana. This is the ultimate defined and finite population with excellent surveillance.\u201d\n\nHorowitz also shared a video of Renz speaking at the panel about other mind-blowing data he accumulated from several whistleblowers whose credentials, he said, \u201care impeccable.\u201d One of them is one of the only Green Beret doctors in the military. (Related: Renz is the same guy who warned that everything about the plandemic is centered on fear and manipulation rather than facts.)\n\n\u201cOne of the biggest takeaways here is that the data is beyond reproach and widely accessible by the DoD, CDC, FDA, and across the Biden-Harris regime. In other words, they are all very well aware that the jabs are almost certainly causing an untenable increase in cancer in otherwise young and healthy military-age Americans and they\u2019re keeping that information away from the people.\u201d\n\nAmerica\u2019s military is being killed off by covid injections\n\nIn a perfect world, what Renz alone said at the panel would have been more than enough to convince the government to immediately halt the jab push while reevaluating the data and coming up with a new plan. That reevaluated data would then have been publicly released for independent scrutiny.\n\nThe world is far from perfect, though. Instead of honesty and transparency, the government has instead chosen deception and secrecy when it comes to the \u201cscience\u201d behind the injections.\n\n\u201cWe have substantial data showing that we saw, for example, miscarriages increasing by 300 percent over the five-year average, almost,\u201d Renz further explained at the panel. \u201cWe saw an almost 300 percent increase in cancer over the five-year average.\u201d\n\nSince the corporate-backed media will never report on any of this, it is up to you and others like you to share it with anyone who might be willing to listen.\n\n\u201cWe saw \u2013 this one\u2019s amazing \u2013 neurological,\u201d Renz added in his presentation. \u201cSo, neurological issues which would affect our pilots, over 1,000 percent increase. 1,000.\u201d\n\n\u201c82,000 per year to 863,000 in one year,\u201d Renz continued. \u201cOur soldiers are being experimented on, injured, and sometimes possibly killed.\u201d\n\nThe latest news about Wuhan coronavirus (Covid-19) \u201cvaccine\u201d injuries and deaths can be found at Genocide.news.", "opengraph": {"title": "ACT OF WAR: Thanks to covid \u201cvaccines,\u201d the military\u2019s cancer rate has more than TRIPLED", "type": "article", "url": "https://www.treason.news/2022-01-27-covid-vaccines-military-cancer-rate-tripled.html", "site_name": "Treason News", "description": "America\u2019s armed forces have been in the throes of a mass die-off event ever since Wuhan coronavirus (Covid-19) \u201cvaccines\u201d were forced on all servicemen. At the recent \u201cCOVID-19: A Second Opinion\u201d panel that was hosted in Washington, D.C., Sen. Ron Johnson (R-Wisc.) dropped numerous bombshells showing that Fauci Flu shots are neither safe nor effective [\u2026]", "image": "https://www.treason.news/wp-content/uploads/sites/48/2022/01/Soldier-Military-Army-War-Helicopter-Battlefield-Force.jpg"}, "tags": ["conspiracy", "Big Pharma", "COVID", "ron johnson", "deception", "vaccine injury", "genocide", "depopulation", "vaccines", "vaccine damage", "US military", "Plandemic", "military", "pharmaceutical fraud"], "tweets": ["<blockquote class=\"twitter-tweet\">\n<p dir=\"ltr\" lang=\"en\" xml:lang=\"en\">Attorney Thomas Renz reveals what multiple DoD whistleblowers have provided on the safety signals they are seeing</p>\n<p>These numbers are mind blowing! <a href=\"https://twitter.com/SenRonJohnson?ref_src=twsrc%5Etfw\">@SenRonJohnson</a> <a href=\"https://t.co/gs4fhwF1Po\">pic.twitter.com/gs4fhwF1Po</a></p>\n<p>\u2014 Chief Nerd (@TheChiefNerd) <a href=\"https://twitter.com/TheChiefNerd/status/1485695818996854788?ref_src=twsrc%5Etfw\">January 24, 2022</a></p></blockquote>\n<p></p>\n<p>\u201cOne of the biggest takeaways here is that the data is beyond reproach and widely accessible by the DoD, CDC, FDA, and across the Biden-Harris regime. In other words, they are all very well aware that the jabs are almost certainly causing an untenable increase in cancer in otherwise young and healthy military-age Americans and they\u2019re keeping that information away from the people.\u201d</p>\n<h2>America\u2019s military is being killed off by covid injections</h2>\n<p>In a perfect world, what Renz alone said at the panel would have been more than enough to convince the government to immediately halt the jab push while reevaluating the data and coming up with a new plan. That reevaluated data would then have been publicly released for independent scrutiny.</p>\n<p>The world is far from perfect, though. Instead of honesty and transparency, the government has instead chosen deception and secrecy when it comes to the \u201cscience\u201d behind the injections.</p>\n<p>\u201cWe have substantial data showing that we saw, for example, miscarriages increasing by 300 percent over the five-year average, almost,\u201d Renz further explained at the panel. \u201cWe saw an almost 300 percent increase in cancer over the five-year average.\u201d</p>\n<p>Since the corporate-backed media will never report on any of this, it is up to you and others like you to share it with anyone who might be willing to listen.</p>\n<p>\u201cWe saw \u2013 this one\u2019s amazing \u2013 neurological,\u201d Renz added in his presentation. \u201cSo, neurological issues which would affect our pilots, over 1,000 percent increase. 1,000.\u201d</p>\n<p>\u201cTen times,\u201d Sen. Johnson then interjected. \u201cThat\u2019s 10 times the rate.\u201d</p>\n<p>\u201c82,000 per year to 863,000 in one year,\u201d Renz continued. \u201cOur soldiers are being experimented on, injured, and sometimes possibly killed.\u201d</p>\n<p>The latest news about Wuhan coronavirus (Covid-19) \u201cvaccine\u201d injuries and deaths can be found at <a href=\"http://genocide.news\" target=\"_blank\">Genocide.news</a>.</p>\n<p><b>Sources for this article include:</b></p>\n<p><a href=\"https://thelibertydaily.com/bombshell-cover-up-cancer-diagnoses-in-the-military-rose-over-three-fold-since-jabs-were-introduced/\" target=\"_blank\">TheLibertyDaily.com</a></p>\n<p><a href=\"https://naturalnews.com/2021-12-18-thomas-renz-plandemic-based-on-fear-manipulation.html\" target=\"_blank\">NaturalNews.com</a></p>\n<br /><a target=\"_new\" href=\"https://support.naturalnews.com/Feedback.html\"><font style=\"font-size:18px\">Submit a correction &gt;&gt;</font></a><p></p></div>&#13;\n&#13;\n &#13;\n&#13;\n &#13;\n&#13;\n&#13;\n &#13;\n&#13;\n<div class=\"Widget\" id=\"Widget15\" gravityScore=\"-1\" gravityNodes=\"1\"><div class=\"Content\" gravityScore=\"-3\" gravityNodes=\"1\"><p class=\"Title\">Get Our Free Email Newsletter</p>&#13;\n<p class=\"Description\">Get independent news alerts on natural cures, food lab tests, cannabis medicine, science, robotics, drones, privacy and more.</p>&#13;\n<iframe src=\"/NT-Include-ReaderRegistration-2019-Subscribe-Form-UnderArticle.html\" frameborder=\"0\" scrolling=\"no\" style=\"max-width:250px;overflow: hidden;height:70px;\"></iframe>&#13;\n<div class=\"Small\">  Subscription confirmation required.<a></a><span>  Subscription confirmation required.<a></a><span><a href=\"/privacypolicy\">Your privacy is protected.</a> Subscription confirmation required.</span></span></div>&#13;\n</div>&#13;\n</div>&#13;\n&#13;\n<hr id=\"Marker5\" class=\"Marker\" />&#13;\n<hr id=\"Marker6\" class=\"Marker\" />&#13;\n&#13;\n &#13;\n&#13;\n &#13;\n&#13;\n &#13;\n</div>&#13;\n</div>&#13;\n&#13;\n &#13;\n&#13;\n<div class=\"Article2\" gravityScore=\"-3\" gravityNodes=\"1\"><div class=\"Sticky2\" gravityScore=\"-4\" gravityNodes=\"1\"><hr id=\"Marker3\" class=\"Marker\" />&#13;\n&#13;\n&#13;\n<div class=\"Widget\" id=\"Widget15\" gravityScore=\"-6\" gravityNodes=\"1\"><div class=\"Content\" gravityScore=\"-10\" gravityNodes=\"1\"><p class=\"Title\">Get Our Free Email Newsletter</p>&#13;\n<p class=\"Description\">Get independent news alerts on natural cures, food lab tests, cannabis medicine, science, robotics, drones, privacy and more.</p>&#13;\n<iframe src=\"/NT-Include-ReaderRegistration-2019-Subscribe-Form-RightColumn.html\" frameborder=\"0\" scrolling=\"no\" style=\"max-width:250px;overflow: hidden;height:70px;\"></iframe>&#13;\n<div class=\"Small\">  Subscription confirmation required.<a></a><span>  Subscription confirmation required.<a></a><span><a href=\"/privacypolicy\">Your privacy is protected.</a> Subscription confirmation required.</span></span></div>&#13;\n</div>&#13;\n</div>&#13;\n&#13;\n<div id=\"rp_widget-2\" class=\"widget widget_rp_widget\"><h2><p class=\"SectionHead\">RECENT NEWS &amp; ARTICLES</p></h2><div class=\"PostsSmall\"><div class=\"Post\"><div class=\"Pic\"><a href=\"2022-01-28-biden-family-ties-to-communist-china-more-extensive-than-thought.html\"><img border=\"0\" src=\"wp-content/uploads/sites/48/2022/01/Hunter-Biden-Joe-Biden.jpg\" /></a>&#13;\n</div>&#13;\n<div class=\"Text\"><div class=\"Title\"><a href=\"2022-01-28-biden-family-ties-to-communist-china-more-extensive-than-thought.html\">Biden family ties to Communist China even more extensive than thought; author details \u201cscariest investigation\u201d in exposing first family corruption</a></div>&#13;\n<div class=\"Info\"><span class=\"Author\"><a href=\"author/jdheyes\">By JD Heyes</a></span></div>&#13;\n</div>&#13;\n</div>&#13;\n<div class=\"Post\"><div class=\"Pic\"><a href=\"2022-01-27-covid-vaccines-military-cancer-rate-tripled.html\"><img border=\"0\" src=\"wp-content/uploads/sites/48/2022/01/Soldier-Military-Army-War-Helicopter-Battlefield-Force.jpg\" /></a>&#13;\n</div>&#13;\n<div class=\"Text\"><div class=\"Title\"><a href=\"2022-01-27-covid-vaccines-military-cancer-rate-tripled.html\">ACT OF WAR: Thanks to covid \u201cvaccines,\u201d the military\u2019s cancer rate has more than TRIPLED</a></div>&#13;\n<div class=\"Info\"><span class=\"Author\"><a href=\"author/ethanh\">By Ethan Huff</a></span></div>&#13;\n</div>&#13;\n</div>&#13;\n<div class=\"Post\"><div class=\"Pic\"><a href=\"2022-01-26-poll-most-voters-want-fauci-to-resign.html\"><img border=\"0\" src=\"wp-content/uploads/sites/48/2022/01/Anthony-Fauci-Coronavirus-Task-Force.jpg\" /></a>&#13;\n</div>&#13;\n<div class=\"Text\"><div class=\"Title\"><a href=\"2022-01-26-poll-most-voters-want-fauci-to-resign.html\">New poll shows most voters want Dr. Fauci to resign</a></div>&#13;\n<div class=\"Info\"><span class=\"Author\"><a href=\"author/isabelle\">By Cassie B.</a></span></div>&#13;\n</div>&#13;\n</div>&#13;\n<div class=\"Post\"><div class=\"Pic\"><a href=\"2022-01-24-where-will-you-be-when-the-nukes-start-falling-on-america.html\"><img border=\"0\" src=\"wp-content/uploads/sites/48/2022/01/nuke.png\" /></a>&#13;\n</div>&#13;\n<div class=\"Text\"><div class=\"Title\"><a href=\"2022-01-24-where-will-you-be-when-the-nukes-start-falling-on-america.html\">Where will you be when the nukes start falling on America?</a></div>&#13;\n<div class=\"Info\"><span class=\"Author\"><a href=\"author/healthranger\">By Mike Adams</a></span></div>&#13;\n</div>&#13;\n</div>&#13;\n<div class=\"Post\"><div class=\"Pic\"><a href=\"2022-01-24-more-leaked-texts-jan-6-committee-trump-messaging-coordination.html\"><img border=\"0\" src=\"wp-content/uploads/sites/48/2022/01/mcenany.jpg\" /></a>&#13;\n</div>&#13;\n<div class=\"Text\"><div class=\"Title\"><a href=\"2022-01-24-more-leaked-texts-jan-6-committee-trump-messaging-coordination.html\">More leaked texts from the Jan. 6 Committee show messaging coordination between Hannity, McEnany</a></div>&#13;\n<div class=\"Info\"><span class=\"Author\"><a href=\"author/jdheyes\">By JD Heyes</a></span></div>&#13;\n</div>&#13;\n</div>&#13;\n<div class=\"Post\"><div class=\"Pic\"><a href=\"2022-01-22-woke-militarys-legacy-will-be-mushroom-clouds-over-america.html\"><img border=\"0\" src=\"wp-content/uploads/sites/48/2022/01/Joe-Biden-Russia-Sanctions.jpg\" /></a>&#13;\n</div>&#13;\n<div class=\"Text\"><div class=\"Title\"><a href=\"2022-01-22-woke-militarys-legacy-will-be-mushroom-clouds-over-america.html\">If we stay on this path, Joe Biden and his \u2018woke\u2019 military\u2019s legacy will be mushroom clouds over America: All eyes open for a globalist false flag to launch WW3</a></div>&#13;\n<div class=\"Info\"><span class=\"Author\"><a href=\"author/newseditors\">By News Editors</a></span></div>&#13;\n</div>&#13;\n</div>&#13;\n<div class=\"Post\"><div class=\"Pic\"><a href=\"2022-01-21-gop-lawmakers-demand-biden-fire-education-secretary-calling-parents-domestic-terrorists.html\"><img border=\"0\" src=\"wp-content/uploads/sites/48/2022/01/Miguel-Cardona.jpg\" /></a>&#13;\n</div>&#13;\n<div class=\"Text\"><div class=\"Title\"><a href=\"2022-01-21-gop-lawmakers-demand-biden-fire-education-secretary-calling-parents-domestic-terrorists.html\">More than 40 GOP lawmakers demand Biden fire Education secretary over links to letter calling parents \u201cdomestic terrorists\u201d</a></div>&#13;\n<div class=\"Info\"><span class=\"Author\"><a href=\"author/jdheyes\">By JD Heyes</a></span></div>&#13;\n</div>&#13;\n</div>&#13;\n<div class=\"Post\"><div class=\"Pic\"><a href=\"2022-01-20-fauci-2020-records-reveal-investments-chinese-companies.html\"><img border=\"0\" src=\"wp-content/uploads/sites/48/2022/01/Fauci-Committee-Hearing-Coronavirus.jpg\" /></a>&#13;\n</div>&#13;\n<div class=\"Text\"><div class=\"Title\"><a href=\"2022-01-20-fauci-2020-records-reveal-investments-chinese-companies.html\">Fauci\u2019s 2020 financial records reveal investments in multiple Chinese companies</a></div>&#13;\n<div class=\"Info\"><span class=\"Author\"><a href=\"author/ramontomeydw\">By Ramon Tomey</a></span></div>&#13;\n</div>&#13;\n</div>&#13;\n<div class=\"Post\"><div class=\"Pic\"><a href=\"2022-01-20-former-spanish-police-official-claims-2017-terrorist-attacks-planned-by-secret-service.html\"><img border=\"0\" src=\"wp-content/uploads/sites/48/2022/01/Police-Line-Crime-Scene-Tape-Do-Not-Cross.jpg\" /></a>&#13;\n</div>&#13;\n<div class=\"Text\"><div class=\"Title\"><a href=\"2022-01-20-former-spanish-police-official-claims-2017-terrorist-attacks-planned-by-secret-service.html\">REAL CONSPIRACIES: Former Spanish police official claims 2017 terrorist attacks were planned by secret service in order to destabilize the country</a></div>&#13;\n<div class=\"Info\"><span class=\"Author\"><a href=\"author/jdheyes\">By JD Heyes</a></span></div>&#13;\n</div>&#13;\n</div>&#13;\n<div class=\"Post\"><div class=\"Pic\"><a href=\"2022-01-19-project-veritas-report-proves-fauci-lied.html\"><img border=\"0\" src=\"wp-content/uploads/sites/48/2022/01/Coronavirus-Covid-19-Blood-Sampe-Lab-Testing.jpg\" /></a>&#13;\n</div>&#13;\n<div class=\"Text\"><div class=\"Title\"><a href=\"2022-01-19-project-veritas-report-proves-fauci-lied.html\">Project Veritas report proves Fauci lied under oath about gain-of-function research</a></div>&#13;\n<div class=\"Info\"><span class=\"Author\"><a href=\"author/kevinhughes\">By Kevin Hughes</a></span></div>&#13;\n</div>&#13;\n</div>&#13;\n<div class=\"Post\"><div class=\"Pic\"><a href=\"2022-01-18-fauci-signed-off-gain-of-function-research.html\"><img border=\"0\" src=\"wp-content/uploads/sites/48/2022/01/Anthony-Fauci-Coronavirus-Task-Force.jpg\" /></a>&#13;\n</div>&#13;\n<div class=\"Text\"><div class=\"Title\"><a href=\"2022-01-18-fauci-signed-off-gain-of-function-research.html\">Bombshell documents reveal Dr. Fauci signed off on Wuhan gain of function coronavirus research</a></div>&#13;\n<div class=\"Info\"><span class=\"Author\"><a href=\"author/isabelle\">By Cassie B.</a></span></div>&#13;\n</div>&#13;\n</div>&#13;\n<div class=\"Post\"><div class=\"Pic\"><a href=\"2022-01-18-county-clerk-says-29000-election-records-deleted.html\"><img border=\"0\" src=\"wp-content/uploads/sites/48/2022/01/2013-11-08-Election_MG_3455-300x200.jpg\" /></a>&#13;\n</div>&#13;\n<div class=\"Text\"><div class=\"Title\"><a href=\"2022-01-18-county-clerk-says-29000-election-records-deleted.html\">Mesa County clerk says 29,000 key election records deleted from voting systems</a></div>&#13;\n<div class=\"Info\"><span class=\"Author\"><a href=\"author/kevinhughes\">By Kevin Hughes</a></span></div>&#13;\n</div>&#13;\n</div>&#13;\n<div class=\"Post\"><div class=\"Pic\"><a href=\"2022-01-17-newly-found-military-documents-contradict-fauci-testimony.html\"><img border=\"0\" src=\"wp-content/uploads/sites/48/2022/01/Anthony-Fauci-Roundtable-Red-Cross-National-Headquarters.jpg\" /></a>&#13;\n</div>&#13;\n<div class=\"Text\"><div class=\"Title\"><a href=\"2022-01-17-newly-found-military-documents-contradict-fauci-testimony.html\">Investigation and leaked military documents prove Fauci lied about coronavirus gain-of-function research in Wuhan</a></div>&#13;\n<div class=\"Info\"><span class=\"Author\"><a href=\"author/arseniotoledo\">By Arsenio Toledo</a></span></div>&#13;\n</div>&#13;\n</div>&#13;\n<div class=\"Post\"><div class=\"Pic\"><a href=\"2022-01-17-soros-backed-baltimore-states-attorney-indicted-federal-corruption-charges.html\"><img border=\"0\" src=\"wp-content/uploads/sites/48/2022/01/img-11-TV-Hill-08-30-2015-01-Mosby.jpg\" /></a>&#13;\n</div>&#13;\n<div class=\"Text\"><div class=\"Title\"><a href=\"2022-01-17-soros-backed-baltimore-states-attorney-indicted-federal-corruption-charges.html\">Soros-backed Baltimore state\u2019s attorney also promoted by Kamala Harris indicted on federal corruption charges</a></div>&#13;\n<div class=\"Info\"><span class=\"Author\"><a href=\"author/jdheyes\">By JD Heyes</a></span></div>&#13;\n</div>&#13;\n</div>&#13;\n<div class=\"Post\"><div class=\"Pic\"><a href=\"2022-01-16-january-6-lawyer-fantasy-charges-against-rhodes.html\"><img border=\"0\" src=\"wp-content/uploads/sites/48/2022/01/Capitol-March-1.jpg\" /></a>&#13;\n</div>&#13;\n<div class=\"Text\"><div class=\"Title\"><a href=\"2022-01-16-january-6-lawyer-fantasy-charges-against-rhodes.html\">Publicity stunt: January 6 lawyer says \u2018fantasy\u2019 charges against Rhodes meant to stop his promised J6 testimony</a></div>&#13;\n<div class=\"Info\"><span class=\"Author\"><a href=\"author/victort\">By News Editors</a></span></div>&#13;\n</div>&#13;\n</div>&#13;\n<div class=\"Post\"><div class=\"Pic\"><a href=\"2022-01-16-nancy-pelosis-son-tied-to-fraud-paper-trail.html\"><img border=\"0\" src=\"wp-content/uploads/sites/48/2022/01/Nancy-Pelosi.jpg\" /></a>&#13;\n</div>&#13;\n<div class=\"Text\"><div class=\"Title\"><a href=\"2022-01-16-nancy-pelosis-son-tied-to-fraud-paper-trail.html\">Report: Nancy Pelosi\u2019s son tied to paper trail of alleged fraud, five companies probed by feds</a></div>&#13;\n<div class=\"Info\"><span class=\"Author\"><a href=\"author/victort1\">By News Editors</a></span></div>&#13;\n</div>&#13;\n</div>&#13;\n<div class=\"Post\"><div class=\"Pic\"><a href=\"2022-01-15-oath-keepers-founder-stewart-rhodes-indicted-phony-charges.html\"><img border=\"0\" src=\"wp-content/uploads/sites/48/2022/01/Flag-FBI.jpg\" /></a>&#13;\n</div>&#13;\n<div class=\"Text\"><div class=\"Title\"><a href=\"2022-01-15-oath-keepers-founder-stewart-rhodes-indicted-phony-charges.html\">Oath Keeper\u2019s founder Stewart Rhodes has been indicted on phony charges: what this means for America</a></div>&#13;\n<div class=\"Info\"><span class=\"Author\"><a href=\"author/ljdevon\">By Lance D Johnson</a></span></div>&#13;\n</div>&#13;\n</div>&#13;\n<div class=\"Post\"><div class=\"Pic\"><a href=\"2022-01-14-rep-massie-idea-of-dissolving-fbi-doj.html\"><img border=\"0\" src=\"wp-content/uploads/sites/48/2022/01/Capitol-Building-American-Flag-Sky.jpg\" /></a>&#13;\n</div>&#13;\n<div class=\"Text\"><div class=\"Title\"><a href=\"2022-01-14-rep-massie-idea-of-dissolving-fbi-doj.html\">Rep. Massie floats idea of dissolving FBI, DOJ</a></div>&#13;\n<div class=\"Info\"><span class=\"Author\"><a href=\"author/newseditors\">By News Editors</a></span></div>&#13;\n</div>&#13;\n</div>&#13;\n<div class=\"Post\"><div class=\"Pic\"><a href=\"2022-01-13-fauci-committed-premeditated-manslaughter-millions-people.html\"><img border=\"0\" src=\"wp-content/uploads/sites/48/2022/01/Fauci-Mask-Hearing-Coronavirus.jpg\" /></a>&#13;\n</div>&#13;\n<div class=\"Text\"><div class=\"Title\"><a href=\"2022-01-13-fauci-committed-premeditated-manslaughter-millions-people.html\">Dr. Malone and Naomi Wolf say that Fauci committed \u201cpremeditated manslaughter of millions of people\u201d</a></div>&#13;\n<div class=\"Info\"><span class=\"Author\"><a href=\"author/ethanh\">By Ethan Huff</a></span></div>&#13;\n</div>&#13;\n</div>&#13;\n<div class=\"Post\"><div class=\"Pic\"><a href=\"2022-01-12-darpa-documents-prove-fauci-lied-under-oath-deadly-bioweapon.html\"><img border=\"0\" src=\"wp-content/uploads/sites/48/2022/01/Covid-19-Coronavirus-Blood-Cells.jpg\" /></a>&#13;\n</div>&#13;\n<div class=\"Text\"><div class=\"Title\"><a href=\"2022-01-12-darpa-documents-prove-fauci-lied-under-oath-deadly-bioweapon.html\">Smoking gun DARPA documents prove Fauci lied under oath, funded the development of a deadly bioweapon and helped unleash it on the world, killing millions</a></div>&#13;\n<div class=\"Info\"><span class=\"Author\"><a href=\"author/healthranger\">By Mike Adams</a></span></div>&#13;\n</div>&#13;\n</div>&#13;\n</div></div>&#13;\n</div>&#13;\n</div>&#13;\n&#13;\n &#13;\n &#13;\n</div>&#13;\n</div>&#13;\n&#13;\n &#13;\n&#13;\n &#13;\n&#13;\n &#13;\n&#13;\n</div>&#13;\n&#13;\n</div>&#13;\n&#13;\n&#13;\n &#13;\n&#13;\n&#13;\n &#13;\n &#13;\n&#13;\n&#13;\n &#13;\n&#13;\n &#13;\n&#13;\n &#13;\n&#13;\n &#13;\n&#13;\n &#13;\n&#13;\n &#13;\n&#13;\n&#13;\n</div></div></body></html>\n"], "movies": [], "links": ["https://thelibertydaily.com/bombshell-cover-up-cancer-diagnoses-in-the-military-rose-over-three-fold-since-jabs-were-introduced/", "http://cancer.news", "https://naturalnews.com/2021-12-18-thomas-renz-plandemic-based-on-fear-manipulation.html", "https://twitter.com/SenRonJohnson?ref_src=twsrc%5Etfw", "https://t.co/gs4fhwF1Po", "https://twitter.com/TheChiefNerd/status/1485695818996854788?ref_src=twsrc%5Etfw", "http://genocide.news", "https://thelibertydaily.com/bombshell-cover-up-cancer-diagnoses-in-the-military-rose-over-three-fold-since-jabs-were-introduced/", "https://naturalnews.com/2021-12-18-thomas-renz-plandemic-based-on-fear-manipulation.html", "https://support.naturalnews.com/Feedback.html"], "authors": [], "publish_date": null}