{"result_id": "318035", "URL": "https://www.trialsitenews.com/vaccine-truth-cdc", "timestamp": "2023-04-25 17:43:59 CEST+0200", "meta": {"description": "Transparent coverage of clinical research", "lang": "en", "keywords": "", "favicon": "", "canonical": "https://www.trialsitenews.com/vaccine-truth-cdc", "encoding": "utf-8"}, "image": null, "domain": "www.trialsitenews.com", "title": "The truth about vaccines that the CDC doesn't want you to know", "cleaned_text": "", "opengraph": {"image": "https://imagedelivery.net/WEWiZyGwyq-Q4qn_WluYYg/4b2e2ece-fe2b-4ae7-539c-1a74da34ac00/public", "description": "Note that views expressed in this opinion article are the writer\u2019s personal views and not necessarily those of TrialSite.\n\n\n"}, "tags": [], "tweets": [], "movies": [], "links": [], "authors": [], "publish_date": null}