{"result_id": "318023", "URL": "https://www.trialsitenews.com/a/improved-understanding-of-how-covid-vaccines-harm-some-people-09c04428", "timestamp": "2023-04-25 17:43:53 CEST+0200", "meta": {"description": "Transparent coverage of clinical research", "lang": "en", "keywords": "", "favicon": "", "canonical": "https://www.trialsitenews.com/a/improved-understanding-of-how-covid-vaccines-harm-some-people-09c04428", "encoding": "utf-8"}, "image": null, "domain": "www.trialsitenews.com", "title": "Improved understanding of how COVID vaccines harm some people", "cleaned_text": "", "opengraph": {"image": "https://imagedelivery.net/WEWiZyGwyq-Q4qn_WluYYg/8ee74285-fbfe-4588-50fa-3ad0cae68600/public", "description": "New medical research finds circulating spike proteins key problem.\nRegular readers of this truth telling publication already are well informed about the many ill effects of COVID vaccines. But there is always more to understand as medical research keeps unfolding."}, "tags": [], "tweets": [], "movies": [], "links": [], "authors": [], "publish_date": null}