{"result_id": "319022", "URL": "https://www.trunews.com/stream/dr-tenpenny-vaccinated-need-to-repent-forecasts-200k-dead", "timestamp": "2023-04-25 17:44:11 CEST+0200", "meta": {"description": "TruNews is the world's leading news source that reports, analyzes, and comments on global events and trends with a conservative, orthodox Christian worldview.", "lang": "en", "keywords": "", "favicon": "/icons/favicon-32x32.png?v=veTyjUlsLLQzWxM", "canonical": "https://www.trunews.com/stream/dr-tenpenny-vaccinated-need-to-repent-forecasts-200k-dead", "encoding": "utf-8"}, "image": null, "domain": "www.trunews.com", "title": "TruNews", "cleaned_text": "Thank you for visiting TruNews!\n\n\n\nThe web browser you are using does not support modern websites. PLEASE UPGRADE\n\nYou are using an outdated browser. Please upgrade your browser to improve your experience.", "opengraph": {}, "tags": [], "tweets": [], "movies": [], "links": ["http://browsehappy.com/", "http://browsehappy.com/", "http://browsehappy.com/"], "authors": [], "publish_date": null}