{"result_id": "320031", "URL": "https://www.truth11.com/untitled-79/", "timestamp": "2023-04-25 17:45:04 CEST+0200", "meta": {"description": "", "lang": "en", "keywords": "", "favicon": "https://cdn.getmidnight.com/6908ab1f9a9ecdaba4ee2509cb3451aa/2023/04/TRUTH11.COM-Web-Icon-1.png", "canonical": "https://www.truth11.com/untitled-79/", "encoding": "utf-8"}, "image": null, "domain": "www.truth11.com", "title": "Vaccine mandates, military vaccine injuries continue to threaten national security by killing our soldiers", "cleaned_text": "(Natural News) U.S. military personnel continue to die unexpectedly in the wake of COVID-19 vaccine mandates, although most people aren\u2019t hearing about it as the media avoids drawing attention to the problem.\n\nFor many young men and women in the military who have died under unusual circumstances recently, the cause of death is being listed as \u201cpending.\u201d However, some inside the military have pointed to vaccine injuries and death as being far more common than we\u2019ve been led to believe.\n\nFor example, a military medical officer, Dr. Theresa Long, recently testified in court that she was ordered by her superior to suppress vaccine injuries. She and two other medical professionals said that they noticed a spike in neurological disorders, miscarriages and cancer cases shortly after the vaccine mandate was put in place, but they say they were told to keep quiet about it.\n\nDr. Long said: \u201cI have so many soldiers being destroyed by this vaccine. Not a single member of my senior command has discussed my concerns with me \u2026 I have nothing to gain and everything to lose by talking about it. I\u2019m okay with that because I am watching people get absolutely destroyed.\u201d\n\nA group of more than two dozen military members recently presented a case in court fighting the military vaccine mandate. The judge who heard their case, Steven Merryday, granted a preliminary injunction to two of the plaintiffs, allowing them to avoid the mandate for now. Mat Staver of Liberty Counsel, who is representing the group, said that the Department of Defense has refused to send witnesses for cross examination, which is something that could indicate a cover-up is taking place.\n\nAccording to reports, just two out of more than 3,000 Marines who have requested a religious exemption have been granted one. The military is not being very forthcoming about this low acceptance rate, with Captain Andrew Wood stating that they can\u2019t discuss the specifics of the requests \u201cdue to privacy considerations.\u201d Hundreds of marines have already been discharged over their refusal to get the jab.\n\nMeanwhile, Senator Ron Johnson has been pressing Secretary of Defense Lloyd Austin on the matter. In February, he sent a letter citing \u201cdramatic increases in medical diagnoses among military personnel\u201d and evidence that diagnoses of myocarditis among servicemembers have been removed from official databases.\n\nMilitary members are being hazed, shamed and punished\n\nMeanwhile, military whistleblowers have drawn attention to abuses against military members who refuse to get the jab. Some of the problems that have been identified include shaming, hazing, physical punishment and denying treatment for other medical problems. They have also described a \u201cshadow process of coercion\u201d that is being used to cover up serious vaccine injuries and fatalities.\n\nService members who request exemptions are being publicly humiliated, assigned extra duty and being threatened with dishonorable discharge. Those who dare to speak out about what is going on are facing discipline that could being their military careers to an end.\n\nThe problem is getting so bad that some experts fear it is putting our national security at risk. At a time when Russia continues to attack Ukraine, our Air Force is pushing out highly trained fighter pilots who cannot be easily replaced as a punishment for asking for vaccine exemptions. This is leaving our military without thousands of hours of valuable combat flight experience that is highly challenging to obtain. Meanwhile, those who do get the jab are putting public safety at risk by flying planes without being monitored for markers of cardiac arrest and heart damage.\n\nHow much weaker will our military become as service members continue to be forced to get vaccines or discharged for refusing to comply?", "opengraph": {"site_name": "Truth11.com", "type": "article", "title": "Vaccine mandates, military vaccine injuries continue to threaten national security by killing our soldiers", "description": "NaturalNews.com \u00a0/ \u00a0Cassie B.\n\n\n(Natural News) U.S. military personnel continue to die unexpectedly in the wake of COVID-19 vaccine mandates, although most people aren\u2019t hearing about it as the media avoids drawing attention to the problem.\n\nFor many young men and women in the military who have died", "url": "https://www.truth11.com/untitled-79/", "image": "https://cdn.getmidnight.com/6908ab1f9a9ecdaba4ee2509cb3451aa/2022/05/23C21CF5-412C-4FB4-932A-7F9A18483BEA.jpeg", "article:published_time": "2022-05-10T18:52:28.000Z", "article:modified_time": "2022-05-10T18:52:28.000Z", "article:publisher": "https://www.facebook.com/ghost", "image:width": "700", "image:height": "394"}, "tags": ["VIDEOS", "SOLUTIONS", "DOCUMENTS", "IMAGES+MEMES", "FOCUS"], "tweets": [], "movies": [], "links": ["https://www.naturalnews.com/?ref=truth11.com", "https://thecovidblog.com/2022/05/03/u-s-military-personnel-continue-dying-suddenly-and-unexpectedly-as-mainstream-media-deflect-most-attention-to-suicide/?ref=truth11.com", "https://bigleaguepolitics.com/military-doctor-attests-she-was-ordered-to-cover-up-wave-of-injuries-following-covid-19-vaccine-regime/?ref=truth11.com", "https://rairfoundation.com/cover-up-dod-silent-after-whistleblowers-expose-covid-vaccine-injuries-in-military/?ref=truth11.com", "http://nationalsecurity.news/?ref=truth11.com", "https://healthfreedom.news/?ref=truth11.com", "https://thecovidblog.com/2022/05/03/u-s-military-personnel-continue-dying-suddenly-and-unexpectedly-as-mainstream-media-deflect-most-attention-to-suicide/?ref=truth11.com", "https://bigleaguepolitics.com/military-doctor-attests-she-was-ordered-to-cover-up-wave-of-injuries-following-covid-19-vaccine-regime/?ref=truth11.com", "https://rairfoundation.com/cover-up-dod-silent-after-whistleblowers-expose-covid-vaccine-injuries-in-military/?ref=truth11.com", "https://www.naturalnews.com/2022-05-09-military-vaccine-injuries-threaten-national-security.html?ref=truth11.com"], "authors": [], "publish_date": "2022-05-10T18:52:28.000Z"}