{"result_id": "321030", "URL": "https://twisted.news/2022-03-10-us-bioweapons-labs-confirmed-as-deep-state-sets-stage-for-biowar-false-flag-event-to-be-blamed-on-russia.html", "timestamp": "2023-04-25 17:45:50 CEST+0200", "meta": {"description": "Earlier this week, US Under Secretary of State Victoria Nuland publicly confirmed the presence of US-funded bioweapons laboratories in Ukraine. She even warned that Russia might seize the facilities and launch a biological weapons false flag attack on the world to blame America. This is a direct confirmation that the US-funded labs contain dangerous biological [\u2026]", "lang": "en", "keywords": "biological weapons,bioterrorism,biowar,bioweapons,death cult,false-flag,hoax,insanity,Joe Biden,labs,Russia,Ukraine,Virology,virus,world war", "favicon": "wp-content/themes/NTTheme/images/Newstarget-fav.png", "canonical": "https://twisted.news/2022-03-10-us-bioweapons-labs-confirmed-as-deep-state-sets-stage-for-biowar-false-flag-event-to-be-blamed-on-russia.html", "encoding": "UTF-8"}, "image": null, "domain": "twisted.news", "title": "US bioweapons labs CONFIRMED as deep state sets stage for biowar false flag event to be blamed on Russia", "cleaned_text": "US bioweapons labs CONFIRMED as deep state sets stage for biowar false flag event to be blamed on Russia\n\nEarlier this week, US Under Secretary of State Victoria Nuland publicly confirmed the presence of US-funded bioweapons laboratories in Ukraine. She even warned that Russia might seize the facilities and launch a biological weapons false flag attack on the world to blame America.\n\nThis is a direct confirmation that the US-funded labs contain dangerous biological weapons. Otherwise, why would Nuland be concerned if Russia seized the labs?\n\nNuland was being questioned by US Sen. Marco Rubio, a known RINO and war machine collaborator. It appears that Rubio and Nuland rehearsed this exchange and performed it for public consumption in order to set the stage for a US false flag bioweapons release that will be blamed on Russia.\n\nWhat\u2019s fascinating is that today, State Department spokesperson Ned Price publicly denied the existence of these biological weapons research facilities in Ukraine, claiming it was all part of a \u201cRussian disinformation\u201d campaign.\n\nIs Ned Price saying that Victoria Nuland works for the Russians? Are we really to believe that the US has no biological weapons facilities at all? No one believes Ned Price. Not even the US Under Secretary of State.\n\nThe US built the SARS-CoV-2 bioweapon and handed it to China\n\nNever forget the US government \u2014 directed by Fauci and Collins \u2014 violated international treaties and built the SARS-CoV-2 bioweapon via the US DoD and various universities (North Carolina / Baric, etc.). This bioweapon was then handed to China for gain-of-function enhancement, while in the USA, it was used to create depopulation \u201cvaccines\u201d modeled on the deadly spike protein.\n\nThe \u201cplandemic\u201d was then released upon the world via US and China deep state operatives, while the controlled media pushed a psychological terrorism campaign to drive people into masking, social distancing, lockdowns and domestic economic destruction. This was followed by strong coercion for \u201cvaccine\u201d injections which turned out to be mRNA gene therapy transhumanism jabs designed to exterminate billions of human beings.\n\nThis was all done by the United States and China, without any involvement from Russia, just for the record. So when the USA now points to Russia and screams, \u201cWar crimes!\u201d it all seems incredibly absurd. Laughable.\n\nThe cover story for next next bioweapon / toxic nanoparticle dumping onto humanity?\n\nWhether the bioweapons labs are actually producing self-replicating viruses or just really dangerous nanoparticles is almost irrelevant at this point. Either way, it\u2019s now clear they plan to dump their bioweapons onto the populations of the world while blaming Putin for a bioweapons false flag operation. The release of this bioweapon / nanoparticle is probably imminent.\n\nThat means the globalists are really moving into what they hope will be the final phase of their extermination agenda, and it\u2019s likely to be accompanied by a global financial reset, cyber warfare false flags and the complete suspension of elections and the Bill of Rights. This is the direction in which things are moving right now, and while there may still be time to stop the worst case scenario from being unleashed, there isn\u2019t currently any convincing evidence that the \u201cwhite hats\u201d are in charge.\n\nAll we see on a daily basis is Joe Biden deliberately unleashing economic destruction on America while his handlers (Obama, etc.) are plunging the US into what they hope will be a nuclear exchange with Russia. Yes, they are death cultists and they are hoping to achieve a scenario where Russia nukes the United States into oblivion. This is the goal of Obama, Biden and the top Democrats who currently appear to be in charge of US \u201cpolicy\u201d if you can even call it that.\n\nToday\u2019s Situation Update podcast covers this in more detail, including some good news about why we can dismiss the psychological terrorism attempts by the complicit media and the \u201cscience\u201d authorities (who are all fraudsters and liars, it turns out).\n\nThe bioweapons discussion starts at 36:40. The first 36 minutes contain a special discussion specifically directed to the audience, and most people won\u2019t understanding what we\u2019re talking about unless they are frequent listeners:\n\nDiscover more information-packaged podcasts each day, along with special reports, interviews and emergency updates, at:\n\nAlso follow me on:\n\nJoin the free NaturalNews.com email newsletter to stay alerted about new, upcoming audiobooks that you can download for free.\n\nDownload my current audiobooks \u2014 including Ghost World, Survival Nutrition, The Global Reset Survival Guide and The Contagious Mind \u2014 at:", "opengraph": {"title": "US bioweapons labs CONFIRMED as deep state sets stage for biowar false flag event to be blamed on Russia", "type": "article", "url": "https://www.twisted.news/2022-03-10-us-bioweapons-labs-confirmed-as-deep-state-sets-stage-for-biowar-false-flag-event-to-be-blamed-on-russia.html", "site_name": "Twisted News", "description": "Earlier this week, US Under Secretary of State Victoria Nuland publicly confirmed the presence of US-funded bioweapons laboratories in Ukraine. She even warned that Russia might seize the facilities and launch a biological weapons false flag attack on the world to blame America. This is a direct confirmation that the US-funded labs contain dangerous biological [\u2026]", "image": "https://www.twisted.news/wp-content/uploads/sites/29/2022/03/HRR-2022-03-10-Situation-Update.jpg"}, "tags": ["bioweapons", "death cult", "Joe Biden", "Virology", "false-flag", "biowar", "bioterrorism", "hoax", "Russia", "world war", "Ukraine", "labs", "virus", "insanity", "biological weapons"], "tweets": ["<blockquote class=\"twitter-tweet\">\n<p dir=\"ltr\" lang=\"en\" xml:lang=\"en\">U.S. Under Secretary of State Victoria Nuland says Washington is working with Ukraine to prevent biological research facilities from falling into Russian hands. She just confirmed every conspiracy theory about the existence of those labs. <a href=\"https://t.co/ynkd7hW6iK\">pic.twitter.com/ynkd7hW6iK</a></p>\n<p>\u2014 Ian Miles Cheong (@stillgray) <a href=\"https://twitter.com/stillgray/status/1501310103529541636?ref_src=twsrc%5Etfw\">March 8, 2022</a></p></blockquote>\n<p></p>\n<p>\u00a0</p>\n<p><iframe src=\"https://www.brighteon.com/embed/6eeb5220-a5d7-434d-a9bc-5a10e74e9b02\" width=\"560\" height=\"315\" frameborder=\"0\" allowfullscreen=\"allowfullscreen\"></iframe></p>\n<p>What\u2019s fascinating is that today, State Department spokesperson <a href=\"https://www.theepochtimes.com/us-state-department-denies-russian-allegations-of-biological-weapons-in-ukraine_4324227.html\">Ned Price publicly denied the existence of these biological weapons research facilities in Ukraine</a>, claiming it was all part of a \u201cRussian disinformation\u201d campaign.</p>\n<p>Is Ned Price saying that Victoria Nuland works for the Russians? Are we really to believe that the US has no biological weapons facilities at all? No one believes Ned Price. Not even the US Under Secretary of State.</p>\n<h2>The US built the SARS-CoV-2 bioweapon and handed it to China</h2>\n<p>Never forget the US government \u2014 directed by Fauci and Collins \u2014 violated international treaties and built the SARS-CoV-2 bioweapon via the US DoD and various universities (North Carolina / Baric, etc.). This bioweapon was then handed to China for gain-of-function enhancement, while in the USA, it was used to create depopulation \u201cvaccines\u201d modeled on the deadly spike protein.</p>\n<p>The \u201cplandemic\u201d was then released upon the world via US and China deep state operatives, while the controlled media pushed a psychological terrorism campaign to drive people into masking, social distancing, lockdowns and domestic economic destruction. This was followed by strong coercion for \u201cvaccine\u201d injections which turned out to be mRNA gene therapy transhumanism jabs designed to exterminate billions of human beings.</p>\n<p>This was all done by the United States and China, without any involvement from Russia, just for the record. So when the USA now points to Russia and screams, \u201cWar crimes!\u201d it all seems incredibly absurd. Laughable.</p>\n<h2>The cover story for next next bioweapon / toxic nanoparticle dumping onto humanity?</h2>\n<p>Whether the bioweapons labs are actually producing self-replicating viruses or just really dangerous nanoparticles is almost irrelevant at this point. Either way, it\u2019s now clear they plan to dump their bioweapons onto the populations of the world while blaming Putin for a bioweapons false flag operation. The release of this bioweapon / nanoparticle is probably imminent.</p>\n<p>That means the globalists are really moving into what they hope will be the final phase of their extermination agenda, and <strong>it\u2019s likely to be accompanied by a global financial reset, cyber warfare false flags and the complete suspension of elections and the Bill of Rights</strong>. This is the direction in which things are moving right now, and while there may still be time to stop the worst case scenario from being unleashed, there isn\u2019t currently any convincing evidence that the \u201cwhite hats\u201d are in charge.</p>\n<p>All we see on a daily basis is Joe Biden deliberately unleashing economic destruction on America while his handlers (Obama, etc.) are plunging the US into what they hope will be a nuclear exchange with Russia. Yes, they are <strong>death cultists</strong> and they are hoping to achieve a scenario where Russia nukes the United States into oblivion. This is the goal of Obama, Biden and the top Democrats who currently appear to be in charge of US \u201cpolicy\u201d if you can even call it that.</p>\n<p>Today\u2019s Situation Update podcast covers this in more detail, including some good news about why we can dismiss the psychological terrorism attempts by the complicit media and the \u201cscience\u201d authorities (who are all fraudsters and liars, it turns out).</p>\n<p>The bioweapons discussion starts at 36:40. The first 36 minutes contain a special discussion specifically directed to the audience, and most people won\u2019t understanding what we\u2019re talking about unless they are frequent listeners:</p>\n<p><a href=\"http://Brighteon.com/6d56b21a-24f0-4a65-b344-aeeafd23913d\" target=\"_blank\">Brighteon.com/6d56b21a-24f0-4a65-b344-aeeafd23913d</a></p>\n<p><iframe src=\"https://www.brighteon.com/embed/6d56b21a-24f0-4a65-b344-aeeafd23913d\" width=\"560\" height=\"315\" frameborder=\"0\" allowfullscreen=\"allowfullscreen\"></iframe></p>\n<p>Discover more information-packaged podcasts each day, along with special reports, interviews and emergency updates, at:</p>\n<p><a href=\"https://www.brighteon.com/channels/hrreport\" target=\"_blank\">https://www.brighteon.com/channels/HRreport</a></p>\n<p>Also follow me on:</p>\n<p>Brighteon.social: <a href=\"http://Brighteon.social/@HealthRanger\" target=\"_blank\">Brighteon.social/@HealthRanger</a></p>\n<p>Telegram: <a href=\"https://t.me/RealHealthRanger\">t.me/RealHealthRanger</a></p>\n<p>Truth Social: Username = <strong>HealthRanger</strong></p>\n<p>Gettr: <a href=\"http://GETTR.com/user/healthranger\" target=\"_blank\">GETTR.com/user/healthranger</a></p>\n<p>Parler: <a href=\"http://Parler.com/user/HealthRanger\" target=\"_blank\">Parler.com/user/HealthRanger</a></p>\n<p>Rumble: <a href=\"https://Rumble.com/c/HealthRangerReport\" target=\"_blank\">Rumble.com/c/HealthRangerReport</a></p>\n<p>BitChute: <a href=\"http://Bitchute.com/channel/9EB8glubb0Ns/\" target=\"_blank\">Bitchute.com/channel/9EB8glubb0Ns/</a></p>\n<p>Clouthub: <a href=\"http://app.clouthub.com/#/users/u/naturalnews/posts\" target=\"_blank\">app.clouthub.com/#/users/u/naturalnews/posts</a></p>\n<p>Join the free <a href=\"https://www.naturalnews.com/readerregistration.html\">NaturalNews.com email newsletter</a> to stay alerted about new, upcoming audiobooks that you can download for free.</p>\n<p>Download my current audiobooks \u2014 including Ghost World, Survival Nutrition, The Global Reset Survival Guide and The Contagious Mind \u2014 at:</p>\n<p><a href=\"https://audiobooks.naturalnews.com/\" target=\"_blank\">https://Audiobooks.NaturalNews.com/</a></p>\n<p>\u00a0</p>\n<div class=\"addtoany_share_save_container addtoany_content_bottom\"><div class=\"a2a_kit a2a_kit_size_32 addtoany_list\" data-a2a-url=\"2022-03-10-us-bioweapons-labs-confirmed-as-deep-state-sets-stage-for-biowar-false-flag-event-to-be-blamed-on-russia.html\" data-a2a-title=\"US bioweapons labs CONFIRMED as deep state sets stage for biowar false flag event to be blamed on Russia\"><a class=\"a2a_button_google_plus\" href=\"https://www.addtoany.com/add_to/google_plus?linkurl=%2Ftwistednews%2F2022-03-10-us-bioweapons-labs-confirmed-as-deep-state-sets-stage-for-biowar-false-flag-event-to-be-blamed-on-russia.html&amp;linkname=US%20bioweapons%20labs%20CONFIRMED%20as%20deep%20state%20sets%20stage%20for%20biowar%20false%20flag%20event%20to%20be%20blamed%20on%20Russia\" title=\"Google+\" rel=\"nofollow\" target=\"_blank\"></a><a class=\"a2a_dd addtoany_share_save\" href=\"https://www.addtoany.com/share\"></a></div></div><div style=\"text-align:center;margin-left:auto;margin-right:auto;margin-top:8px;margin-bottom:8px;\"><form method=\"post\" name=\"authentication\" action=\"http://www.alternativenews.com/NTSubscription/ReaderRegistration.asp\" id=\"authentication\">&#13;\n<p></p>\t\t<input name=\"ImageCode\" type=\"hidden\" value=\"16789\" />&#13;\n<p></p>\t\t value=\"Enter your email address here...\" style=\"  border-radius: 2px; font: 14px/100% Arial, Helvetica, sans-serif; padding: .2em 2em .2em;\" onfocus=\"if(this.value == 'Enter your email address here...') { this.value = ''; }\" onblur=\"if(this.value == '') { this.value = 'Enter your email address here...'; }\" /&gt;&#13;\n<p></p>\t\t<center> style=\"display: inline-block;&#13;\n<p></p>\toutline: none;&#13;\n<p></p>\tcursor: pointer;&#13;\n<p></p>\ttext-align: center;&#13;\n<p></p>\ttext-decoration: none;&#13;\n<p></p>\tfont: 14px/100% Arial, Helvetica, sans-serif;&#13;\n<p></p>\tpadding: .2em 1em .3em;&#13;\n<p></p>\ttext-shadow: 0 1px 1px rgba(0,0,0,.3);&#13;\n<p></p>\t-webkit-border-radius: .2em; &#13;\n<p></p>\t-moz-border-radius: .2em;&#13;\n<p></p>\tborder-radius: .2em;&#13;\n<p></p>\t-webkit-box-shadow: 0 1px 2px rgba(0,0,0,.2);&#13;\n<p></p>\t-moz-box-shadow: 0 1px 2px rgba(0,0,0,.2);&#13;\n<p></p>\tbox-shadow: 0 1px 2px rgba(0,0,0,.2);\"&#13;\n<p></p>&#13;\n<p></p>&gt;</center>&#13;\n<p></p></form></div><br /><a target=\"_new\" href=\"https://support.naturalnews.com/Feedback.html\"><font style=\"font-size:18px\">Submit a correction &gt;&gt;</font></a><p></p></div>&#13;\n&#13;\n &#13;\n&#13;\n &#13;\n&#13;\n&#13;\n &#13;\n&#13;\n<div class=\"Widget\" id=\"Widget15\" gravityScore=\"-3\" gravityNodes=\"1\"><div class=\"Content\" gravityScore=\"-6\" gravityNodes=\"1\"><p class=\"Title\">Get Our Free Email Newsletter</p>&#13;\n<p class=\"Description\">Get independent news alerts on natural cures, food lab tests, cannabis medicine, science, robotics, drones, privacy and more.</p>&#13;\n<iframe src=\"/NT-Include-ReaderRegistration-2019-Subscribe-Form-UnderArticle.html\" frameborder=\"0\" scrolling=\"no\" style=\"max-width:250px;overflow: hidden;height:70px;\"></iframe>&#13;\n<div class=\"Small\">  Subscription confirmation required.<a></a><span>  Subscription confirmation required.<a></a><span><a href=\"/privacypolicy\">Your privacy is protected.</a> Subscription confirmation required.</span></span></div>&#13;\n</div>&#13;\n</div>&#13;\n&#13;\n<hr id=\"Marker5\" class=\"Marker\" />&#13;\n<hr id=\"Marker6\" class=\"Marker\" />&#13;\n&#13;\n &#13;\n&#13;\n &#13;\n&#13;\n &#13;\n</div>&#13;\n</div>&#13;\n&#13;\n &#13;\n&#13;\n<div class=\"Article2\" gravityScore=\"-4\" gravityNodes=\"1\"><div class=\"Sticky2\" gravityScore=\"-6\" gravityNodes=\"1\"><hr id=\"Marker3\" class=\"Marker\" />&#13;\n&#13;\n&#13;\n<div class=\"Widget\" id=\"Widget15\" gravityScore=\"-8\" gravityNodes=\"1\"><div class=\"Content\" gravityScore=\"-14\" gravityNodes=\"1\"><p class=\"Title\">Get Our Free Email Newsletter</p>&#13;\n<p class=\"Description\">Get independent news alerts on natural cures, food lab tests, cannabis medicine, science, robotics, drones, privacy and more.</p>&#13;\n<iframe src=\"/NT-Include-ReaderRegistration-2019-Subscribe-Form-RightColumn.html\" frameborder=\"0\" scrolling=\"no\" style=\"max-width:250px;overflow: hidden;height:70px;\"></iframe>&#13;\n<div class=\"Small\">  Subscription confirmation required.<a></a><span>  Subscription confirmation required.<a></a><span><a href=\"/privacypolicy\">Your privacy is protected.</a> Subscription confirmation required.</span></span></div>&#13;\n</div>&#13;\n</div>&#13;\n&#13;\n<div id=\"rp_widget-2\" class=\"widget widget_rp_widget\"><h2><p class=\"SectionHead\">RECENT NEWS &amp; ARTICLES</p></h2><div class=\"PostsSmall\"><div class=\"Post\"><div class=\"Pic\"><a href=\"2022-08-31-irs-coaching-college-students-take-down-small-business.html\"><img border=\"0\" src=\"wp-content/uploads/sites/29/2022/08/IRS-Internal-Revenue-Service.jpg\" /></a>&#13;\n</div>&#13;\n<div class=\"Text\"><div class=\"Title\"><a href=\"2022-08-31-irs-coaching-college-students-take-down-small-business.html\">Watch: IRS coaching college students on how to take down small business owners</a></div>&#13;\n<div class=\"Info\"><span class=\"Author\"><a href=\"author/newseditors\">By News Editors</a></span></div>&#13;\n</div>&#13;\n</div>&#13;\n<div class=\"Post\"><div class=\"Pic\"><a href=\"2022-08-31-millions-of-americans-to-be-evicted-from-their-homes-economic-collapse.html\"><img border=\"0\" src=\"wp-content/uploads/sites/29/2022/08/Situation-Update-HRR-2022-8-31-VIDEO.jpg\" /></a>&#13;\n</div>&#13;\n<div class=\"Text\"><div class=\"Title\"><a href=\"2022-08-31-millions-of-americans-to-be-evicted-from-their-homes-economic-collapse.html\">MILLIONS of Americans to be EVICTED from their homes as economic collapse accelerates</a></div>&#13;\n<div class=\"Info\"><span class=\"Author\"><a href=\"author/healthranger\">By Mike Adams</a></span></div>&#13;\n</div>&#13;\n</div>&#13;\n<div class=\"Post\"><div class=\"Pic\"><a href=\"2022-08-30-aclu-chemical-castration-mutilations-children-trans-lgbt.html\"><img border=\"0\" src=\"wp-content/uploads/sites/29/2022/08/Child-Think-Kid-Study-Brain-Believe-Classroom.jpg\" /></a>&#13;\n</div>&#13;\n<div class=\"Text\"><div class=\"Title\"><a href=\"2022-08-30-aclu-chemical-castration-mutilations-children-trans-lgbt.html\">ACLU goes all-in for chemical castration and mutilation of children, abandoning the \u201ccivil rights\u201d of America\u2019s youth</a></div>&#13;\n<div class=\"Info\"><span class=\"Author\"><a href=\"author/ethanh\">By Ethan Huff</a></span></div>&#13;\n</div>&#13;\n</div>&#13;\n<div class=\"Post\"><div class=\"Pic\"><a href=\"2022-08-29-pfizer-pushing-ingestible-drugs-with-embedded-microchips.html\"><img border=\"0\" src=\"wp-content/uploads/sites/29/2022/08/Computer-Microchip-Red-White-Pills-Closeup-Medicine-Tracking-Chip.jpg\" /></a>&#13;\n</div>&#13;\n<div class=\"Text\"><div class=\"Title\"><a href=\"2022-08-29-pfizer-pushing-ingestible-drugs-with-embedded-microchips.html\">Pfizer now pushing ingestible drugs with embedded MICROCHIPS</a></div>&#13;\n<div class=\"Info\"><span class=\"Author\"><a href=\"author/bellecarter\">By Belle Carter</a></span></div>&#13;\n</div>&#13;\n</div>&#13;\n<div class=\"Post\"><div class=\"Pic\"><a href=\"2022-08-29-globalist-death-cult-launches-all-out-war.html\"><img border=\"0\" src=\"wp-content/uploads/sites/29/2022/08/Global-Warming.jpg\" /></a>&#13;\n</div>&#13;\n<div class=\"Text\"><div class=\"Title\"><a href=\"2022-08-29-globalist-death-cult-launches-all-out-war.html\">Globalist \u2018death cult\u2019 launches all-out war on the essential elements of life: MUST-WATCH VIDEO</a></div>&#13;\n<div class=\"Info\"><span class=\"Author\"><a href=\"author/newseditors\">By News Editors</a></span></div>&#13;\n</div>&#13;\n</div>&#13;\n<div class=\"Post\"><div class=\"Pic\"><a href=\"2022-08-29-decriminalize-zoophilia-with-animals-lgbtq.html\"><img border=\"0\" src=\"wp-content/uploads/sites/29/2022/08/Labrador-Retriever-Dog-Black-Chocolate-A-Best.jpg\" /></a>&#13;\n</div>&#13;\n<div class=\"Text\"><div class=\"Title\"><a href=\"2022-08-29-decriminalize-zoophilia-with-animals-lgbtq.html\">\u2018Decriminalize sex with animals\u2019: Zoophilia pride marchers demand LGBTQI+ movement add a Z</a></div>&#13;\n<div class=\"Info\"><span class=\"Author\"><a href=\"author/newseditors\">By News Editors</a></span></div>&#13;\n</div>&#13;\n</div>&#13;\n<div class=\"Post\"><div class=\"Pic\"><a href=\"2022-08-28-audio-evidence-childrens-national-hospital-hysterectomies-children.html\"><img border=\"0\" src=\"wp-content/uploads/sites/29/2022/08/Trans-Symbols-Men-Women.jpg\" /></a>&#13;\n</div>&#13;\n<div class=\"Text\"><div class=\"Title\"><a href=\"2022-08-28-audio-evidence-childrens-national-hospital-hysterectomies-children.html\">Audio evidence proves that Children\u2019s National Hospital is performing hysterectomies (surgical mutilations) on children</a></div>&#13;\n<div class=\"Info\"><span class=\"Author\"><a href=\"author/ethanh\">By Ethan Huff</a></span></div>&#13;\n</div>&#13;\n</div>&#13;\n<div class=\"Post\"><div class=\"Pic\"><a href=\"2022-08-28-scientists-cockroach-milk-more-nutritious-cows-milk.html\"><img border=\"0\" src=\"wp-content/uploads/sites/29/2022/08/milk.png\" /></a>&#13;\n</div>&#13;\n<div class=\"Text\"><div class=\"Title\"><a href=\"2022-08-28-scientists-cockroach-milk-more-nutritious-cows-milk.html\">Cockroach milk touted by scientists as \u201cover three times more nutritious\u201d than cow\u2019s milk</a></div>&#13;\n<div class=\"Info\"><span class=\"Author\"><a href=\"author/ramontomeydw\">By Ramon Tomey</a></span></div>&#13;\n</div>&#13;\n</div>&#13;\n<div class=\"Post\"><div class=\"Pic\"><a href=\"2022-08-28-theyre-free-to-keep-on-killing-us-evil.html\"><img border=\"0\" src=\"wp-content/uploads/sites/29/2022/08/Covid-vaccine-young-girl.jpg\" /></a>&#13;\n</div>&#13;\n<div class=\"Text\"><div class=\"Title\"><a href=\"2022-08-28-theyre-free-to-keep-on-killing-us-evil.html\">They\u2019re free to keep on killing us, as long as we keep thinking that they couldn\u2019t be that evil</a></div>&#13;\n<div class=\"Info\"><span class=\"Author\"><a href=\"author/newseditors\">By News Editors</a></span></div>&#13;\n</div>&#13;\n</div>&#13;\n<div class=\"Post\"><div class=\"Pic\"><a href=\"2022-08-28-faucis-reign-of-terror-changed-america-forever.html\"><img border=\"0\" src=\"wp-content/uploads/sites/29/2022/08/Fauci-Committee-Hearing-Coronavirus.jpg\" /></a>&#13;\n</div>&#13;\n<div class=\"Text\"><div class=\"Title\"><a href=\"2022-08-28-faucis-reign-of-terror-changed-america-forever.html\">Anthony Fauci\u2019s reign of terror changed America forever</a></div>&#13;\n<div class=\"Info\"><span class=\"Author\"><a href=\"author/victort\">By News Editors</a></span></div>&#13;\n</div>&#13;\n</div>&#13;\n<div class=\"Post\"><div class=\"Pic\"><a href=\"2022-08-26-get-trump-damn-the-constitution.html\"><img border=\"0\" src=\"wp-content/uploads/sites/29/2022/08/Trump-White-House-Briefing.jpg\" /></a>&#13;\n</div>&#13;\n<div class=\"Text\"><div class=\"Title\"><a href=\"2022-08-26-get-trump-damn-the-constitution.html\">\u201cGet Trump!\u201d Damn the Constitution</a></div>&#13;\n<div class=\"Info\"><span class=\"Author\"><a href=\"author/newseditors\">By News Editors</a></span></div>&#13;\n</div>&#13;\n</div>&#13;\n<div class=\"Post\"><div class=\"Pic\"><a href=\"2022-08-26-globalists-are-terrorizing-humanity-with-artificial-scarcity-of-everything-food-energy-fertilizer.html\"><img border=\"0\" src=\"wp-content/uploads/sites/29/2022/08/HRR-2022-08-26-Situation-Update-VIDEO.jpg\" /></a>&#13;\n</div>&#13;\n<div class=\"Text\"><div class=\"Title\"><a href=\"2022-08-26-globalists-are-terrorizing-humanity-with-artificial-scarcity-of-everything-food-energy-fertilizer.html\">Globalists are terrorizing humanity with artificial SCARCITY of everything: Food, energy, fertilizer and more\u2026 When we defeat the controllers, we unleash ABUNDANCE for all</a></div>&#13;\n<div class=\"Info\"><span class=\"Author\"><a href=\"author/healthranger\">By Mike Adams</a></span></div>&#13;\n</div>&#13;\n</div>&#13;\n<div class=\"Post\"><div class=\"Pic\"><a href=\"2022-08-26-nobel-prize-winner-dismantles-transgenderism-as-unscientific.html\"><img border=\"0\" src=\"wp-content/uploads/sites/29/2022/08/nobel-2.jpg\" /></a>&#13;\n</div>&#13;\n<div class=\"Text\"><div class=\"Title\"><a href=\"2022-08-26-nobel-prize-winner-dismantles-transgenderism-as-unscientific.html\">Nobel Prize winner dismantles transgenderism as \u2018unscientific,\u2019 at odds with fundamental biology</a></div>&#13;\n<div class=\"Info\"><span class=\"Author\"><a href=\"author/victort1\">By News Editors</a></span></div>&#13;\n</div>&#13;\n</div>&#13;\n<div class=\"Post\"><div class=\"Pic\"><a href=\"2022-08-26-childrens-hospital-admits-performing-hysterectomies-trans-minors.html\"><img border=\"0\" src=\"wp-content/uploads/sites/29/2022/08/transgender-children.jpg\" /></a>&#13;\n</div>&#13;\n<div class=\"Text\"><div class=\"Title\"><a href=\"2022-08-26-childrens-hospital-admits-performing-hysterectomies-trans-minors.html\">AUDIO: Children\u2019s hospital admits to performing hysterectomies on trans minors</a></div>&#13;\n<div class=\"Info\"><span class=\"Author\"><a href=\"author/newseditors\">By News Editors</a></span></div>&#13;\n</div>&#13;\n</div>&#13;\n<div class=\"Post\"><div class=\"Pic\"><a href=\"2022-08-25-blackrock-architect-of-woke-capitalism-destroying-america.html\"><img border=\"0\" src=\"wp-content/uploads/sites/29/2022/08/Burned-Dollar-US-Economy.jpg\" /></a>&#13;\n</div>&#13;\n<div class=\"Text\"><div class=\"Title\"><a href=\"2022-08-25-blackrock-architect-of-woke-capitalism-destroying-america.html\">Meet BlackRock: The \u2018architect of woke capitalism\u2019 destroying America from within</a></div>&#13;\n<div class=\"Info\"><span class=\"Author\"><a href=\"author/newseditors\">By News Editors</a></span></div>&#13;\n</div>&#13;\n</div>&#13;\n<div class=\"Post\"><div class=\"Pic\"><a href=\"2022-08-25-media-flips-sets-stage-to-blame-trump-for-vaccine-injuries-and-deaths.html\"><img border=\"0\" src=\"wp-content/uploads/sites/29/2022/08/HRR-2022-08-25-Situation-Update-VIDEO.jpg\" /></a>&#13;\n</div>&#13;\n<div class=\"Text\"><div class=\"Title\"><a href=\"2022-08-25-media-flips-sets-stage-to-blame-trump-for-vaccine-injuries-and-deaths.html\">TRUMP TRAP SPRUNG: Media FLIPS, sets stage to blame Trump for widespread vaccine injuries and deaths</a></div>&#13;\n<div class=\"Info\"><span class=\"Author\"><a href=\"author/healthranger\">By Mike Adams</a></span></div>&#13;\n</div>&#13;\n</div>&#13;\n<div class=\"Post\"><div class=\"Pic\"><a href=\"2022-08-24-german-protesters-demand-right-zoophilia-animals.html\"><img border=\"0\" src=\"wp-content/uploads/sites/29/2022/08/Dog-Cat-Sleep-Couch-Pets.jpg\" /></a>&#13;\n</div>&#13;\n<div class=\"Text\"><div class=\"Title\"><a href=\"2022-08-24-german-protesters-demand-right-zoophilia-animals.html\">German protesters demand \u201cright\u201d to have sex with animals, including dogs, horses, boars and anything else they can catch</a></div>&#13;\n<div class=\"Info\"><span class=\"Author\"><a href=\"author/ethanh\">By Ethan Huff</a></span></div>&#13;\n</div>&#13;\n</div>&#13;\n<div class=\"Post\"><div class=\"Pic\"><a href=\"2022-08-24-fascist-trudeau-weapons-armories-interrogation-climate-change.html\"><img border=\"0\" src=\"wp-content/uploads/sites/29/2022/08/Editorial-Use-Justin-Trudeau-Face.jpg\" /></a>&#13;\n</div>&#13;\n<div class=\"Text\"><div class=\"Title\"><a href=\"2022-08-24-fascist-trudeau-weapons-armories-interrogation-climate-change.html\">Fascist Trudeau implementing weapons armories and interrogation rooms for Canada\u2019s Ministry of Climate Change</a></div>&#13;\n<div class=\"Info\"><span class=\"Author\"><a href=\"author/ethanh\">By Ethan Huff</a></span></div>&#13;\n</div>&#13;\n</div>&#13;\n<div class=\"Post\"><div class=\"Pic\"><a href=\"2022-08-24-colombia-seeking-to-decriminalize-cocaine-leftist-president.html\"><img border=\"0\" src=\"wp-content/uploads/sites/29/2022/08/Cocaine-Lines-Drugs.jpg\" /></a>&#13;\n</div>&#13;\n<div class=\"Text\"><div class=\"Title\"><a href=\"2022-08-24-colombia-seeking-to-decriminalize-cocaine-leftist-president.html\">Cocaine-producing giant Colombia seeking to DECRIMINALIZE the drug</a></div>&#13;\n<div class=\"Info\"><span class=\"Author\"><a href=\"author/ramontomeydw\">By Ramon Tomey</a></span></div>&#13;\n</div>&#13;\n</div>&#13;\n<div class=\"Post\"><div class=\"Pic\"><a href=\"2022-08-24-lockdowns-mandates-led-to-mar-a-lago-raid.html\"><img border=\"0\" src=\"wp-content/uploads/sites/29/2022/08/Lockdown-Business-Sign-Closed-Covid-19.jpg\" /></a>&#13;\n</div>&#13;\n<div class=\"Text\"><div class=\"Title\"><a href=\"2022-08-24-lockdowns-mandates-led-to-mar-a-lago-raid.html\">The lockdowns and mandates emboldened the ruling class and led to the raid on Mar-a-Lago</a></div>&#13;\n<div class=\"Info\"><span class=\"Author\"><a href=\"author/newseditors\">By News Editors</a></span></div>&#13;\n</div>&#13;\n</div>&#13;\n</div></div>&#13;\n</div>&#13;\n</div>&#13;\n&#13;\n &#13;\n &#13;\n</div>&#13;\n</div>&#13;\n&#13;\n &#13;\n&#13;\n &#13;\n&#13;\n &#13;\n&#13;\n</div>&#13;\n&#13;\n</div>&#13;\n&#13;\n&#13;\n &#13;\n&#13;\n&#13;\n &#13;\n &#13;\n&#13;\n&#13;\n &#13;\n&#13;\n &#13;\n&#13;\n &#13;\n&#13;\n &#13;\n&#13;\n &#13;\n&#13;\n &#13;\n&#13;\n</div></div></body>&#13;\n</html>\n"], "movies": [], "links": ["https://www.naturalnews.com/2022-03-10-us-confirms-biolabs-ukraine-russian-attack.html", "https://t.co/ynkd7hW6iK", "https://twitter.com/stillgray/status/1501310103529541636?ref_src=twsrc%5Etfw", "https://www.theepochtimes.com/us-state-department-denies-russian-allegations-of-biological-weapons-in-ukraine_4324227.html", "http://Brighteon.com/6d56b21a-24f0-4a65-b344-aeeafd23913d", "https://www.brighteon.com/channels/hrreport", "http://Brighteon.social/@HealthRanger", "https://t.me/RealHealthRanger", "http://GETTR.com/user/healthranger", "http://Parler.com/user/HealthRanger", "https://Rumble.com/c/HealthRangerReport", "http://Bitchute.com/channel/9EB8glubb0Ns/", "http://app.clouthub.com/#/users/u/naturalnews/posts", "https://www.naturalnews.com/readerregistration.html", "https://audiobooks.naturalnews.com/", "https://www.addtoany.com/add_to/google_plus?linkurl=%2Ftwistednews%2F2022-03-10-us-bioweapons-labs-confirmed-as-deep-state-sets-stage-for-biowar-false-flag-event-to-be-blamed-on-russia.html&linkname=US%20bioweapons%20labs%20CONFIRMED%20as%20deep%20state%20sets%20stage%20for%20biowar%20false%20flag%20event%20to%20be%20blamed%20on%20Russia", "https://www.addtoany.com/share", "https://support.naturalnews.com/Feedback.html"], "authors": [], "publish_date": null}