{"result_id": "322020", "URL": "https://unlimitedhangout.com/tag/coronavirus/", "timestamp": "2023-04-25 17:46:07 CEST+0200", "meta": {"description": "", "lang": "en", "keywords": "", "favicon": "https://unlimitedhangout.com/wp-content/uploads/2023/02/cropped-2023-02-02-UH-Favicon-32x32.jpg", "canonical": "https://unlimitedhangout.com/tag/coronavirus/", "encoding": "UTF-8"}, "image": null, "domain": "unlimitedhangout.com", "title": "coronavirus Archives", "cleaned_text": "Techno-Tyranny: How The US National Security State Is Using Coronavirus To Fulfill An Orwellian Vision\n\nLast year, a government commission called for the US to adopt an AI-driven mass surveillance system far beyond that used in any other country in order to ensure American hegemony in artificial intelligence. Now, many of the \u201cobstacles\u201d they had cited as preventing its implementation are rapidly being removed under the guise of combating the coronavirus crisis.", "opengraph": {"locale": "en_US", "type": "article", "title": "coronavirus Archives - Unlimited Hangout", "url": "https://unlimitedhangout.com/tag/coronavirus/", "site_name": "Unlimited Hangout", "image": "https://unlimitedhangout.com/wp-content/uploads/2021/05/test-1.jpg", "image:width": "1024", "image:height": "512", "image:type": "image/jpeg"}, "tags": ["with Jonathan Bush (George Bush Sr.\u2019s brother) serving on its corporate advisory board", "Zionism", "World", "World Bank", "White Helmets", "William Barr", "Wuhan", "while another", "white supremacy", "World Economic Forum"], "tweets": [], "movies": [], "links": ["https://unlimitedhangout.com/2020/05/reports/techno-tyranny-how-the-us-national-security-state-is-using-coronavirus-to-fulfill-an-orwellian-vision/"], "authors": [], "publish_date": null}