{"result_id": "322036", "URL": "https://unlimitedhangout.com/2022/02/podcasts/russias-sputnik-v-and-the-wef-with-riley-waggaman-2/", "timestamp": "2023-04-25 17:46:14 CEST+0200", "meta": {"description": "In this episode, Whitney is joined by Moscow-based journalist Riley Waggaman to explore the oligarchs and bankers behind Russia's Sputnik V Covid-19 vaccine and their ties to the dystopian rollout of Digital ID and CBDCs in the country.", "lang": "en", "keywords": "", "favicon": "https://unlimitedhangout.com/wp-content/uploads/2023/02/cropped-2023-02-02-UH-Favicon-32x32.jpg", "canonical": "https://unlimitedhangout.com/2022/02/podcasts/russias-sputnik-v-and-the-wef-with-riley-waggaman-2/", "encoding": "UTF-8"}, "image": null, "domain": "unlimitedhangout.com", "title": "Russia\u2019s Sputnik V and the WEF with Riley Waggaman", "cleaned_text": "AI and the War on Agriculture with Christian Westbrook\n\nIn this episode, Whitney is joined by Christian Westbrook of the Ice Age Farmer broadcast to discuss the underreported yet massive supply chain crisis and how the Davos elite plan to capitalize on that chaos to usher in AI-driven supply chains, especially as it relates agriculture. Originally published April 28, 2021 on Rokfin", "opengraph": {"locale": "en_US", "type": "article", "title": "Russia\u2019s Sputnik V and the WEF with Riley Waggaman", "description": "In this episode, Whitney is joined by Moscow-based journalist Riley Waggaman to explore the oligarchs and bankers behind Russia's Sputnik V Covid-19 vaccine and their ties to the dystopian rollout of Digital ID and CBDCs in the country.", "url": "https://unlimitedhangout.com/2022/02/podcasts/russias-sputnik-v-and-the-wef-with-riley-waggaman-2/", "site_name": "Unlimited Hangout", "article:published_time": "2022-02-07T20:05:08+00:00", "article:modified_time": "2022-02-07T22:51:59+00:00", "image": "https://unlimitedhangout.com/wp-content/uploads/2021/05/test-1.jpg", "image:width": "1024", "image:height": "512", "image:type": "image/jpeg"}, "tags": ["with Jonathan Bush (George Bush Sr.\u2019s brother) serving on its corporate advisory board", "Zionism", "World", "World Bank", "White Helmets", "William Barr", "Wuhan", "while another", "white supremacy", "World Economic Forum"], "tweets": [], "movies": [], "links": ["https://unlimitedhangout.com/2021/05/podcasts/ai-and-the-war-on-agriculture-with-christian-westbrook/"], "authors": ["Unlimited Hangout"], "publish_date": "2022-02-07T20:05:08+00:00"}