{"result_id": "324048", "URL": "https://usahitman.com/afuivwad/", "timestamp": "2023-04-25 17:47:54 CEST+0200", "meta": {"description": "Video of sworn deposition questioning vaccine developer and study author Dr. Stanley Plotkin. Vaccines are toxic and aborted fetus are being used!", "lang": "en", "keywords": "", "favicon": "", "canonical": "https://usahitman.com/afuivwad/", "encoding": "UTF-8"}, "image": null, "domain": "usahitman.com", "title": "Aborted Fetuses Used in Vaccines Without a Doubt!", "cleaned_text": "Below is a sworn deposition questioning vaccine developer and study author Dr. Stanley Plotkin. The video starts at 40 minutes; I saved you the time to skip through the nonsense. Please Watch the video below and please share. This is why vaccines are 100% Toxic:\n\nInterviewer: How many fetuses were used in the study described in this article?\n\n\n\nDr. Stanley Plotkin: Quite a few.\n\nPlotkin: I don\u2019t remember exactly how many.\n\nInterviewer: Turn to page 12 of the study.\n\nInterviewer: And these fetuses were all three months or older when aborted, correct?\n\nInterviewer: And these were all normally developed fetuses, correct?\n\nInterviewer: What organs did you harvest from these fetuses?\n\nPlotkin: I didn\u2019t personally harvest any, but a whole range of tissues were harvested by co-workers.\n\nInterviewer: And these pieces were then cut up into little pieces, right.\n\nInterviewer: And they were cultured?\n\nInterviewer: OK. Some of the pieces of the fetuses were pituitary gland\u2026 that were chopped into pieces\u2026", "opengraph": {"locale": "en_US", "type": "article", "title": "Aborted Fetuses Used in Vaccines Without a Doubt! - USAHITMAN Conspiracy News", "description": "Video of sworn deposition questioning vaccine developer and study author Dr. Stanley Plotkin. Vaccines are toxic and aborted fetus are being used!", "url": "https://usahitman.com/afuivwad/", "site_name": "USAHITMAN Conspiracy News", "article:published_time": "2019-01-30T16:28:10+00:00", "article:modified_time": "2019-02-01T04:30:37+00:00", "image": "https://usahitman.com/wp-content/uploads/toxicva.jpg", "image:width": "297", "image:height": "170", "image:type": "image/jpeg"}, "tags": ["Fetus", "Body Pieces", "Toxic", "Aborted Fetus"], "tweets": [], "movies": [{"embed_type": "iframe", "provider": "youtube", "width": "1280", "height": "720", "embed_code": "<iframe src=\"https://www.youtube.com/embed/PN7FQCkiBp8\" allow=\"accelerometer; autoplay; encrypted-media; gyroscope; picture-in-picture\" allowfullscreen=\"\" width=\"1280\" height=\"720\" frameborder=\"0\"/>", "src": "https://www.youtube.com/embed/PN7FQCkiBp8"}], "links": [], "authors": ["mediahitman"], "publish_date": "2019-01-30T16:28:10+00:00"}