{"result_id": "329007", "URL": "https://vrevealed.com/eg/covid/own", "timestamp": "2023-04-25 17:51:08 CEST+0200", "meta": {"description": "", "lang": "en", "keywords": "", "favicon": "https://assets.cdn1.vrevealed.com/assets/images/covid/favicon.png", "canonical": "https://vrevealed.com/eg/covid/own", "encoding": "utf-8"}, "image": null, "domain": "vrevealed.com", "title": "Vaccines Revealed COVID Edition | Order", "cleaned_text": "VACCINES REVEALED IS NOT ABOUT CONSPIRACY THEORIES\n\nwe are following the facts:\n\nYou are being lied to.\n\nThere's REAL DAMAGE Happening To Real People...\n\nThe evidence is OVERWHELMING!\n\nBig Pharma REALLY doesn't want this to get out.\n\nThey are going to to keep this cover-up going\n\nand continue their life-threatening disinformation campaign.\n\nAs you know... ...\n\nSo the tech giants (Google, Facebook, Youtube...) will systematically\n\nremove ANY TRACE of this !\n\nYou Won't Find This Controversial Information\n\nAnywhere Else!\n\nWe Know We're Taking A HUGE RISK -\n\nBut you DESERVE the Truth.\n\nHelp Us Spread This Docu-Series NOW...\n\nBecause The Threat of Mandatory Vaccines is Here!", "opengraph": {"image": "https://assets.cdn1.vrevealed.com/assets/images/covid/vaccine.png", "title": "Vaccines Revealed COVID Edition | Order", "description": "Big Pharma REALLY doesn't want this to get out. They are going to Extreme Measures to keep this cover-up going and continue their life-threatening disinformation campaign.", "url": "https://vrevealed.com/covid/"}, "tags": [], "tweets": [], "movies": [], "links": [], "authors": [], "publish_date": null}