{"result_id": "332036", "URL": "https://vaxxter.com/category/covid-19/covid19/covid-vaccine-deaths/", "timestamp": "2023-04-25 17:53:24 CEST+0200", "meta": {"description": "", "lang": "en", "keywords": "", "favicon": "https://vaxxter.com/wp-content/uploads/2022/02/cropped-tenpennyReportSiteIcon-32x32.png", "canonical": "https://vaxxter.com/category/covid-19/covid19/covid-vaccine-deaths/", "encoding": "UTF-8"}, "image": null, "domain": "vaxxter.com", "title": "Covid Vaccine Deaths Archives", "cleaned_text": "The May 2022 US News and World Report jobs report listed a record 11.5 million available job positions available \u2013 twice the number before the pandemic. Whether you go into a coffee shop, a bakery, a restaurant, or an auto parts store, you will more than likely see a \u2018Help Wanted\u2019 sign in the window. Every business owner we have spoken with in the last six months across every industry you can think of, they are struggling because they are short-staffed. Where are all the workers? There are no stimulus checks coming in.\n\nAre they disabled? Or are they dead? This question may sound sensational but hear me out.", "opengraph": {"locale": "en_US", "type": "article", "title": "Covid Vaccine Deaths Archives - The Tenpenny Report", "url": "https://vaxxter.com/category/covid-19/covid19/covid-vaccine-deaths/", "site_name": "The Tenpenny Report"}, "tags": [], "tweets": [], "movies": [], "links": [], "authors": [], "publish_date": null}