{"result_id": "335024", "URL": "https://www.votefraud.news/author/ethanh", "timestamp": "2023-04-25 17:55:54 CEST+0200", "meta": {"description": "Vote Fraud News | Vote Fraud News \u2013 Vote Fraud Information", "lang": "en", "keywords": "voter fraud, fake polls, fake election numbers, Russian hacking, illegal immigration voting", "favicon": "wp-content/themes/NTTheme/images/Newstarget-fav.png", "canonical": "https://www.votefraud.news/author/ethanh", "encoding": "UTF-8"}, "image": null, "domain": "www.votefraud.news", "title": "\u2013 Vote Fraud Information", "cleaned_text": "Get independent news alerts on natural cures, food lab tests, cannabis medicine, science, robotics, drones, privacy and more.", "opengraph": {"title": "Vote Fraud News | Vote Fraud News \u2013 Vote Fraud Information", "type": "website", "url": "https://www.votefraud.news/author/ethanh", "site_name": "Vote Fraud News", "description": "Vote Fraud News | Vote Fraud News \u2013 Vote Fraud Information", "image": "https://www.votefraud.news/images/SocialImage.jpg"}, "tags": [], "tweets": [], "movies": [], "links": ["/privacypolicy"], "authors": [], "publish_date": null}