{"result_id": "336034", "URL": "https://wattsupwiththat.com/2017/05/", "timestamp": "2023-04-25 18:03:30 CEST+0200", "meta": {"description": "", "lang": "en", "keywords": "", "favicon": "https://i0.wp.com/wattsupwiththat.com/wp-content/uploads/2018/05/cropped-WUWT-logo.jpg?fit=32%2C32&ssl=1", "canonical": "https://wattsupwiththat.com/2017/05/", "encoding": "UTF-8"}, "image": null, "domain": "wattsupwiththat.com", "title": "May 2017 \u2013 Watts Up With That?", "cleaned_text": "", "opengraph": {"type": "website", "title": "May 2017 \u2013 Watts Up With That?", "site_name": "Watts Up With That?", "image": "https://i0.wp.com/wattsupwiththat.com/wp-content/uploads/2018/05/cropped-WUWT-logo.jpg?fit=512%2C512&ssl=1", "image:width": "512", "image:height": "512", "locale": "en_US"}, "tags": [], "tweets": [], "movies": [], "links": ["https://wattsupwiththat.com/2017/05/31/john-cook-lewandowsky-claims-psychological-vaccine-against-climate-wrongthink/", "https://wattsupwiththat.com/2017/05/31/john-cook-lewandowsky-claims-psychological-vaccine-against-climate-wrongthink/", "https://wattsupwiththat.com/2017/05/31/in-one-graph-why-the-parisclimate-accord-is-useless/", "https://wattsupwiththat.com/2017/05/31/in-one-graph-why-the-parisclimate-accord-is-useless/", "https://wattsupwiththat.com/2017/05/31/poll-trump-and-the-paris-climate-agreement-parisagreement/", "https://wattsupwiththat.com/2017/05/31/poll-trump-and-the-paris-climate-agreement-parisagreement/", "https://wattsupwiththat.com/2017/05/31/dilbert-1-scientists-0/", "https://wattsupwiththat.com/2017/05/31/dilbert-1-scientists-0/", "https://wattsupwiththat.com/2017/05/31/trump-reportedly-will-pull-out-of-paris-climate-accord/", "https://wattsupwiththat.com/2017/05/31/trump-reportedly-will-pull-out-of-paris-climate-accord/", "https://wattsupwiththat.com/2017/05/31/green-energy-insurrection-aussie-miners-heavy-industry-threaten-investment-walkout-over-energy-prices/", "https://wattsupwiththat.com/2017/05/31/green-energy-insurrection-aussie-miners-heavy-industry-threaten-investment-walkout-over-energy-prices/", "https://wattsupwiththat.com/2017/05/30/claim-four-trillion-dollar-per-annum-carbon-tax-required-to-save-the-world/", "https://wattsupwiththat.com/2017/05/30/claim-four-trillion-dollar-per-annum-carbon-tax-required-to-save-the-world/", "https://wattsupwiththat.com/2017/05/30/good-news-africa-has-become-greener-in-the-last-20-years/", "https://wattsupwiththat.com/2017/05/30/good-news-africa-has-become-greener-in-the-last-20-years/", "https://wattsupwiththat.com/2017/05/30/study-finds-a-natural-cause-for-early-20th-century-arctic-warming-but-kowtows-to-co2-in-the-present/", "https://wattsupwiththat.com/2017/05/30/study-finds-a-natural-cause-for-early-20th-century-arctic-warming-but-kowtows-to-co2-in-the-present/", "https://wattsupwiththat.com/2017/05/30/east-european-states-mount-revolt-against-paris-agreement/", "https://wattsupwiththat.com/2017/05/30/east-european-states-mount-revolt-against-paris-agreement/", "https://wattsupwiththat.com/2017/05/30/u-s-boem-releases-highest-resolution-bathymetry-map-of-the-gulf-of-mexico-evah/", "https://wattsupwiththat.com/2017/05/30/u-s-boem-releases-highest-resolution-bathymetry-map-of-the-gulf-of-mexico-evah/", "https://wattsupwiththat.com/2017/05/30/study-heat-island-effect-could-double-climate-change-costs-for-worlds-cities/", "https://wattsupwiththat.com/2017/05/30/study-heat-island-effect-could-double-climate-change-costs-for-worlds-cities/", "https://wattsupwiththat.com/2017/05/30/gulf-news-demands-usa-submit-to-the-paris-agreement/", "https://wattsupwiththat.com/2017/05/30/gulf-news-demands-usa-submit-to-the-paris-agreement/", "https://wattsupwiththat.com/2017/05/29/dear-mr-president-potus-please-exit-the-paris-climate-agreement/", "https://wattsupwiththat.com/2017/05/29/dear-mr-president-potus-please-exit-the-paris-climate-agreement/", "https://wattsupwiththat.com/2017/05/29/desperate-paris-agreement-advocates-the-usa-is-a-rogue-country-better-off-out/", "https://wattsupwiththat.com/2017/05/29/desperate-paris-agreement-advocates-the-usa-is-a-rogue-country-better-off-out/", "https://wattsupwiththat.com/2017/05/29/weekly-climate-and-energy-news-roundup-271/", "https://wattsupwiththat.com/2017/05/29/weekly-climate-and-energy-news-roundup-271/", "https://wattsupwiththat.com/2017/05/28/garbage-study-claims-global-warming-will-cause-u-s-sleep-loss/", "https://wattsupwiththat.com/2017/05/28/garbage-study-claims-global-warming-will-cause-u-s-sleep-loss/", "https://wattsupwiththat.com/2017/05/28/this-is-the-way-the-climate-scare-ends-not-with-a-bang-but-a-whimper/", "https://wattsupwiththat.com/2017/05/28/this-is-the-way-the-climate-scare-ends-not-with-a-bang-but-a-whimper/", "https://wattsupwiththat.com/2017/05/27/scientists-predict-0-3c-of-dangerous-warming-if-president-trump-pulls-out-of-paris/", "https://wattsupwiththat.com/2017/05/27/scientists-predict-0-3c-of-dangerous-warming-if-president-trump-pulls-out-of-paris/", "https://wattsupwiththat.com/2017/05/27/trump-declines-to-endorse-paris-climate-accord/", "https://wattsupwiththat.com/2017/05/27/trump-declines-to-endorse-paris-climate-accord/", "https://wattsupwiththat.com/2017/05/26/trump-white-house-chief-economic-advisor-declares-war-on-coal/", "https://wattsupwiththat.com/2017/05/26/trump-white-house-chief-economic-advisor-declares-war-on-coal/", "https://wattsupwiththat.com/2017/05/26/crazy-litigious-climate-citizens-have-a-constitutional-right-to-a-stable-climate-system/", "https://wattsupwiththat.com/2017/05/26/crazy-litigious-climate-citizens-have-a-constitutional-right-to-a-stable-climate-system/", "https://wattsupwiththat.com/2017/05/25/no-santer-et-al-have-not-refuted-scott-pruitt/", "https://wattsupwiththat.com/2017/05/25/no-santer-et-al-have-not-refuted-scott-pruitt/", "https://wattsupwiththat.com/2017/05/25/the-pros-and-cons-of-leaf-abundance-due-to-increased-global-carbon-dioxide-greening-the-earth/", "https://wattsupwiththat.com/2017/05/25/the-pros-and-cons-of-leaf-abundance-due-to-increased-global-carbon-dioxide-greening-the-earth/"], "authors": [], "publish_date": null}