{"result_id": "344034", "URL": "https://www.winterwatch.net/2021/09/jeremy-chardy-i-regret-getting-vaccinated-i-have-series-of-problems-now/", "timestamp": "2023-04-25 18:13:56 CEST+0200", "meta": {"description": "By Dzevad Mesic | 25 September 2021 TENNIS WORLD -- Former world No. 25 Jeremy Chardy says he has a \"series of problems\" after taking the COVID-19 vaccine and his 2021 season is over. This summer, 34-year-old Chardy decided to get vaccinated and it didn't work out well for him. Chardy, now ranked at No. 73 in the", "lang": "en", "keywords": "", "favicon": "https://i0.wp.com/www.winterwatch.net/wp-content/uploads/2016/06/torch-resize.png?fit=11%2C32&ssl=1", "canonical": "https://www.winterwatch.net/2021/09/jeremy-chardy-i-regret-getting-vaccinated-i-have-series-of-problems-now/", "encoding": "UTF-8"}, "image": null, "domain": "www.winterwatch.net", "title": "Jeremy Chardy: I regret getting vaccinated, I have series of problems now | Winter Watch", "cleaned_text": "TENNIS WORLD \u2014 Former world No. 25 Jeremy Chardy says he has a \u201cseries of problems\u201d after taking the COVID-19 vaccine and his 2021 season is over. This summer, 34-year-old Chardy decided to get vaccinated and it didn\u2019t work out well for him.\n\nChardy, now ranked at No. 73 in the world, claims he is unable to train and play. \u201cSince I got my vaccine [between the Olympics and the US Open], I have a problem, I have a series of problems. As a result, I can\u2019t train, I can\u2019t play. \u2026 I prefer to take more time to heal myself and be sure that, in the future, I won\u2019t have any problems,\u201d Chardy told L\u2019Equipe.\n\n\u201cAt the moment, my season is stopped and I don\u2019t know when I\u2019ll start again. \u2026 So now I regret having taken the vaccine, but I couldn\u2019t have known. \u2026 It\u2019s the first time that the idea that next season might be my last has crossed my mind,\u201d Chardy added. [\u2026]", "opengraph": {}, "tags": ["(p)Harma Industry Skulduggery"], "tweets": [], "movies": [], "links": ["https://www.tennisworldusa.org/tennis/news/Tennis_Interviews/102836/jeremy-chardy-i-regret-getting-vaccinated-i-have-series-of-problems-now/", "https://www.tennisworldusa.org/tennis/news/Tennis_Interviews/101818/matteo-berrettini-shows-respect-for-jeremy-chardy-after-us-open-clash/", "https://www.tennisworldusa.org/tennis/news/Tennis_Interviews/102836/jeremy-chardy-i-regret-getting-vaccinated-i-have-series-of-problems-now/", "https://www.winterwatch.net/2021/09/jeremy-chardy-i-regret-getting-vaccinated-i-have-series-of-problems-now/?share=custom-1600884568", "https://www.pinterest.com/pin/create/button/?url=https%3A%2F%2Fwww.winterwatch.net%2F2021%2F09%2Fjeremy-chardy-i-regret-getting-vaccinated-i-have-series-of-problems-now%2F&media=https%3A%2F%2Fi0.wp.com%2Fwww.winterwatch.net%2Fwp-content%2Fuploads%2F2021%2F03%2FCOVID-vax-vaccine.jpg%3Ffit%3D600%252C350%26ssl%3D1&description=Jeremy%20Chardy%3A%20I%20regret%20getting%20vaccinated%2C%20I%20have%20series%20of%20problems%20now", "https://twitter.com/share", "mailto:?subject=%5BShared%20Post%5D%20Jeremy%20Chardy%3A%20I%20regret%20getting%20vaccinated%2C%20I%20have%20series%20of%20problems%20now&body=https%3A%2F%2Fwww.winterwatch.net%2F2021%2F09%2Fjeremy-chardy-i-regret-getting-vaccinated-i-have-series-of-problems-now%2F&share=email", "https://www.winterwatch.net/2021/09/jeremy-chardy-i-regret-getting-vaccinated-i-have-series-of-problems-now/?share=jetpack-whatsapp", "#", "https://www.winterwatch.net/2021/09/jeremy-chardy-i-regret-getting-vaccinated-i-have-series-of-problems-now/#print"], "authors": [], "publish_date": null}