{"result_id": "346009", "URL": "https://worldcouncilforhealth.org/news/focus-on-vaccine-injury/", "timestamp": "2023-04-25 18:14:21 CEST+0200", "meta": {"description": "This week, the World Council for Health has focused on the important topic of Covid-19 vaccine injury. Our June 6 General Assembly Meeting welcomed guests Dr.", "lang": "en", "keywords": "", "favicon": "https://worldcouncilforhealth.org/wp-content/uploads/2021/09/cropped-WCH-mark-favicon-32x32.png", "canonical": "https://worldcouncilforhealth.org/news/focus-on-vaccine-injury/", "encoding": "UTF-8"}, "image": null, "domain": "worldcouncilforhealth.org", "title": "Focus on C19 Vaccine Injury", "cleaned_text": "This week, the World Council for Health has focused on the important topic of Covid-19 vaccine injury. Our June 6 General Assembly Meeting welcomed guests Dr. Richard Urso, Dr. Pierre Kory, and James Wells. A recording of the meeting can be found in the WCH Newsroom.\n\nDr. Richard Urso shared with us his experience treating those who have taken the Covid-19 injection. In the clip below, he addresses the re-emergence of cancer.\n\nDr. Pierre Kory shared his experience treating those suffering from a wide range of vaccine injuries as well as his current treatment protocol for Covid-19 injection injury.\n\nDirector and co-producer James Wells spoke with us about his new documentary, A Letter to My MP, which highlights the stories of people suffering from vaccine injury and what they have had to face as they navigate their new realities. Watch the trailer:\n\nThe World Council for Health will be hosting a screening of this important film on our website on Thursday, June 9. James and Dr. Christian Buckland will be available for a Q&A following the film.\n\nIf you\u2019re unable to join us live, the screening will be available in the WCH Newsroom. The full documentary is also available on Brand New Tube.\n\nWe invite you to listen to It\u2019s Time to Wake Up, a song by WCH Coalition Partner Iris Koh. It\u2019s Time to Wake Up premiered at Wake Up Asia on April 23, 2022.\n\n\n\nOn Monday, June 13th, we will continue the conversation on this important topic with our guests Aga Wilson (Sweden), Dr. Sherri Greene (USA), and Janine Gallizia (France).\n\nYou\u2019re invited to join us in the WCH Newsroom at 6 pm UTC for this live meeting.", "opengraph": {"locale": "en_US", "type": "article", "title": "Focus on C19 Vaccine Injury", "description": "This week, the World Council for Health has focused on the important topic of Covid-19 vaccine injury. Our June 6 General Assembly Meeting welcomed guests Dr.", "url": "https://worldcouncilforhealth.org/news/focus-on-vaccine-injury/", "site_name": "World Council for Health", "article:publisher": "https://www.facebook.com/WorldCouncilforHealth/", "article:section": "News", "updated_time": "2022-06-09T19:09:02+01:00", "image": "https://worldcouncilforhealth.org/wp-content/uploads/2022/06/Blog-Update-Vaccine-Injury-2.jpeg", "image:secure_url": "https://worldcouncilforhealth.org/wp-content/uploads/2022/06/Blog-Update-Vaccine-Injury-2.jpeg", "image:width": "1120", "image:height": "630", "image:alt": "Vaccine Injury", "image:type": "image/jpeg", "article:published_time": "2022-06-09T17:39:24+01:00", "article:modified_time": "2022-06-09T19:09:02+01:00", "video": "https://www.youtube.com/embed/ZeLU4cGXYA8"}, "tags": ["Blog", "News"], "tweets": [], "movies": [{"embed_type": "iframe", "provider": "youtube", "width": "720", "height": "405", "embed_code": "<iframe title=\"UK CV Family: A letter to my MP Trailer 1\" width=\"720\" height=\"405\" src=\"https://www.youtube.com/embed/15Aj_COsroE?feature=oembed\" frameborder=\"0\" allow=\"accelerometer; autoplay; clipboard-write; encrypted-media; gyroscope; picture-in-picture\" allowfullscreen=\"\"/>", "src": "https://www.youtube.com/embed/15Aj_COsroE?feature=oembed"}, {"embed_type": "iframe", "provider": "youtube", "width": "720", "height": "405", "embed_code": "<iframe loading=\"lazy\" title=\"It's Time To Wake Up, by Iris Koh, Ng Wang Feng and the Community of Healing the Divide.\" width=\"720\" height=\"405\" src=\"https://www.youtube.com/embed/ZeLU4cGXYA8?feature=oembed\" frameborder=\"0\" allow=\"accelerometer; autoplay; clipboard-write; encrypted-media; gyroscope; picture-in-picture\" allowfullscreen=\"\"/>", "src": "https://www.youtube.com/embed/ZeLU4cGXYA8?feature=oembed"}], "links": ["https://worldcouncilforhealth.org/newsroom/", "https://worldcouncilforhealth.org/terms-and-conditions/", "https://worldcouncilforhealth.org/privacy-policy/", "https://www.ukcvfamily.org/post/uk-cv-family-a-letter-to-my-mp", "https://worldcouncilforhealth.org/event/film-screening-a-letter-to-my-mp/", "https://worldcouncilforhealth.org/newsroom/", "https://brandnewtube.com/watch/uk-cv-family-a-letter-to-my-mp-exclusive-premiere-on-bnt_HhxneadubQ9x2J8.html"], "authors": [], "publish_date": "2022-06-09T17:39:24+01:00"}