{"result_id": "352027", "URL": "https://x22report.com/aiovg_videos/ep-2355a-cbs-to-handle-the-pandemic-vaccine-people-must-see-it-to-believe-it/", "timestamp": "2023-04-25 18:20:54 CEST+0200", "meta": {"description": "", "lang": "en", "keywords": "", "favicon": "https://x22report.com/wp-content/uploads/2019/08/favicon_new-3.ico", "canonical": "https://x22report.com/aiovg_videos/ep-2355a-cbs-to-handle-the-pandemic-vaccine-people-must-see-it-to-believe-it/", "encoding": "UTF-8"}, "image": null, "domain": "x22report.com", "title": "Ep 2355a \u2013 [CB]s To Handle The Pandemic Vaccine, People Must See It To Believe It", "cleaned_text": "Protect Your Retirement W/ A Gold. IRA\n\n https://noblegoldinvestments.com/gold-silver-ira-google/?offer_type=gold&affiliate_source=affiliate_x22\n\n Noble Gold is Who I Trust ^^^\n\n Or Call 877 646 5347\n\nThe corrupt politicians are holding back helping the people because they don\u2019t like the other side. Their first priority is to help the people. The US is now labeling certain countries currency manipulators. The WEF is now pushing their Great Reset agenda and they want the [CB] to help with the the vaccination program.", "opengraph": {}, "tags": [], "tweets": [], "movies": [], "links": ["https://noblegoldinvestments.com/gold-silver-ira-google/?offer_type=gold&affiliate_source=affiliate_x22"], "authors": [], "publish_date": "August 16, 2019"}