{"result_id": "362002", "URL": "http://www.all4naturalhealth.com/natural-health-remedies.html", "timestamp": "2023-04-25 18:23:42 CEST+0200", "meta": {"description": "", "lang": "en", "keywords": "", "favicon": "", "canonical": "http://www.all4naturalhealth.com/natural-health-remedies.html", "encoding": "UTF-8"}, "image": null, "domain": "www.all4naturalhealth.com", "title": "Natural Health Remedies, Natural Health Cures, Organic Remedies & Organic Cures", "cleaned_text": "This section details some natural health remedies, also referred to as organic cures, and natural health cures for certain specific conditions, ailments and diseases.\n\nMost of these articles are standalone articles, and they have been put together to give a good overview of each individual disease, health condition or ailment.\n\nScroll down this page or click here for a discussion on this topic. \n\n \n\n\n\nLIST OF AILMENTS, CONDITIONS & DISEASES \n\nClick to jump directly to the list of articles on natural health remedies, for a specific health condition or ailment.\n\nFULL LIST OF ARTICLES UNDER \"NATURAL HEALTH REMEDIES\" \n\nNatural health remedies for dozens of health conditions and ailments. \n\n \n\n\n\n\n\nAcid Reflux Disease Symptoms and Causes\n\nGastro-esophageal reflux disease (GERD) is a disease in which liquid in the stomach can back up into the esophagus. Here, you will learn about the causes of the condition, as well as some acid reflux disease symptoms and signs. Read on to find out how you can deal with your acid reflux symptoms naturally.\n\nAnti Acid Reflux Diets - Foods to Eat and Avoid\n\nWithout a doubt, the foods you eat play a great role in your acid reflux problem. Here, you will learn about some important tips regarding anti acid reflux diets, including foods to eat and those to avoid.\n\nAcid Reflux Food to Avoid - What to Remove From Your Diet\n\nIf you have acid reflux disease, then dietary changes can be a natural treatment to help alleviate the symptoms which it can bring. Here, you will learn about some acid reflux food to avoid.\n\nFoods for Acid Reflux Relief and Recovery\n\nFind out what are some useful foods for acid reflux relief. Include these foods in your daily diet to help you cope better with your acid reflux problems. Read on further to find out what other changes you can make to your diet for better relief to your condition.\n\nAdopt Healthy Eating Habits As Home Remedies For Acid Reflux\n\nAcid reflux not only causes pain and discomfort, but it can also have long term negative health effects. Here are some healthy eating habits that you can adopt easily as home remedies for acid reflux\n\nLifestyle Changes As Your Natural Remedies For Acid Reflux\n\nAlthough acid reflux disease is rarely serious, it can be an uncomfortable and frustrating ailment. Here are some useful lifestyle changes you can adopt as natural remedies for acid reflux. Many have experienced relief to their conditions by just making these changes.\n\nTop 6 Herbs And Supplements To Use As Natural Acid Reflux Cures\n\nAcid reflux is an annoying ailment which can have long term negative health effects. Here are some top 6 herbs and natural supplements that you can use as natural acid reflux cures and remedies.\n\nOther Herbs And Supplements For Natural Acid Reflux Treatment\n\nHere are some more herbs and supplements that you may find useful as natural acid reflux treatment. They are easy to use and can allow you to overcome your acid reflux issues quickly and naturally.\n\nThe Apple Cider Vinegar Acid Reflux Link\n\nVinegar has been used for various health purposes by different cultures for many centuries. Here, you will learn about the apple cider vinegar acid reflux link, and how this remedy can be used for dealing with your acid reflux problems.\n\nAcid Reflux Natural Remedies From Holistic Healing Systems\n\nIf you have serious acid reflux problems, you could consider seeking help from homeopathic or traditional Chinese medicine practitioners. The acid reflux natural remedies that these holistic healing systems use in dealing with the condition can be very effective. Here, we share more about these natural therapies and what you can expect.\n\nAcid Reflux in Babies - Causes, Symptoms, Treatment and Remedies\n\nAlthough it is quite common for infants to spit up a little after eating, frequent vomiting might be a sign of gastro-esophageal reflux disease (GERD). Here, you will learn about acid reflux in babies, the signs and symptoms, and the natural remedies for dealing with the ailment.\n\nBaby Reflux - Tips for Relief for Acid Reflux in Infants\n\nHere, you will learn about acid reflux in infants, or what we will call 'baby reflux' for short. Find out what you should take note of, and what can be done to help provide relief to your child.\n\nAcid Reflux In Children\n\nWhat is acid reflux? What are the signs and symptoms of acid reflux in children? What simple remedies can be used to help deal with this ailment? These and other areas are discussed. \n\n\n\n\n\nHow To Naturally Cure Acne - an introduction\n\nHerbal Remedies for Acne - Best Herbs for Acne\n\n\n\n\n\nAvoiding Foods That Cause Acne - Possible Triggers\n\nHow to Prevent Alzheimer's Disease - Some Important Tips\n\nNatural Alzheimer's Cure or Treatment - Useful Herbs and Foods \n\n\n\n\n\nNatural Anxiety Treatment Within You - Breathing and Visualization Techniques\n\nCauses of Anxiety Attacks or Panic Attacks\n\nAnxiety Attacks in Children - Effects, Symptoms, Treatment and More\n\nWhat is Arrhythmia and How Serious is the Condition?\n\nArrhythmia Treatment - Addressing Your Heart Health the Natural Way \n\n\n\n\n\nArthritis Foods - What Helps, and What to Avoid\n\nArthritis Water Exercise - How it Helps and Tips\n\nChildhood Arthritis - Types, Causes and Other Information\n\n\n\n\n\nArthritis in Thumb - Symptoms, Causes, Natural Remedies and Treatment\n\nArthritis in the Knee - Causes, Symptoms, Natural Remedies, Treatment\n\nArthritis in Feet - Tips for Prevention and Recovery \n\n\n\n\n\nHow is Asthma Treated Naturally? - An Overview\n\nAsthma Natural Cure - is there one?\n\nWhat Causes Asthma - Overview, Symptoms, etc\n\nHome Remedies for Asthma - Self Help\n\nHow to Treat Asthma Using Food, Diet and Nutrition - Suggestions\n\nHerbal Remedies for Asthma - Some Herbs and Treatment\n\nAnti Atherosclerosis Diet and Lifestyle - Useful Foods, Nutrition and Habits\n\nWhat is Athlete's Foot? - causes, info, etc\n\nSymptoms and Signs of ADHD and ADD\n\nSigns and Symptoms of ADD and ADHD - More Information\n\nAutism and Diet - Useful Food Changes\n\nAbout Autism in Toddlers and Babies\n\n\n\n\n\nSearching for Autism Cures - Useful Treatments and Interventions to Consider\n\n\n\n\n\nWhat Causes Autism - Possible Factors and Triggers\n\nResearch on Autism - Studies Shedding Light on Possible Triggers and Causes of Autism\n\nAcupuncture for Back Pain and Back Ache - An Effective Treatment\n\nBest Mattress for Back Pain Prevention and Relief\n\nWhat Causes Lower Back Pain - Possible Triggers and Factors\n\nTreatment for Lower Back Pain - Possible Therapies and Remedies \n\n\n\n\n\nAm I Bipolar? - Figuring It Out\n\nBipolar Disorder in Teens - Symptoms, Treatment, and Other Information\n\nBipolar Diet - What to Eat and What to Avoid\n\nDealing with Bipolar Disorder - Natural Treatments and Useful Supplements\n\n\n\n\n\nWhat is Bursitis? - An Overview\n\nWhat's the Cause of Bursitis?\n\nAbout Bursitis in the Knee\n\nVisit CancerResearchInformation.com - Research and Information for Preventing and Reversing Cancer. \n\n\n\n\n\nSigns and Symptoms of Candida Overgrowth or Infection\n\nWhat Causes Canker Sores - Possible Triggers\n\nCanker Sores in the Mouth - Facts, Symptoms, Causes, Home Remedies\n\nCanker Sore on Tongue - Causes, Symptoms, Remedies for Relief\n\nGet Rid of Canker Sores Naturally - Remedies for Relief \n\n\n\n\n\nWhat is Chlamydia - Facts, Causes, Symptoms, Transmission, Effects, Prevention, Treatment\n\nCholesterol Supplements -- Useful info to aid you\n\nNatural Remedies for High Cholesterol - Lower it with Herbs and Supplements\n\n\n\n\n\nHow to Lower Bad Cholesterol - Tips and Discussion\n\nFoods that Help Lower Cholesterol to Add to Your Diet\n\n\n\n\n\nHow to Lower LDL Cholesterol - Diet and Lifestyle Tips\n\nLow Cholesterol Diet Menus - Tips on Foods to Eat and Avoid\n\nWhat is High Cholesterol? - Discussion and Remedies\n\nGetting Rid of Cold Sores or Fever Blisters - Useful Supplements and Nutrients\n\nHow to Cure Constipation - Tips and Remedies\n\nTea for Constipation Prevention and Relief - Useful Herbal Remedies\n\n\n\n\n\nWhat Causes Constipation? - Possible Reasons\n\nHow to Cure Constipation - Natural Remedies for Relief\n\nFoods that Cause Constipation to be Aware of\n\nAnti Constipation Herbs That Can Help You\n\n\n\n\n\nThe Best Cure for Constipation - Important Tips \n\n\n\n\n\nBest Cough Medicine - Harness the Benefits of Honey\n\n\n\n\n\nHow to Stop a Cough Naturally with Herbs \n\n\n\n\n\nHow to Cure Diabetes Naturally - Natural Remedies for Diabetes\n\nCause of Type 2 Diabetes - Possible Factors\n\nDiabetes and Impotence in Men - Reasons and Remedies\n\nPossible Causes of Diarrhea\n\nPreventing Digestive System Disorders - How Healthy is Your Gut? \n\n\n\n\n\nPossible Causes of Dizziness\n\nWhich Foods Cause Eczema - Possible Triggers\n\nTreatment for Endometriosis - Using Natural Methods to Combat the Pain\n\nEndometriosis and Menopause - Is Menopause Really Nature's Way of Curing the Disease?\n\nEndometriosis and Pregnancy - How Pregnancy Helps the Condition and How to Conceive the Natural Way \n\n\n\n\n\nPossible Causes of Epilepsy\n\nCauses of Male Impotence or Erectile Dysfunction\n\n\n\n\n\nImpotence in Young Men - Causes and Remedies\n\nDiabetes and Impotence in Men - Reasons and Remedies \n\n\n\n\n\nHow to Burn Body Fat - The Facts\n\nExercise to Burn Fat - Getting Best Results\n\nBest Way to Burn Fat - Tips\n\nCommon Fatigue Causes - Why You Are Always Tired\n\nAnti Chronic Fatigue Syndrome Diet - Foods to Eat and to Avoid\n\n\n\n\n\nPossible Causes of Chronic Fatigue Syndrome\n\n\n\n\n\nPossible Causes of Extreme Fatigue\n\nFatigue After Eating - How to Handle This\n\nDiet and Fibromyalgia - Some Foods to Avoid\n\nHelp for Fibromyalgia - Useful Tips, Habits and Treatments\n\nLearn about specific symptoms and get help through targeted nutritional advice and health coaching. (opens in a new window)\n\n \n\n\n\n\n\nHow to Prevent the Flu - Important Nutrients and Herbs\n\nNatural Treatment for the Flu - Useful Herbs and Herbal Remedies \n\n\n\n\n\nAnti Gallstone Diet - Foods To Eat and To Avoid\n\n\n\n\n\nDiet for Gastritis Treatment and Relief - Foods to Eat and Avoid\n\n\n\n\n\nCauses of Gastritis - Possible Factors and Triggers\n\nFoods to Avoid with Gastritis - Useful Diet Tips\n\n\n\n\n\nWhat is Gastritis - Causes, Symptoms, Effects, Prevention, Treatment \n\n\n\n\n\nHow to Treat Gingivitis Naturally - Remedies and Treatments\n\n\n\n\n\nWhat is Gingivitis - Causes, Risk Factors, Signs and Symptoms, Treatment, Other Information\n\nHerbs for Gout Prevention and Relief - Useful Herbal Remedies\n\n\n\n\n\nWhat is Graves Disease - Symptoms, Treatment and Other Information\n\nGraves Disease Diet - Foods to Eat and to Avoid\n\n\n\n\n\nGraves Eye Disease - Causes, Symptoms, Treatment and More\n\nDiet for Graves Disease - Foods to Eat and to Avoid \n\n\n\n\n\nHair Loss and Vitamins - Discussion and Useful Supplements\n\n\n\n\n\nWhat Causes Baldness and Hair Loss - Possible Reasons\n\nHair Loss in Teens - Possible Causes\n\nHow to Prevent Hair Loss and Balding - Home Remedies and Natural Treatments\n\nSupplements for Hair Growth - Useful Nutrients and Herbs \n\n\n\n\n\nWhat Causes Headaches? - Possible Triggers\n\nNatural Cures for Headaches - Useful Treatments and Remedies\n\nPossible Causes of Migraine Headaches\n\nWhat is a Migraine and How Can it Be Treated in a Natural Way?\n\nCommon Migraine Food Triggers - What to Avoid in Your Migraine Prevention Plan\n\n\n\n\n\nDifferent Types of Headaches - Facts and Information\n\nHormone Headache - Different Types and Useful Remedies\n\nHeadaches and Neck Pain - Why They Come Together, Treatments and Remedies\n\nHeadache on Top of Head - Symptoms, Causes, Relief\n\nWhat Causes Hemorrhoids - Possible Causes\n\nNatural Cures for Herpes - Useful Tips and Remedies \n\n\n\n\n\nWhat Causes Hypertension or High Blood Pressure?\n\nCauses for High Blood Pressure - How to Prevent Hypertension\n\nWhat Causes Hives - Possible Triggers\n\nNatural Remedy for Hives - Herbal Cures, Home Remedies and Other Treatments\n\n\n\n\n\nWhat Do Hives Look Like - Some Signs and Symptoms\n\nHow to Treat Hives Naturally - Treatments and Remedies for Relief\n\n\n\n\n\nGet Rid of Hives Using These Simple Tips and Remedies \n\n\n\n\n\nWhat Causes HPV - Discussion, Herbs and Herbal Remedies\n\nSymptoms and Signs of HPV - Learn to Spot Them\n\n\n\n\n\nNatural Cures for HPV - Useful Tips and Remedies\n\n\n\n\n\nPossible Indigestion Causes - Common Triggers and Factors\n\nSevere Indigestion - Causes, Tips and Remedies for Relief\n\n\n\n\n\nIndigestion Pain and Discomfort - Causes, Symptoms, Diagnosis, Tips and Remedies\n\nPossible Signs of Infertility - a Brief Discussion\n\nCauses of Female Infertility - Possible Contributing Factors and Ailments\n\nMale Infertility Causes - Possible Contributing Factors and Health Conditions\n\nCommon Causes of Infertility in Men and Women\n\nNatural Treatments for Infertility - Useful Tips and Remedies\n\nInfertility in Male Persons - Causes and How to Boost Fertility in Men\n\nNatural Infertility Treatment - Pros and Useful Remedies for Fertility\n\nHow to Cure Insomnia Naturally - Diet and Lifestyle Habits\n\nWhat Causes Insomnia and Sleeplessness\n\nCoping With Insomnia and Pregnancy - Discussion and Remedies\n\nLiving with Menopause and Insomnia - Discussion and Remedies\n\n\n\n\n\nHelp for Insomnia and Sleeplessness\n\nFacts about Insomnia - Information, Types, Causes, Home Remedies, and More\n\n\n\n\n\nCauses of Irritable Bowel Syndrome - Possible Triggers\n\nThe Cause of Macular Degeneration - Discussion\n\nEndometriosis and Menopause - Is Menopause Really Nature's Way of Curing the Disease?\n\nLiving with Menopause and Insomnia - Discussion and Remedies\n\nMenopause and Nausea - Discussion, Causes and Remedies \n\n\n\n\n\nWhat is Multiple Sclerosis - Basic Facts and Information\n\nWhat Causes Multiple Sclerosis - Possible Factors\n\n\n\n\n\nPossible Causes of Nausea - Common Triggers\n\nMenopause and Nausea - Discussion, Causes and Remedies\n\n\n\n\n\nPersistent Nausea - Possible Causes and Remedies\n\nSymptoms and Signs of Osteoporosis You Must Know\n\nParasites in the Human Body - Discussion and Prevention\n\nClick here to read more about Parasites in our Full Body Detox section. \n\n\n\n\n\nContributing Causes of Schizophrenia - Possible Triggers and Factors\n\nLiving with Schizophrenia - Tips for Sufferers and Their Loved Ones\n\n\n\n\n\nWhat Does Shingles Look Like?\n\nThe Shingles Virus - What is it and What Can You Do?\n\nDiscussing the Causes of Shingles Outbreaks\n\nWhat is Shingles - Causes, Symptoms, Treatment\n\nShingles on the Face - Symptoms and Treatment Tips\n\nTreatment for Sinusitis - Useful Foods, Herbs and Natural Remedies\n\n\n\n\n\nStress\n\nManage and deal with stress using natural health remedies\n\n\n\nHow to Cope with Stress Effectively - Important Tips\n\nCommon Cause of Stroke - Causes of Strokes\n\nVery Bad or Severe Sunburn - Symptoms, Tips, Remedies, Cures and Treatments\n\nWhat is Tinnitus - Facts, Symptoms, Causes\n\nThe Cause of Tinnitus - Possible Triggers\n\nTips for Toothache Pain Relief That Really Work\n\nDiet to Lower Triglycerides - Foods to Eat and to Avoid\n\n\n\n\n\nHow to Lower Triglycerides - Lifestyle and Dietary Tips\n\nHow to Reduce Triglycerides Naturally through Lifestyle and Diet\n\nDiet for High Triglycerides Reduction - Useful Tips and Foods\n\n\n\n\n\nLow Triglyceride Diet - Foods to Eat and to Avoid\n\n\n\n\n\nOverly Low Triglycerides is Not Desirable - Causes and Discussion \n\n\n\n\n\nWhat is Tuberculosis? - Some Facts\n\nHow to Prevent Tuberculosis and its Spread\n\nCauses of Ulcerative Colitis - What Are The Triggers?\n\nCure for Ulcerative Colitis - Useful Tips, Remedies and Treatments\n\n\n\n\n\nWhat is Ulcerative Colitis - Symptoms, Remedies and Other Information\n\nUlcerative Colitis Diet - Foods to Eat and to Avoid\n\n\n\n\n\nUseful Diet for Stomach Ulcers Recovery and Healing\n\n\n\n\n\nFinding a Mouth Ulcer Treatment That Works - Useful Tips, Remedies and Cures \n\n\n\n\n\nWhat is Vaginitis - Overview and Types of Vaginitis\n\nNatural Treatment for Vaginitis - Tips and Home Remedies for Relief\n\n\n\n\n\nBacterial Vaginitis Treatment - Medical Care and Self Help Tips \n\n\n\n\n\nCause of Varicose Veins - Risk Factors and Causes\n\nVaricose Veins During Pregnancy - Causes and Remedies\n\nGet Rid of Varicose Veins - Treatments and Remedies to Consider\n\nWhat are Viruses - Overview and Prevention\n\nDifferent Types of Viruses - Information and Prevention \n\n\n\n\n\nDifferent Types of Warts - Symptoms, Characteristics and Appearances\n\nWarts on Feet - Symptoms and Prevention Tips for Plantar Warts\n\nHome Remedy for Warts Removal - Useful Tips and Natural Treatments\n\nWhat Causes Warts - Contributing Factors and Triggers\n\nWarts on the Face - Treatments and Remedies for Removal\n\nWhat Do Warts Look Like? - Description of Different Types of Warts\n\nMouth Warts - What They Are, Causes, Symptoms, Treatment and Remedies\n\nHow to Treat Genital Warts - Tips and Treatment Overview \n\n\n\n\n\nFasting and Weight Loss - Two Sides of the Discussion\n\n\n\n\n\nBest Wrinkle Treatment - Discussion on Some Remedies\n\nSeeking the Best Wrinkle Creams - Ingredients to Look For and to Avoid\n\n\n\n\n\nHomemade Wrinkle Cream - Tips for Making Your Own Skin Cream\n\nWhat Causes Yeast Infections - Possible Triggers and Factors\n\n\n\n\n\nSigns of a Yeast Infection - Common Symptoms for Men, Women and Babies\n\n\n\n\n\nGet Rid of Yeast Infection Naturally - Remedies for Relief\n\nNatural Yeast Infection Home Remedies - Self Help and Treatment\n\n\n\n\n\nNatural Remedies for Yeast Infection in Women and Babies\n\nCure Yeast Infections in Men by First Understanding It\n\nHome Remedy for Yeast Infection that is Systemic\n\n\n\n\n\nNatural Cures for Yeast Infections in Women - Useful Remedies and Treatments\n\nHome Remedies for Yeast Infections - Useful Herbal and Other Natural Treatments\n\n\n\n\n\nLearn About Intestinal Yeast Infection and How to Beat It\n\nSystemic Yeast Infection - What It Is and How to Beat It\n\nYeast Infection in Children and Infants - Causes and Treatment\n\nChronic and Recurrent Yeast Infections - Causes, Remedies and Prevention Tips\n\nInfant Yeast Infection - Causes and Useful Home Remedies\n\nHope you enjoy these natural health remedies. More natural health remedies will continually be added. \n\n \n\n \n\n\n\nWhat's a \"cure\"?\n\nNote that a \"cure\" and a \"remedy\" have roughly the same definition \u0096- that of some sort of therapy which gets rids of disease or relieves pain. I thus use the terms quite interchangeably.\n\nHowever, the term \"cure\" has to be read cautiously as, in my opinion, it often gives the mistaken idea of a \"magic bullet\" (i.e. nothing else has to be done). In addition, conventional allopathic medicine has to some extent tried to monopolize the term.\n\nWhat we must realize, is that nothing -- no herb, food, drug, chemical or substance -- actually really cures anything. It is the human body, when given the right support and assistance, which cures itself, sorting out systemic imbalances and restoring itself to health.\n\nWhat about \"medicine\"?\n\nGenerally speaking, I'm also not in favor of using the term \"medicine\" as it has come to be associated with conventional allopathic medicine and / or drugs. Thus, I don't use terms such as \"natural health medicine\", \"organic medicine\", \"natural alternative medicine\" or even \"alternative natural medicine\".\n\n\n\n\n\nUsing Natural Health Remedies correctly and effectively\n\nNow, the effects of an unhealthy body manifest themselves in various kinds of pains, discomforts or symptoms, via very complicated processes, many of which we have yet to understand. It is thus often difficult to pinpoint the exact weaknesses and causes of certain conditions in the body. Even then, there do exist certain natural health cures or organic remedies which target and alleviate very specific health problems and issues.\n\nI ask that these cures and remedies be taken in the proper context of things. What do I mean? While these methods may fix certain issues, true and deep health can only be obtained via a holistic change to one's diet and lifestyle. A good foundation would be to follow the good health habits suggested on this website. Following these steps to good health would also strengthen the effectiveness of the natural health remedies and cures mentioned in this section.\n\nOne would also have to exercise control and restraint in other ways. For example, if one has a digestive complaint, then it would be a good idea to stay away from foods which over-stimulate the digestive system. In the case of a headache, quality sleep would be important. Or, if one has high cholesterol levels, then certain foods would have to be avoided. Without such efforts, any natural health cure or natural health remedy used would only be a short-term fix and be hampered in its effectiveness.", "opengraph": {"site_name": "All4NaturalHealth.com", "title": "Natural Health Remedies, Natural Health Cures, Organic Remedies & Organic Cures", "description": "Natural Health Remedies and Cures for various diseases, ailments and conditions.", "type": "article", "url": "http://www.all4naturalhealth.com/natural-health-remedies.html"}, "tags": [], "tweets": [], "movies": [], "links": ["#Discussion", "#Acid Reflux", "#Acne", "#Allergies", "#Alzheimer's Disease", "#Anxiety", "#Arrhythmia", "#Arthritis", "#Asthma", "#Atherosclerosis", "#Athlete's Foot", "#Attention Deficit Disorder (ADD) / Attention Deficit Hyperactivity Disorder (ADHD)", "#Autism", "#Back Ache / Back Pain", "#Bad Breath", "#Hair Growth / Hair Loss", "#Bipolar Disorder", "#Body Odor", "#Breast Enhancement / Enlargement", "#Bronchitis", "#Bursitis", "#Cancer", "#Candida", "#Canker Sores", "#Carpal Tunnel Syndrome", "#Cellulite", "#Chlamydia", "#Cholesterol", "#Cirrhosis", "#Cold Sores / Fever Blisters", "#Conjunctivitis", "#Constipation", "#Cough", "#Crohn's Disease", "#Cystitis", "#Depression", "#Diabetes", "#Diarrhea", "#Digestive System Problems", "#Dizziness", "#Eczema", "#Endometriosis", "#Epilepsy", "#Erectile Dysfunction / Impotence", "#Fat Burning", "#Fatigue", "#Infertility / Fertility", "#Cold Sores / Fever Blisters", "#Fibromyalgia", "#Flu / Influenza", "#Fractures", "#Gallstones", "#Gastritis", "#Giardiasis", "#Gingivitis", "#Gonorrhea", "#Gout", "#Graves Disease", "#Hair Growth / Hair Loss", "#Headaches / Migraine", "#Heart & Cardiovascular Health", "#Heart Attack", "#Hemorrhoids", "#Hepatitis", "#Herpes", "#High Blood Pressure / Hypertension", "#Hives", "#Human Papillomavirus (HPV)", "#High Blood Pressure / Hypertension", "#Erectile Dysfunction / Impotence", "#Indigestion", "#Infertility / Fertility", "#Inflammation", "#Flu / Influenza", "#Insomnia", "#Irritable Bowel Syndrome (IBS)", "#Kidney Stones", "#Lung Health", "#Lyme Disease", "#Macular Degeneration", "#Menopause", "#Menstrual Issues", "#Headaches / Migraine", "#MRSA", "#Multiple Sclerosis", "#Nausea", "#Osteoporosis", "#Parasites", "#Parkinson's Disease", "#Pneumonia", "#Premenstrual Syndrome (PMS)", "#Prostate Issues", "#Psoriasis", "#Scabies", "#Schizophrenia", "#Shingles", "#Sinusitis", "#Stomach Flu", "#Stress", "#Stroke", "#Sunburn", "#Tinnitus", "#Toothache", "#Trichomoniasis", "#Triglycerides", "#Tuberculosis", "#Ulcerative Colitis", "#Ulcers", "#Vaginitis", "#Varicose Veins", "#Viruses", "#Warts", "#Weight Loss", "#Wrinkles", "#Yeast Infections", "http://www.all4naturalhealth.com/acid-reflux-disease-symptoms.html", "http://www.all4naturalhealth.com/acid-reflux-diets.html", "http://www.all4naturalhealth.com/acid-reflux-food-to-avoid.html", "http://www.all4naturalhealth.com/foods-for-acid-reflux.html", "http://www.all4naturalhealth.com/home-remedies-for-acid-reflux.html", "http://www.all4naturalhealth.com/natural-remedies-for-acid-reflux.html", "http://www.all4naturalhealth.com/natural-acid-reflux-cures.html", "http://www.all4naturalhealth.com/natural-acid-reflux-treatment.html", "http://www.all4naturalhealth.com/apple-cider-vinegar-acid-reflux.html", "http://www.all4naturalhealth.com/acid-reflux-natural-remedies.html", "http://www.all4naturalhealth.com/acid-reflux-in-babies.html", "http://www.all4naturalhealth.com/baby-reflux.html", "http://www.all4naturalhealth.com/acid-reflux-in-children.html", "#Menu", "http://www.all4naturalhealth.com/how-to-naturally-cure-acne.html", "http://www.all4naturalhealth.com/get-rid-of-acne-naturally.html", "http://www.all4naturalhealth.com/herbal-remedies-for-acne.html", "http://www.all4naturalhealth.com/foods-that-cause-acne.html", "http://www.all4naturalhealth.com/acne-herbal-remedies.html", "http://www.all4naturalhealth.com/stress-acne.html", "#Menu", "http://www.all4naturalhealth.com/natural-allergy-remedies.html", "http://www.all4naturalhealth.com/herbal-allergy-relief.html", "http://www.all4naturalhealth.com/what-causes-allergies.html", "http://www.all4naturalhealth.com/prevent-allergies.html", "http://www.all4naturalhealth.com/allergy-headaches.html", "http://www.all4naturalhealth.com/children-allergies.html", "http://www.all4naturalhealth.com/indoor-allergies.html", "http://www.all4naturalhealth.com/allergy-mattress-covers.html", "http://www.all4naturalhealth.com/best-allergy-medicine.html", "http://www.all4naturalhealth.com/home-remedies-for-allergies.html", "http://www.all4naturalhealth.com/homeopathic-allergy-relief.html", "http://www.all4naturalhealth.com/allergies-dizziness.html", "http://www.all4naturalhealth.com/allergies-and-fatigue.html", "#Menu", "http://www.all4naturalhealth.com/early-signs-of-alzheimers.html", "http://www.all4naturalhealth.com/alzheimers-diagnosis.html", "http://www.all4naturalhealth.com/prevent-alzheimers.html", "http://www.all4naturalhealth.com/treatment-for-alzheimers.html", "http://www.all4naturalhealth.com/alzheimers-cure.html", "#Menu", "http://www.all4naturalhealth.com/herbal-remedies-for-anxiety.html", "http://www.all4naturalhealth.com/natural-anxiety-treatment.html", "http://www.all4naturalhealth.com/anxiety-supplements.html", "http://www.all4naturalhealth.com/symptoms-of-anxiety-and-depression.html", "http://www.all4naturalhealth.com/symptoms-of-anxiety-disorder.html", "http://www.all4naturalhealth.com/generalized-anxiety-disorder-symptoms.html", "http://www.all4naturalhealth.com/symptoms-of-anxiety-attacks.html", "http://www.all4naturalhealth.com/causes-of-anxiety-attacks.html", "http://www.all4naturalhealth.com/anxiety-attacks-in-children.html", "http://www.all4naturalhealth.com/teen-anxiety.html", "http://www.all4naturalhealth.com/anxiety-headache.html", "http://www.all4naturalhealth.com/anxiety-and-high-blood-pressure.html", "http://www.all4naturalhealth.com/natural-remedies-for-anxiety.html", "http://www.all4naturalhealth.com/anxiety-and-dizziness.html", "#Menu", "http://www.all4naturalhealth.com/treatment-for-arrhythmia.html", "http://www.all4naturalhealth.com/what-is-arrhythmia.html", "http://www.all4naturalhealth.com/arrhythmia-treatment.html", "#Menu", "http://www.all4naturalhealth.com/natural-treatments-for-arthritis.html", "http://www.all4naturalhealth.com/natural-remedies-for-arthritis.html", "http://www.all4naturalhealth.com/herbal-treatment-for-arthritis.html", "http://www.all4naturalhealth.com/arthritis-natural-treatment.html", "http://www.all4naturalhealth.com/arthritis-foods.html", "http://www.all4naturalhealth.com/exercise-for-arthritis.html", "http://www.all4naturalhealth.com/arthritis-water-exercise.html", "http://www.all4naturalhealth.com/childhood-arthritis.html", "http://www.all4naturalhealth.com/rheumatoid-arthritis-causes.html", "http://www.all4naturalhealth.com/home-remedies-for-arthritis.html", "http://www.all4naturalhealth.com/rheumatoid-arthritis-nutrition.html", "http://www.all4naturalhealth.com/arthritis-of-the-neck.html", "http://www.all4naturalhealth.com/arthritis-in-spine.html", "http://www.all4naturalhealth.com/arthritis-in-hips.html", "http://www.all4naturalhealth.com/arthritis-in-hand.html", "http://www.all4naturalhealth.com/arthritis-in-fingers.html", "http://www.all4naturalhealth.com/arthritis-in-thumb.html", "http://www.all4naturalhealth.com/arthritis-in-the-knee.html", "http://www.all4naturalhealth.com/arthritis-in-feet.html", "#Menu", "http://www.all4naturalhealth.com/how-is-asthma-treated.html", "http://www.all4naturalhealth.com/asthma-natural-cure.html", "http://www.all4naturalhealth.com/natural-asthma-remedies.html", "http://www.all4naturalhealth.com/what-causes-asthma.html", "http://www.all4naturalhealth.com/home-remedies-for-asthma.html", "http://www.all4naturalhealth.com/how-to-treat-asthma.html", "http://www.all4naturalhealth.com/natural-asthma-treatments.html", "http://www.all4naturalhealth.com/asthma-herbal-treatment.html", "http://www.all4naturalhealth.com/herbal-remedies-for-asthma.html", "http://www.all4naturalhealth.com/herbal-treatment-for-asthma.html", "http://www.all4naturalhealth.com/alternative-asthma-treatments.html", "http://www.all4naturalhealth.com/asthma-attack-home-remedies.html", "http://www.all4naturalhealth.com/current-asthma-treatment.html", "http://www.all4naturalhealth.com/asthma-news-articles.html", "http://www.all4naturalhealth.com/air-pollution-and-asthma.html", "http://www.all4naturalhealth.com/children-and-asthma.html", "http://www.all4naturalhealth.com/natural-remedies-for-asthma.html", "http://www.all4naturalhealth.com/asthma-natural-treatment.html", "http://www.all4naturalhealth.com/different-types-of-asthma.html", "http://www.all4naturalhealth.com/asthma-attack-cause.html", "http://www.all4naturalhealth.com/asthma-attack-symptoms.html", "#Menu", "http://www.all4naturalhealth.com/what-is-atherosclerosis.html", "http://www.all4naturalhealth.com/causes-of-atherosclerosis.html", "http://www.all4naturalhealth.com/atherosclerosis-symptoms.html", "http://www.all4naturalhealth.com/prevention-of-atherosclerosis.html", "http://www.all4naturalhealth.com/atherosclerosis-diet.html", "http://www.all4naturalhealth.com/reversing-atherosclerosis.html", "http://www.all4naturalhealth.com/reverse-atherosclerosis.html", "http://www.all4naturalhealth.com/atherosclerosis-disease.html", "http://www.all4naturalhealth.com/atherosclerosis-treatment.html", "#Menu", "http://www.all4naturalhealth.com/what-is-athletes-foot.html", "http://www.all4naturalhealth.com/how-to-prevent-athletes-foot.html", "http://www.all4naturalhealth.com/natural-cure-for-athletes-foot.html", "http://www.all4naturalhealth.com/athletes-foot-remedies.html", "http://www.all4naturalhealth.com/athletes-foot-cure.html", "http://www.all4naturalhealth.com/cure-for-athletes-foot.html", "http://www.all4naturalhealth.com/athletes-foot-remedy.html", "#Menu", "http://www.all4naturalhealth.com/signs-of-adhd.html", "http://www.all4naturalhealth.com/symptoms-of-add.html", "http://www.all4naturalhealth.com/diagnosing-add.html", "http://www.all4naturalhealth.com/adult-add-treatment.html", "http://www.all4naturalhealth.com/diet-for-adhd.html", "http://www.all4naturalhealth.com/adhd-herbal-remedy.html", "http://www.all4naturalhealth.com/add-supplements.html", "http://www.all4naturalhealth.com/add-vs-adhd.html", "http://www.all4naturalhealth.com/what-causes-adhd.html", "http://www.all4naturalhealth.com/adult-adhd-symptoms.html", "http://www.all4naturalhealth.com/adult-adhd-treatment.html", "http://www.all4naturalhealth.com/natural-remedies-for-add.html", "#Menu", "http://www.all4naturalhealth.com/autism-and-diet.html", "http://www.all4naturalhealth.com/autism-and-music.html", "http://www.all4naturalhealth.com/chelation-autism.html", "http://www.all4naturalhealth.com/autism-and-vaccinations.html", "http://www.all4naturalhealth.com/autism-in-toddlers.html", "http://www.all4naturalhealth.com/teaching-students-with-autism.html", "http://www.all4naturalhealth.com/autism-cures.html", "http://www.all4naturalhealth.com/what-causes-autism.html", "http://www.all4naturalhealth.com/autism-and-mercury.html", "http://www.all4naturalhealth.com/research-on-autism.html", "http://www.all4naturalhealth.com/autism-interventions.html", "#Menu", "http://www.all4naturalhealth.com/acupuncture-for-back-pain-2.html", "http://www.all4naturalhealth.com/best-mattress-for-back-pain.html", "http://www.all4naturalhealth.com/shoes-for-back-pain.html", "http://www.all4naturalhealth.com/cure-for-lower-back-pain.html", "http://www.all4naturalhealth.com/upper-back-pain-causes.html", "http://www.all4naturalhealth.com/upper-back-pain-exercises.html", "http://www.all4naturalhealth.com/what-causes-lower-back-pain.html", "http://www.all4naturalhealth.com/exercises-for-lower-back-pain.html", "http://www.all4naturalhealth.com/treatment-for-lower-back-pain.html", "#Menu", "http://www.all4naturalhealth.com/home-remedies-for-bad-breath.html", "http://www.all4naturalhealth.com/bad-breath-herbal-remedy.html", "#Menu", "http://www.all4naturalhealth.com/signs-of-bipolar.html", "http://www.all4naturalhealth.com/bipolar-disorder-treatments.html", "http://www.all4naturalhealth.com/am-i-bipolar.html", "http://www.all4naturalhealth.com/causes-of-bipolar-disorder.html", "http://www.all4naturalhealth.com/childhood-bipolar-disorder.html", "http://www.all4naturalhealth.com/bipolar-disorder-in-teens.html", "http://www.all4naturalhealth.com/bipolar-women.html", "http://www.all4naturalhealth.com/bipolar-diet.html", "http://www.all4naturalhealth.com/dealing-with-bipolar.html", "http://www.all4naturalhealth.com/bipolar-behavior.html", "http://www.all4naturalhealth.com/natural-treatments-for-bipolar-disorder.html", "#Menu", "http://www.all4naturalhealth.com/body-odor-remedies.html", "#Menu", "http://www.all4naturalhealth.com/breast-enhancement-herbs.html", "http://www.all4naturalhealth.com/bigger-breasts-naturally.html", "http://www.all4naturalhealth.com/breast-enlargement-herbs.html", "#Menu", "http://www.all4naturalhealth.com/chronic-bronchitis-symptoms.html", "http://www.all4naturalhealth.com/bronchitis-remedies.html", "http://www.all4naturalhealth.com/home-remedies-for-bronchitis.html", "http://www.all4naturalhealth.com/how-to-treat-bronchitis.html", "http://www.all4naturalhealth.com/cures-for-bronchitis.html", "http://www.all4naturalhealth.com/treatment-for-bronchitis.html", "#Menu", "http://www.all4naturalhealth.com/what-is-bursitis.html", "http://www.all4naturalhealth.com/types-of-bursitis.html", "http://www.all4naturalhealth.com/cause-of-bursitis.html", "http://www.all4naturalhealth.com/symptoms-of-bursitis.html", "http://www.all4naturalhealth.com/elbow-bursitis.html", "http://www.all4naturalhealth.com/heel-bursitis.html", "http://www.all4naturalhealth.com/bursitis-hip-pain.html", "http://www.all4naturalhealth.com/bursitis-in-the-knee.html", "http://www.all4naturalhealth.com/pes-anserine-bursitis.html", "http://www.all4naturalhealth.com/bursitis-in-shoulder.html", "http://www.all4naturalhealth.com/bursitis-hip-exercises.html", "http://www.all4naturalhealth.com/shoulder-bursitis-exercise.html", "http://www.all4naturalhealth.com/treating-bursitis.html", "http://www.all4naturalhealth.com/natural-treatment-for-bursitis.html", "http://www.all4naturalhealth.com/remedies-for-bursitis.html", "http://www.all4naturalhealth.com/treatment-for-bursitis.html", "#Menu", "http://www.all4naturalhealth.com/herbs-for-cancer.html", "http://www.all4naturalhealth.com/cancer-prevention-diet.html", "http://www.all4naturalhealth.com/diet-for-breast-cancer.html", "http://www.all4naturalhealth.com/macrobiotic-diet-for-cancer.html", "http://www.CancerResearchInformation.com", "#Menu", "http://www.all4naturalhealth.com/candida-yeast-overgrowth.html", "http://www.all4naturalhealth.com/symptoms-of-candida.html", "http://www.all4naturalhealth.com/candida-remedies.html", "http://www.all4naturalhealth.com/candida-supplements.html", "http://www.all4naturalhealth.com/candida-yeast-diet.html", "http://www.all4naturalhealth.com/candida-diet-recipes.html", "http://www.all4naturalhealth.com/candida-treatments.html", "http://www.all4naturalhealth.com/candida-cleanse-diet.html", "http://www.all4naturalhealth.com/cure-for-candida.html", "#Menu", "http://www.all4naturalhealth.com/what-causes-canker-sores.html", "http://www.all4naturalhealth.com/canker-sore-treatment.html", "http://www.all4naturalhealth.com/canker-sore-relief.html", "http://www.all4naturalhealth.com/canker-sores-in-the-mouth.html", "http://www.all4naturalhealth.com/canker-sore-remedies.html", "http://www.all4naturalhealth.com/cure-for-canker-sores.html", "http://www.all4naturalhealth.com/home-remedies-for-canker-sores.html", "http://www.all4naturalhealth.com/canker-sore-on-tongue.html", "http://www.all4naturalhealth.com/get-rid-of-canker-sores.html", "#Menu", "http://www.all4naturalhealth.com/carpal-tunnel-symptoms.html", "http://www.all4naturalhealth.com/carpal-tunnel-prevention.html", "http://www.all4naturalhealth.com/carpal-tunnel-therapy.html", "http://www.all4naturalhealth.com/carpal-tunnel-mouse.html", "http://www.all4naturalhealth.com/carpal-tunnel-surgery-recovery.html", "http://www.all4naturalhealth.com/exercises-for-carpal-tunnel-syndrome.html", "http://www.all4naturalhealth.com/carpal-tunnel-remedies.html", "http://www.all4naturalhealth.com/carpal-tunnel-treatments.html", "#Menu", "http://www.all4naturalhealth.com/how-to-lose-cellulite.html", "http://www.all4naturalhealth.com/how-to-reduce-cellulite.html", "http://www.all4naturalhealth.com/cellulite-home-remedies.html", "http://www.all4naturalhealth.com/how-to-eliminate-cellulite.html", "http://www.all4naturalhealth.com/cellulite-on-thighs.html", "http://www.all4naturalhealth.com/get-rid-of-cellulite.html", "http://www.all4naturalhealth.com/home-remedy-for-cellulite.html", "http://www.all4naturalhealth.com/exercises-for-cellulite.html", "#Menu", "http://www.all4naturalhealth.com/what-is-chlamydia.html", "http://www.all4naturalhealth.com/chlamydia-symptoms.html", "http://www.all4naturalhealth.com/treatment-of-chlamydia.html", "#Menu", "http://www.all4naturalhealth.com/naturally-lowering-cholesterol.html", "http://www.all4naturalhealth.com/cholesterol-supplements.html", "http://www.all4naturalhealth.com/herbs-to-lower-cholesterol.html", "http://www.all4naturalhealth.com/cholesterol-reducing-foods.html", "http://www.all4naturalhealth.com/natural-remedies-for-high-cholesterol.html", "http://www.all4naturalhealth.com/how-to-lower-bad-cholesterol.html", "http://www.all4naturalhealth.com/foods-that-help-lower-cholesterol.html", "http://www.all4naturalhealth.com/how-to-lower-ldl-cholesterol.html", "http://www.all4naturalhealth.com/niacin-for-cholesterol.html", "http://www.all4naturalhealth.com/hdl-and-ldl-cholesterol.html", "http://www.all4naturalhealth.com/low-cholesterol-diet-menus.html", "http://www.all4naturalhealth.com/how-to-lower-high-cholesterol.html", "http://www.all4naturalhealth.com/cholesterol-lowering-supplements.html", "http://www.all4naturalhealth.com/symptoms-of-high-cholesterol.html", "http://www.all4naturalhealth.com/cholesterol-reducing-diet.html", "http://www.all4naturalhealth.com/coffee-and-cholesterol.html", "http://www.all4naturalhealth.com/fish-oil-and-cholesterol.html", "http://www.all4naturalhealth.com/what-causes-high-cholesterol.html", "http://www.all4naturalhealth.com/foods-high-in-cholesterol.html", "http://www.all4naturalhealth.com/foods-low-in-cholesterol.html", "http://www.all4naturalhealth.com/cholesterol-herbs.html", "http://www.all4naturalhealth.com/cholesterol-and-exercise.html", "http://www.all4naturalhealth.com/what-is-high-cholesterol.html", "http://www.all4naturalhealth.com/diets-to-lower-cholesterol.html", "#Menu", "http://www.all4naturalhealth.com/cirrhosis-symptoms.html", "http://www.all4naturalhealth.com/alcoholic-cirrhosis.html", "http://www.all4naturalhealth.com/cirrhosis-diet.html", "http://www.all4naturalhealth.com/cirrhosis-of-liver.html", "http://www.all4naturalhealth.com/treatment-for-cirrhosis.html", "#Menu", "http://www.all4naturalhealth.com/treating-a-cold-sore.html", "http://www.all4naturalhealth.com/getting-rid-of-cold-sores.html", "http://www.all4naturalhealth.com/cold-sore-home-remedies.html", "http://www.all4naturalhealth.com/fever-blister-cure.html", "http://www.all4naturalhealth.com/fever-blister-remedy.html", "http://www.all4naturalhealth.com/cold-sore-prevention.html", "http://www.all4naturalhealth.com/cures-for-cold-sores.html", "#Menu", "http://www.all4naturalhealth.com/conjunctivitis-symptoms.html", "http://www.all4naturalhealth.com/treatment-for-conjunctivitis.html", "#Menu", "http://www.all4naturalhealth.com/how-to-cure-constipation.html", "http://www.all4naturalhealth.com/constipation-natural-remedies.html", "http://www.all4naturalhealth.com/diet-for-constipation.html", "http://www.all4naturalhealth.com/tea-for-constipation.html", "http://www.all4naturalhealth.com/what-causes-constipation.html", "http://www.all4naturalhealth.com/cure-constipation.html", "http://www.all4naturalhealth.com/home-remedies-for-constipation.html", "http://www.all4naturalhealth.com/foods-that-relieve-constipation.html", "http://www.all4naturalhealth.com/mineral-oil-for-constipation.html", "http://www.all4naturalhealth.com/foods-that-cause-constipation.html", "http://www.all4naturalhealth.com/treatment-for-constipation.html", "http://www.all4naturalhealth.com/constipation-herbs.html", "http://www.all4naturalhealth.com/constipation-in-toddlers.html", "http://www.all4naturalhealth.com/pregnancy-and-constipation.html", "http://www.all4naturalhealth.com/relief-for-constipation.html", "http://www.all4naturalhealth.com/how-to-relieve-constipation.html", "http://www.all4naturalhealth.com/best-cure-for-constipation.html", "#Menu", "http://www.all4naturalhealth.com/natural-cough-remedy.html", "http://www.all4naturalhealth.com/best-cough-medicine.html", "http://www.all4naturalhealth.com/home-remedy-for-cough.html", "http://www.all4naturalhealth.com/natural-cough-medicine.html", "http://www.all4naturalhealth.com/how-to-stop-a-cough.html", "#Menu", "http://www.all4naturalhealth.com/symptoms-of-crohns-disease.html", "http://www.all4naturalhealth.com/treatment-for-crohns-disease.html", "http://www.all4naturalhealth.com/what-is-crohns-disease.html", "http://www.all4naturalhealth.com/living-with-crohns-disease.html", "http://www.all4naturalhealth.com/crohns-disease-and-pregnancy.html", "#Menu", "http://www.all4naturalhealth.com/cure-for-cystitis.html", "http://www.all4naturalhealth.com/what-is-interstitial-cystitis.html", "http://www.all4naturalhealth.com/interstitial-cystitis-symptoms.html", "http://www.all4naturalhealth.com/interstitial-cystitis-diet.html", "http://www.all4naturalhealth.com/interstitial-cystitis-treatment.html", "#Menu", "http://www.all4naturalhealth.com/herbal-remedies-for-depression.html", "http://www.HolisticDepressionHelp.com", "#Menu", "http://www.all4naturalhealth.com/how-to-cure-diabetes.html", "http://www.all4naturalhealth.com/diabetes-herbs.html", "http://www.all4naturalhealth.com/diabetes-early-signs.html", "http://www.all4naturalhealth.com/cause-of-type-2-diabetes.html", "http://www.all4naturalhealth.com/sugar-cause-diabetes.html", "http://www.all4naturalhealth.com/type-2-diabetes-in-children.html", "http://www.all4naturalhealth.com/pre-diabetes-diet.html", "http://www.all4naturalhealth.com/how-to-prevent-diabetes.html", "http://www.all4naturalhealth.com/diabetes-control-diet.html", "http://www.all4naturalhealth.com/diabetes-foot-pain.html", "http://www.all4naturalhealth.com/diabetes-and-impotence.html", "http://www.all4naturalhealth.com/depression-and-diabetes.html", "http://www.all4naturalhealth.com/diabetes-fatigue.html", "#Menu", "http://www.all4naturalhealth.com/diarrhea-cures.html", "http://www.all4naturalhealth.com/causes-of-diarrhea.html", "http://www.all4naturalhealth.com/stop-diarrhea.html", "http://www.all4naturalhealth.com/how-to-treat-diarrhea.html", "http://www.all4naturalhealth.com/baby-diarrhea.html", "#Menu", "http://www.all4naturalhealth.com/digestive-system-disorders.html", "#Menu", "http://www.all4naturalhealth.com/causes-of-dizziness.html", "http://www.all4naturalhealth.com/coping-with-dizziness.html", "http://www.all4naturalhealth.com/allergies-dizziness.html", "http://www.all4naturalhealth.com/anxiety-and-dizziness.html", "http://www.all4naturalhealth.com/menopause-and-dizziness.html", "#Menu", "http://www.all4naturalhealth.com/home-remedies-for-eczema.html", "http://www.all4naturalhealth.com/which-foods-cause-eczema.html", "http://www.all4naturalhealth.com/eczema-natural-cure.html", "http://www.all4naturalhealth.com/how-to-treat-eczema.html", "#Menu", "http://www.all4naturalhealth.com/endometriosis-diet.html", "http://www.all4naturalhealth.com/endometriosis-help.html", "http://www.all4naturalhealth.com/treatment-for-endometriosis.html", "http://www.all4naturalhealth.com/endometriosis-and-menopause.html", "http://www.all4naturalhealth.com/endometriosis-and-pregnancy.html", "#Menu", "http://www.all4naturalhealth.com/causes-of-epilepsy.html", "http://www.all4naturalhealth.com/epilepsy-symptoms.html", "http://www.all4naturalhealth.com/epilepsy-diet.html", "http://www.all4naturalhealth.com/epilepsy-cure.html", "http://www.all4naturalhealth.com/epilepsy-treatments.html", "#Menu", "http://www.all4naturalhealth.com/fixing-erectile-dysfunction.html", "http://www.all4naturalhealth.com/what-causes-erectile-dysfunction.html", "http://www.all4naturalhealth.com/cure-for-erectile-dysfunction.html", "http://www.all4naturalhealth.com/herbal-remedy-for-erectile-dysfunction.html", "http://www.all4naturalhealth.com/erectile-dysfunction-remedies.html", "http://www.all4naturalhealth.com/erectile-dysfunction-herbs.html", "http://www.all4naturalhealth.com/what-is-impotence.html", "http://www.all4naturalhealth.com/causes-of-male-impotence.html", "http://www.all4naturalhealth.com/impotence-in-young-men.html", "http://www.all4naturalhealth.com/impotence-and-diabetes.html", "http://www.all4naturalhealth.com/cures-for-impotence.html", "http://www.all4naturalhealth.com/impotence-natural-cure.html", "http://www.all4naturalhealth.com/impotence-remedies.html", "http://www.all4naturalhealth.com/herbal-impotence-treatment.html", "http://www.all4naturalhealth.com/diabetes-and-impotence.html", "#Menu", "http://www.all4naturalhealth.com/how-to-burn-body-fat.html", "http://www.all4naturalhealth.com/exercise-to-burn-fat.html", "http://www.all4naturalhealth.com/food-that-burn-fat.html", "http://www.all4naturalhealth.com/how-to-burn-stomach-fat.html", "http://www.all4naturalhealth.com/best-way-to-burn-fat.html", "http://www.all4naturalhealth.com/how-to-burn-belly-fat.html", "http://www.all4naturalhealth.com/how-to-burn-fat-fast.html", "http://www.all4naturalhealth.com/burn-abdominal-fat.html", "http://www.all4naturalhealth.com/fastest-way-to-burn-fat.html", "http://www.all4naturalhealth.com/best-exercise-to-burn-fat.html", "#Menu", "http://www.all4naturalhealth.com/fatigue-causes.html", "http://www.all4naturalhealth.com/chronic-fatigue-syndrome-diet.html", "http://www.all4naturalhealth.com/what-is-chronic-fatigue-syndrome.html", "http://www.all4naturalhealth.com/causes-of-chronic-fatigue.html", "http://www.all4naturalhealth.com/causes-of-extreme-fatigue.html", "http://www.all4naturalhealth.com/diabetes-fatigue.html", "http://www.all4naturalhealth.com/menopause-fatigue.html", "http://www.all4naturalhealth.com/fatigue-after-eating.html", "http://www.all4naturalhealth.com/pregnancy-fatigue.html", "http://www.all4naturalhealth.com/allergies-and-fatigue.html", "#Menu", "http://www.all4naturalhealth.com/fibromyalgia-herbs.html", "http://www.all4naturalhealth.com/fibromyalgia-cures.html", "http://www.all4naturalhealth.com/diet-and-fibromyalgia.html", "http://www.all4naturalhealth.com/fibromyalgia-supplement.html", "http://www.all4naturalhealth.com/fibromyalgia-studies.html", "http://www.all4naturalhealth.com/fibromyalgia-fatigue.html", "http://www.all4naturalhealth.com/fibromyalgia-treatments.html", "http://www.all4naturalhealth.com/exercises-for-fibromyalgia.html", "http://www.all4naturalhealth.com/signs-symptoms-of-fibromyalgia.html", "http://www.all4naturalhealth.com/fibromyalgia-depression.html", "http://www.all4naturalhealth.com/fibromyalgia-and-pregnancy.html", "http://www.all4naturalhealth.com/fibromyalgia-acupuncture-2.html", "http://www.all4naturalhealth.com/fibromyalgia-causes.html", "http://www.all4naturalhealth.com/fibromyalgia-pain-management.html", "http://www.all4naturalhealth.com/fibromyalgia-and-yoga.html", "http://www.all4naturalhealth.com/help-for-fibromyalgia.html", "http://www.fibromyalgiahope.com/", "#Menu", "http://www.all4naturalhealth.com/natural-flu-remedies.html", "http://www.all4naturalhealth.com/flu-in-children.html", "http://www.all4naturalhealth.com/influenza-prevention.html", "http://www.all4naturalhealth.com/treatment-for-influenza.html", "http://www.all4naturalhealth.com/how-to-prevent-the-flu.html", "http://www.all4naturalhealth.com/treatment-for-the-flu.html", "#Menu", "http://www.all4naturalhealth.com/symptoms-of-stress-fractures.html", "http://www.all4naturalhealth.com/stress-fracture-treatment.html", "http://www.all4naturalhealth.com/foot-stress-fractures.html", "http://www.all4naturalhealth.com/hip-stress-fracture.html", "#Menu", "http://www.all4naturalhealth.com/home-remedies-for-gallstones.html", "http://www.all4naturalhealth.com/gallstone-treatment.html", "http://www.all4naturalhealth.com/gallstone-diet.html", "http://www.all4naturalhealth.com/what-causes-gallstones.html", "http://www.all4naturalhealth.com/passing-gallstones.html", "#Menu", "http://www.all4naturalhealth.com/gastritis-symptoms.html", "http://www.all4naturalhealth.com/diet-for-gastritis.html", "http://www.all4naturalhealth.com/causes-of-gastritis.html", "http://www.all4naturalhealth.com/gastritis-treatment.html", "http://www.all4naturalhealth.com/foods-to-avoid-with-gastritis.html", "http://www.all4naturalhealth.com/what-is-gastritis.html", "#Menu", "http://www.all4naturalhealth.com/giardiasis-treatment.html", "#Menu", "http://www.all4naturalhealth.com/gingivitis-symptoms.html", "http://www.all4naturalhealth.com/cure-for-gingivitis.html", "http://www.all4naturalhealth.com/pregnancy-gingivitis.html", "http://www.all4naturalhealth.com/how-to-treat-gingivitis.html", "http://www.all4naturalhealth.com/what-is-gingivitis.html", "http://www.all4naturalhealth.com/gingivitis-treatment.html", "#Menu", "http://www.all4naturalhealth.com/gonorrhea-treatment.html", "http://www.all4naturalhealth.com/cure-for-gonorrhea.html", "#Menu", "http://www.all4naturalhealth.com/foods-to-avoid-with-gout.html", "http://www.all4naturalhealth.com/natural-gout-cures.html", "http://www.all4naturalhealth.com/herbs-for-gout.html", "http://www.all4naturalhealth.com/home-remedies-for-gout.html", "http://www.all4naturalhealth.com/cherries-and-gout.html", "http://www.all4naturalhealth.com/natural-remedies-for-gout.html", "http://www.all4naturalhealth.com/treatment-for-gout.html", "http://www.all4naturalhealth.com/diet-for-gout-patients.html", "http://www.all4naturalhealth.com/gout-herbal-remedies.html", "http://www.all4naturalhealth.com/gout-causes.html", "http://www.all4naturalhealth.com/gout-remedies.html", "#Menu", "http://www.all4naturalhealth.com/what-is-graves-disease.html", "http://www.all4naturalhealth.com/graves-disease-diet.html", "http://www.all4naturalhealth.com/graves-eye-disease.html", "http://www.all4naturalhealth.com/graves-disease-treatment.html", "http://www.all4naturalhealth.com/graves-disease-symptoms.html", "http://www.all4naturalhealth.com/diet-for-graves-disease.html", "#Menu", "http://www.all4naturalhealth.com/herbs-for-hair-growth.html", "http://www.all4naturalhealth.com/reverse-baldness.html", "http://www.all4naturalhealth.com/home-remedies-for-hair-growth.html", "http://www.all4naturalhealth.com/hormones-and-hair-loss.html", "http://www.all4naturalhealth.com/hair-loss-and-vitamins.html", "http://www.all4naturalhealth.com/preventing-baldness.html", "http://www.all4naturalhealth.com/home-remedy-for-hair-loss.html", "http://www.all4naturalhealth.com/coconut-oil-hair-growth.html", "http://www.all4naturalhealth.com/vitamin-e-for-hair-growth.html", "http://www.all4naturalhealth.com/what-causes-baldness.html", "http://www.all4naturalhealth.com/hair-loss-in-teens.html", "http://www.all4naturalhealth.com/how-to-prevent-hair-loss.html", "http://www.all4naturalhealth.com/natural-cure-for-hair-loss.html", "http://www.all4naturalhealth.com/fast-hair-growth-tips.html", "http://www.all4naturalhealth.com/natural-remedy-for-hair-loss.html", "http://www.all4naturalhealth.com/vitamins-for-promoting-hair-growth.html", "http://www.all4naturalhealth.com/supplements-for-hair-growth.html", "#Menu", "http://www.all4naturalhealth.com/what-causes-headaches.html", "http://www.all4naturalhealth.com/cures-for-headaches.html", "http://www.all4naturalhealth.com/home-remedies-for-headaches.html", "http://www.all4naturalhealth.com/natural-headache-remedies.html", "http://www.all4naturalhealth.com/herbs-for-headaches.html", "http://www.all4naturalhealth.com/treatment-for-headaches.html", "http://www.all4naturalhealth.com/causes-of-migraine-headaches.html", "http://www.all4naturalhealth.com/symptoms-of-migraine-headaches.html", "http://www.all4naturalhealth.com/cure-for-migraine-headache.html", "http://www.all4naturalhealth.com/herbal-remedies-for-migraines.html", "http://www.all4naturalhealth.com/migraine-diet.html", "http://www.all4naturalhealth.com/home-remedies-for-migraines.html", "http://www.all4naturalhealth.com/migraine-headache-triggers.html", "http://www.all4naturalhealth.com/treatment-for-migraines.html", "http://www.all4naturalhealth.com/what-is-a-migraine.html", "http://www.all4naturalhealth.com/migraine-food-triggers.html", "http://www.all4naturalhealth.com/types-of-migraines.html", "http://www.all4naturalhealth.com/natural-migraine-relief.html", "http://www.all4naturalhealth.com/remedies-for-migraines.html", "http://www.all4naturalhealth.com/different-types-of-headaches.html", "http://www.all4naturalhealth.com/hormone-headache.html", "http://www.all4naturalhealth.com/headache-high-blood-pressure.html", "http://www.all4naturalhealth.com/headaches-and-neck-pain.html", "http://www.all4naturalhealth.com/sinus-headache-medication.html", "http://www.all4naturalhealth.com/sinus-headache-symptoms.html", "http://www.all4naturalhealth.com/sinus-headache-relief.html", "http://www.all4naturalhealth.com/menopause-headaches.html", "http://www.all4naturalhealth.com/menstrual-headache.html", "http://www.all4naturalhealth.com/lupus-headache.html", "http://www.all4naturalhealth.com/spinal-headaches.html", "http://www.all4naturalhealth.com/temple-headache.html", "http://www.all4naturalhealth.com/headache-on-top-of-head.html", "http://www.all4naturalhealth.com/cluster-headache-treatment.html", "http://www.all4naturalhealth.com/menstrual-migraines.html", "#Menu", "http://www.all4naturalhealth.com/herbs-for-the-heart.html", "#Menu", "#Menu", "http://www.all4naturalhealth.com/what-is-a-hemorrhoid.html", "http://www.all4naturalhealth.com/what-causes-hemorrhoids.html", "http://www.all4naturalhealth.com/hemorrhoid-remedy.html", "http://www.all4naturalhealth.com/hemorrhoid-cures.html", "http://www.all4naturalhealth.com/external-hemorrhoid-treatment.html", "http://www.all4naturalhealth.com/healing-hemorrhoids.html", "#Menu", "http://www.all4naturalhealth.com/symptoms-of-hepatitis-c.html", "http://www.all4naturalhealth.com/hepatitis-c-cures.html", "http://www.all4naturalhealth.com/hepatitis-c-treatments.html", "#Menu", "http://www.all4naturalhealth.com/herbal-treatments-for-herpes.html", "http://www.all4naturalhealth.com/living-with-genital-herpes.html", "http://www.all4naturalhealth.com/natural-cures-for-herpes.html", "#Menu", "http://www.all4naturalhealth.com/lowering-blood-pressure-naturally.html", "http://www.all4naturalhealth.com/high-blood-pressure-herbs.html", "http://www.all4naturalhealth.com/what-causes-hypertension.html", "http://www.all4naturalhealth.com/hypertension-and-diet.html", "http://www.all4naturalhealth.com/exercise-and-hypertension.html", "http://www.all4naturalhealth.com/hypertension-and-stress.html", "http://www.all4naturalhealth.com/treatments-for-hypertension.html", "http://www.all4naturalhealth.com/causes-for-high-blood-pressure.html", "http://www.all4naturalhealth.com/reasons-for-high-blood-pressure.html", "http://www.all4naturalhealth.com/high-blood-pressure-warning-signs.html", "http://www.all4naturalhealth.com/how-to-reduce-blood-pressure.html", "http://www.all4naturalhealth.com/hypertension-prevention.html", "http://www.all4naturalhealth.com/exercises-to-lower-blood-pressure.html", "http://www.all4naturalhealth.com/foods-that-lower-blood-pressure.html", "http://www.all4naturalhealth.com/herbs-for-hypertension.html", "http://www.all4naturalhealth.com/high-blood-pressure-supplements.html", "http://www.all4naturalhealth.com/hypertension-natural-remedies.html", "http://www.all4naturalhealth.com/quickly-lower-blood-pressure.html", "#Menu", "http://www.all4naturalhealth.com/what-causes-hives.html", "http://www.all4naturalhealth.com/hives-treatment.html", "http://www.all4naturalhealth.com/remedy-for-hives.html", "http://www.all4naturalhealth.com/what-do-hives-look-like.html", "http://www.all4naturalhealth.com/how-to-treat-hives.html", "http://www.all4naturalhealth.com/hives-stress.html", "http://www.all4naturalhealth.com/cure-for-hives.html", "http://www.all4naturalhealth.com/symptoms-of-hives.html", "http://www.all4naturalhealth.com/get-rid-of-hives.html", "#Menu", "http://www.all4naturalhealth.com/what-causes-hpv.html", "http://www.all4naturalhealth.com/signs-of-hpv.html", "http://www.all4naturalhealth.com/hpv-virus-in-men.html", "http://www.all4naturalhealth.com/natural-cures-for-hpv.html", "http://www.all4naturalhealth.com/hpv-natural-treatment.html", "http://www.all4naturalhealth.com/hpv-cream.html", "#Menu", "http://www.all4naturalhealth.com/indigestion-causes.html", "http://www.all4naturalhealth.com/severe-indigestion.html", "http://www.all4naturalhealth.com/indigestion-pain.html", "http://www.all4naturalhealth.com/indigestion-cures.html", "http://www.all4naturalhealth.com/indigestion-remedies.html", "http://www.all4naturalhealth.com/indigestion-symptoms.html", "http://www.all4naturalhealth.com/indigestion-gas.html", "#Menu", "http://www.all4naturalhealth.com/ways-to-increase-fertility.html", "http://www.all4naturalhealth.com/signs-of-infertility.html", "http://www.all4naturalhealth.com/causes-of-female-infertility.html", "http://www.all4naturalhealth.com/male-infertility-causes.html", "http://www.all4naturalhealth.com/infertility-options.html", "http://www.all4naturalhealth.com/infertility-and-alcohol.html", "http://www.all4naturalhealth.com/common-causes-of-infertility.html", "http://www.all4naturalhealth.com/treatments-for-infertility.html", "http://www.all4naturalhealth.com/infertility-and-acupuncture.html", "http://www.all4naturalhealth.com/infertility-in-male.html", "http://www.all4naturalhealth.com/natural-infertility-treatment.html", "http://www.all4naturalhealth.com/chlamydia-and-infertility.html", "http://www.all4naturalhealth.com/hypothyroidism-and-infertility.html", "#Menu", "http://www.all4naturalhealth.com/natural-remedies-for-inflammation.html", "http://www.all4naturalhealth.com/anti-inflammatory-herbs.html", "#Menu", "http://www.all4naturalhealth.com/herbs-for-insomnia.html", "http://www.all4naturalhealth.com/overcoming-insomnia.html", "http://www.all4naturalhealth.com/insomnia-home-remedies.html", "http://www.all4naturalhealth.com/how-to-cure-insomnia.html", "http://www.all4naturalhealth.com/natural-remedies-for-insomnia.html", "http://www.all4naturalhealth.com/what-causes-insomnia.html", "http://www.all4naturalhealth.com/symptoms-of-insomnia.html", "http://www.all4naturalhealth.com/insomnia-in-children.html", "http://www.all4naturalhealth.com/insomnia-and-pregnancy.html", "http://www.all4naturalhealth.com/menopause-and-insomnia.html", "http://www.all4naturalhealth.com/help-for-insomnia.html", "http://www.all4naturalhealth.com/treatments-for-insomnia.html", "http://www.all4naturalhealth.com/melatonin-for-insomnia.html", "http://www.all4naturalhealth.com/yoga-for-insomnia.html", "http://www.all4naturalhealth.com/insomnia-tips.html", "http://www.all4naturalhealth.com/natural-cures-for-insomnia.html", "http://www.all4naturalhealth.com/herbs-for-insomnia-2.html", "http://www.all4naturalhealth.com/hypnosis-for-insomnia.html", "http://www.all4naturalhealth.com/facts-about-insomnia.html", "http://www.all4naturalhealth.com/stress-and-insomnia.html", "http://www.all4naturalhealth.com/alcohol-insomnia.html", "http://www.all4naturalhealth.com/perimenopause-insomnia.html", "#Menu", "http://www.all4naturalhealth.com/causes-of-irritable-bowel-syndrome.html", "http://www.all4naturalhealth.com/irritable-bowel-syndrome-symptoms.html", "http://www.all4naturalhealth.com/cure-irritable-bowel-syndrome.html", "http://www.all4naturalhealth.com/diet-for-irritable-bowel-syndrome.html", "http://www.all4naturalhealth.com/herbs-for-irritable-bowel-syndrome.html", "#Menu", "http://www.all4naturalhealth.com/home-remedy-for-kidney-stones.html", "http://www.all4naturalhealth.com/dissolve-kidney-stones.html", "#Menu", "http://www.all4naturalhealth.com/herbs-for-lungs.html", "#Menu", "http://www.all4naturalhealth.com/what-causes-lyme-disease.html", "http://www.all4naturalhealth.com/signs-symptoms-of-lyme-disease.html", "http://www.all4naturalhealth.com/advanced-lyme-disease.html", "http://www.all4naturalhealth.com/treatment-for-lyme-disease.html", "http://www.all4naturalhealth.com/first-symptoms-of-lyme-disease.html", "http://www.all4naturalhealth.com/later-symptoms-of-lyme-disease.html", "http://www.all4naturalhealth.com/late-stage-lyme-disease.html", "http://www.all4naturalhealth.com/is-lyme-disease-contagious.html", "http://www.all4naturalhealth.com/lyme-disease-cure.html", "http://www.all4naturalhealth.com/lyme-disease-rash.html", "http://www.all4naturalhealth.com/lyme-disease-alternative-treatments.html", "#Menu", "http://www.all4naturalhealth.com/treatment-for-macular-degeneration.html", "http://www.all4naturalhealth.com/macular-degeneration-prevention.html", "http://www.all4naturalhealth.com/vitamins-for-macular-degeneration.html", "http://www.all4naturalhealth.com/cause-of-macular-degeneration.html", "http://www.all4naturalhealth.com/macular-degeneration-cure.html", "http://www.all4naturalhealth.com/macular-degeneration-symptoms.html", "http://www.all4naturalhealth.com/macular-degeneration-help.html", "#Menu", "http://www.all4naturalhealth.com/natural-menopause-remedies.html", "http://www.all4naturalhealth.com/herbs-for-menopause-relief.html", "http://www.all4naturalhealth.com/periods-and-menopause.html", "http://www.all4naturalhealth.com/menopause-and-fatigue.html", "http://www.all4naturalhealth.com/hot-flashes-after-menopause.html", "http://www.all4naturalhealth.com/menopause-joint-pain.html", "http://www.all4naturalhealth.com/weight-gain-and-menopause.html", "http://www.all4naturalhealth.com/diet-for-menopause.html", "http://www.all4naturalhealth.com/menopause-cream.html", "http://www.all4naturalhealth.com/menopause-herbs.html", "http://www.all4naturalhealth.com/black-cohosh-and-menopause.html", "http://www.all4naturalhealth.com/menopause-evening-primrose-oil.html", "http://www.all4naturalhealth.com/menopause-red-clover.html", "http://www.all4naturalhealth.com/endometriosis-and-menopause.html", "http://www.all4naturalhealth.com/menopause-and-dizziness.html", "http://www.all4naturalhealth.com/menopause-and-insomnia.html", "http://www.all4naturalhealth.com/menopause-fatigue.html", "http://www.all4naturalhealth.com/menopause-headaches.html", "http://www.all4naturalhealth.com/menopause-and-nausea.html", "#Menu", "http://www.all4naturalhealth.com/menstrual-pain-relief.html", "http://www.all4naturalhealth.com/menstrual-cramp-relief.html", "http://www.all4naturalhealth.com/menstrual-migraines.html", "#Menu", "http://www.all4naturalhealth.com/mrsa-prevention.html", "http://www.all4naturalhealth.com/treatment-for-mrsa.html", "#Menu", "http://www.all4naturalhealth.com/what-is-multiple-sclerosis.html", "http://www.all4naturalhealth.com/what-causes-multiple-sclerosis.html", "http://www.all4naturalhealth.com/diagnosing-multiple-sclerosis.html", "http://www.all4naturalhealth.com/treatments-for-multiple-sclerosis.html", "http://www.all4naturalhealth.com/multiple-sclerosis-symptoms.html", "http://www.all4naturalhealth.com/multiple-sclerosis-diet.html", "http://www.all4naturalhealth.com/cure-for-multiple-sclerosis.html", "#Menu", "http://www.all4naturalhealth.com/causes-of-nausea.html", "http://www.all4naturalhealth.com/home-remedies-for-nausea.html", "http://www.all4naturalhealth.com/constant-nausea.html", "http://www.all4naturalhealth.com/nausea-treatment.html", "http://www.all4naturalhealth.com/ginger-for-nausea.html", "http://www.all4naturalhealth.com/nausea-remedies.html", "http://www.all4naturalhealth.com/menopause-and-nausea.html", "http://www.all4naturalhealth.com/persistent-nausea.html", "http://www.all4naturalhealth.com/cures-for-nausea.html", "#Menu", "http://www.all4naturalhealth.com/how-to-prevent-osteoporosis.html", "http://www.all4naturalhealth.com/osteoporosis-exercises.html", "http://www.all4naturalhealth.com/osteoporosis-and-calcium.html", "http://www.all4naturalhealth.com/treatments-for-osteoporosis.html", "http://www.all4naturalhealth.com/osteoporosis-therapy.html", "http://www.all4naturalhealth.com/natural-osteoporosis-treatment.html", "http://www.all4naturalhealth.com/causes-of-osteoporosis.html", "http://www.all4naturalhealth.com/symptoms-of-osteoporosis.html", "http://www.all4naturalhealth.com/reversing-osteoporosis.html", "http://www.all4naturalhealth.com/signs-of-osteoporosis.html", "http://www.all4naturalhealth.com/effects-of-osteoporosis.html", "http://www.all4naturalhealth.com/cure-for-osteoporosis.html", "#Menu", "http://www.all4naturalhealth.com/herbs-for-parasites.html", "http://www.all4naturalhealth.com/parasites-in-the-human-body.html", "http://www.all4naturalhealth.com/symptoms-of-parasites.html", "http://www.all4naturalhealth.com/parasite-diet.html", "http://www.all4naturalhealth.com/parasite-cleansing-program.html", "http://www.all4naturalhealth.com/parasite-colon-cleanse.html", "http://www.all4naturalhealth.com/intestinal-parasites-in-humans.html", "http://www.all4naturalhealth.com/full-body-detox.html#Parasites", "#Menu", "http://www.all4naturalhealth.com/what-is-parkinsons-disease.html", "http://www.all4naturalhealth.com/parkinsons-disease-symptoms.html", "http://www.all4naturalhealth.com/treatment-for-parkinsons-disease.html", "#Menu", "http://www.all4naturalhealth.com/treatment-for-pneumonia.html", "http://www.all4naturalhealth.com/treating-pneumonia.html", "#Menu", "http://www.all4naturalhealth.com/pms-vitamins.html", "http://www.all4naturalhealth.com/pms-herbs.html", "http://www.all4naturalhealth.com/signs-of-pms.html", "http://www.all4naturalhealth.com/premenstrual-syndrome-treatment.html", "http://www.all4naturalhealth.com/pms-cramps.html", "http://www.all4naturalhealth.com/pms-supplements.html", "#Menu", "http://www.all4naturalhealth.com/herbal-prostate-treatment.html", "#Menu", "http://www.all4naturalhealth.com/psoriasis-natural-cure.html", "http://www.all4naturalhealth.com/diet-for-psoriasis.html", "http://www.all4naturalhealth.com/psoriasis-creams.html", "http://www.all4naturalhealth.com/home-remedies-for-psoriasis.html", "http://www.all4naturalhealth.com/healing-psoriasis.html", "http://www.all4naturalhealth.com/vitamin-for-psoriasis.html", "http://www.all4naturalhealth.com/types-of-psoriasis.html", "http://www.all4naturalhealth.com/psoriasis-help.html", "http://www.all4naturalhealth.com/psoriasis-remedies.html", "http://www.all4naturalhealth.com/psoriasis-causes.html", "http://www.all4naturalhealth.com/psoriasis-natural-remedies.html", "#Menu", "http://www.all4naturalhealth.com/what-is-scabies.html", "http://www.all4naturalhealth.com/scabies-causes.html", "http://www.all4naturalhealth.com/symptoms-of-scabies.html", "http://www.all4naturalhealth.com/treating-scabies.html", "http://www.all4naturalhealth.com/home-remedy-for-scabies.html", "#Menu", "http://www.all4naturalhealth.com/causes-of-schizophrenia.html", "http://www.all4naturalhealth.com/living-with-schizophrenia.html", "http://www.all4naturalhealth.com/signs-of-schizophrenia.html", "http://www.all4naturalhealth.com/different-types-of-schizophrenia.html", "#Menu", "http://www.all4naturalhealth.com/shingles-rash.html", "http://www.all4naturalhealth.com/what-does-shingles-look-like.html", "http://www.all4naturalhealth.com/treating-shingles.html", "http://www.all4naturalhealth.com/natural-remedies-for-shingles.html", "http://www.all4naturalhealth.com/shingles-virus.html", "http://www.all4naturalhealth.com/shingles-contagious.html", "http://www.all4naturalhealth.com/causes-of-shingles.html", "http://www.all4naturalhealth.com/symptoms-of-shingles.html", "http://www.all4naturalhealth.com/treatment-for-shingles.html", "http://www.all4naturalhealth.com/shingles-chicken-pox.html", "http://www.all4naturalhealth.com/shingles-pain-relief.html", "http://www.all4naturalhealth.com/what-is-shingles.html", "http://www.all4naturalhealth.com/shingles-on-the-face.html", "http://www.all4naturalhealth.com/cure-for-shingles.html", "http://www.all4naturalhealth.com/shingles-disease.html", "http://www.all4naturalhealth.com/home-remedies-for-shingles.html", "#Menu", "http://www.all4naturalhealth.com/sinusitis-symptoms.html", "http://www.all4naturalhealth.com/chronic-sinusitis-treatment.html", "http://www.all4naturalhealth.com/sinusitis-relief.html", "http://www.all4naturalhealth.com/treatment-for-sinusitis.html", "http://www.all4naturalhealth.com/sinusitis-natural-remedies.html", "#Menu", "http://www.all4naturalhealth.com/stomach-flu-remedies.html", "#Menu", "http://www.all4naturalhealth.com/main-causes-of-stress.html", "http://www.all4naturalhealth.com/physical-symptoms-of-stress.html", "http://www.all4naturalhealth.com/stress-management-activities.html", "http://www.all4naturalhealth.com/childhood-stress.html", "http://www.all4naturalhealth.com/stress-related-illnesses.html", "http://www.all4naturalhealth.com/how-to-handle-stress.html", "http://www.all4naturalhealth.com/stress-tea.html", "http://www.all4naturalhealth.com/how-to-cope-with-stress.html", "http://www.all4naturalhealth.com/herbs-for-stress.html", "http://www.all4naturalhealth.com/ways-to-manage-stress.html", "http://www.all4naturalhealth.com/stress-acne.html", "#Menu", "http://www.all4naturalhealth.com/what-is-a-stroke.html", "http://www.all4naturalhealth.com/common-cause-of-stroke.html", "http://www.all4naturalhealth.com/signs-and-symptoms-of-stroke.html", "http://www.all4naturalhealth.com/prevention-of-strokes.html", "http://www.all4naturalhealth.com/management-of-stroke.html", "#Menu", "http://www.all4naturalhealth.com/sunburn-symptoms.html", "http://www.all4naturalhealth.com/sunburn-prevention.html", "http://www.all4naturalhealth.com/sunburn-relief.html", "http://www.all4naturalhealth.com/severe-sunburn.html", "http://www.all4naturalhealth.com/sunburn-remedies.html", "http://www.all4naturalhealth.com/treating-sunburn.html", "http://www.all4naturalhealth.com/sunburn-care.html", "http://www.all4naturalhealth.com/home-remedies-for-sunburn.html", "http://www.all4naturalhealth.com/sunburn-cure.html", "http://www.all4naturalhealth.com/bad-sunburn.html", "http://www.all4naturalhealth.com/sunburn-treatments.html", "#Menu", "http://www.all4naturalhealth.com/what-is-tinnitus.html", "http://www.all4naturalhealth.com/cause-of-tinnitus.html", "http://www.all4naturalhealth.com/tinnitus-help.html", "http://www.all4naturalhealth.com/remedies-for-tinnitus.html", "http://www.all4naturalhealth.com/tinnitus-cures.html", "#Menu", "http://www.all4naturalhealth.com/sinus-toothache.html", "http://www.all4naturalhealth.com/toothache-relief.html", "http://www.all4naturalhealth.com/toothache-home-remedies.html", "http://www.all4naturalhealth.com/toothache-remedies.html", "http://www.all4naturalhealth.com/toothache-pain-relief.html", "http://www.all4naturalhealth.com/relieve-toothache.html", "#Menu", "http://www.all4naturalhealth.com/trichomoniasis-treatment.html", "#Menu", "http://www.all4naturalhealth.com/what-are-triglycerides.html", "http://www.all4naturalhealth.com/causes-of-high-triglycerides.html", "http://www.all4naturalhealth.com/lowering-triglycerides.html", "http://www.all4naturalhealth.com/diet-to-lower-triglycerides.html", "http://www.all4naturalhealth.com/normal-triglyceride-levels.html", "http://www.all4naturalhealth.com/high-triglyceride-symptoms.html", "http://www.all4naturalhealth.com/how-to-lower-triglycerides.html", "http://www.all4naturalhealth.com/triglyceride-diet.html", "http://www.all4naturalhealth.com/elevated-triglycerides.html", "http://www.all4naturalhealth.com/reduce-triglycerides.html", "http://www.all4naturalhealth.com/diet-for-high-triglycerides.html", "http://www.all4naturalhealth.com/low-triglyceride-diet.html", "http://www.all4naturalhealth.com/foods-that-lower-triglycerides.html", "http://www.all4naturalhealth.com/low-triglycerides.html", "#Menu", "http://www.all4naturalhealth.com/what-is-tuberculosis.html", "http://www.all4naturalhealth.com/history-of-tuberculosis.html", "http://www.all4naturalhealth.com/tuberculosis-cause.html", "http://www.all4naturalhealth.com/tuberculosis-symptoms.html", "http://www.all4naturalhealth.com/effects-of-tuberculosis.html", "http://www.all4naturalhealth.com/how-to-prevent-tuberculosis.html", "http://www.all4naturalhealth.com/tuberculosis-treatment.html", "http://www.all4naturalhealth.com/treatment-for-tuberculosis.html", "#Menu", "http://www.all4naturalhealth.com/causes-of-ulcerative-colitis.html", "http://www.all4naturalhealth.com/cure-for-ulcerative-colitis.html", "http://www.all4naturalhealth.com/what-is-ulcerative-colitis.html", "http://www.all4naturalhealth.com/ulcerative-colitis-symptoms.html", "http://www.all4naturalhealth.com/ulcerative-colitis-diet.html", "http://www.all4naturalhealth.com/ulcerative-colitis-treatment.html", "#Menu", "http://www.all4naturalhealth.com/gastric-ulcer-symptoms.html", "http://www.all4naturalhealth.com/stomach-ulcer-diet.html", "http://www.all4naturalhealth.com/gastric-ulcer-treatment.html", "http://www.all4naturalhealth.com/diet-for-stomach-ulcers.html", "http://www.all4naturalhealth.com/mouth-ulcer-treatment.html", "#Menu", "http://www.all4naturalhealth.com/what-is-vaginitis.html", "http://www.all4naturalhealth.com/treatment-for-vaginitis.html", "http://www.all4naturalhealth.com/vaginitis-symptoms.html", "http://www.all4naturalhealth.com/bacterial-vaginitis-treatment.html", "#Menu", "http://www.all4naturalhealth.com/cause-of-varicose-veins.html", "http://www.all4naturalhealth.com/remedies-for-varicose-veins.html", "http://www.all4naturalhealth.com/varicose-veins-during-pregnancy.html", "http://www.all4naturalhealth.com/testicular-varicose-veins.html", "http://www.all4naturalhealth.com/varicose-veins-symptoms.html", "http://www.all4naturalhealth.com/get-rid-of-varicose-veins.html", "http://www.all4naturalhealth.com/varicose-veins-pregnancy.html", "http://www.all4naturalhealth.com/varicose-veins-in-legs.html", "http://www.all4naturalhealth.com/varicose-veins-treatments.html", "http://www.all4naturalhealth.com/varicose-vein-pain.html", "http://www.all4naturalhealth.com/vaginal-varicose-veins.html", "#Menu", "http://www.all4naturalhealth.com/antiviral-herbs.html", "http://www.all4naturalhealth.com/what-are-viruses.html", "http://www.all4naturalhealth.com/common-cold-virus.html", "http://www.all4naturalhealth.com/different-types-of-viruses.html", "#Menu", "http://www.all4naturalhealth.com/different-types-of-warts.html", "http://www.all4naturalhealth.com/warts-on-feet.html", "http://www.all4naturalhealth.com/natural-wart-removal.html", "http://www.all4naturalhealth.com/home-remedy-for-warts.html", "http://www.all4naturalhealth.com/treating-genital-warts.html", "http://www.all4naturalhealth.com/what-causes-warts.html", "http://www.all4naturalhealth.com/warts-and-moles.html", "http://www.all4naturalhealth.com/duct-tape-warts.html", "http://www.all4naturalhealth.com/warts-on-the-face.html", "http://www.all4naturalhealth.com/wart-removal-home-remedies.html", "http://www.all4naturalhealth.com/genital-warts-medication.html", "http://www.all4naturalhealth.com/removing-genital-warts.html", "http://www.all4naturalhealth.com/what-do-warts-look-like.html", "http://www.all4naturalhealth.com/mouth-warts.html", "http://www.all4naturalhealth.com/natural-wart-remover.html", "http://www.all4naturalhealth.com/home-remedies-for-genital-warts.html", "http://www.all4naturalhealth.com/how-to-treat-genital-warts.html", "#Menu", "http://www.all4naturalhealth.com/natural-weight-loss-remedies.html", "http://www.all4naturalhealth.com/natural-herbs-for-weight-loss.html", "http://www.all4naturalhealth.com/water-fasting-weight-loss.html", "http://www.all4naturalhealth.com/juice-fasting-weight-loss.html", "http://www.all4naturalhealth.com/exercises-to-lose-weight-quickly.html", "http://www.all4naturalhealth.com/l-carnitine-weight-loss.html", "http://www.all4naturalhealth.com/fasting-and-weight-loss.html", "http://www.all4naturalhealth.com/detox-and-weight-loss.html", "#Menu", "http://www.all4naturalhealth.com/what-causes-wrinkles.html", "http://www.all4naturalhealth.com/best-wrinkle-treatment.html", "http://www.all4naturalhealth.com/anti-wrinkle-cream-reviews.html", "http://www.all4naturalhealth.com/preparation-h-wrinkles.html", "http://www.all4naturalhealth.com/home-remedies-for-wrinkles.html", "http://www.all4naturalhealth.com/best-wrinkle-creams.html", "http://www.all4naturalhealth.com/homemade-wrinkle-cream.html", "http://www.all4naturalhealth.com/retin-a-for-wrinkles.html", "#Menu", "http://www.all4naturalhealth.com/what-causes-yeast-infections.html", "http://www.all4naturalhealth.com/signs-of-a-yeast-infection.html", "http://www.all4naturalhealth.com/untreated-yeast-infection.html", "http://www.all4naturalhealth.com/yeast-infection-remedies.html", "http://www.all4naturalhealth.com/get-rid-of-yeast-infection.html", "http://www.all4naturalhealth.com/yeast-infection-home-remedies.html", "http://www.all4naturalhealth.com/natural-remedies-for-yeast-infection.html", "http://www.all4naturalhealth.com/cure-yeast-infections.html", "http://www.all4naturalhealth.com/home-remedy-for-yeast-infection.html", "http://www.all4naturalhealth.com/natural-cures-for-yeast-infections.html", "http://www.all4naturalhealth.com/home-remedies-for-yeast-infections.html", "http://www.all4naturalhealth.com/intestinal-yeast-infection.html", "http://www.all4naturalhealth.com/female-yeast-infection.html", "http://www.all4naturalhealth.com/male-yeast-infection-treatment.html", "http://www.all4naturalhealth.com/systemic-yeast-infection.html", "http://www.all4naturalhealth.com/yeast-infection-in-children.html", "http://www.all4naturalhealth.com/male-yeast-infection-symptoms.html", "http://www.all4naturalhealth.com/recurrent-yeast-infections.html", "http://www.all4naturalhealth.com/infant-yeast-infection.html", "http://www.all4naturalhealth.com/male-yeast-infection-cure.html", "#Menu", "http://www.all4naturalhealth.com/good-health-habits.html", "https://twitter.com/share", "http://www.iherb.com/?rcode=rib416", "http://www.nativeremedies.com/ailment-disease-list-remedy.html?img=828&kbid=12323", "http://www.nativeremedies.com/ailment-disease-list-remedy.html?img=828&kbid=12323", "http://www.all4naturalhealth.com"], "authors": [], "publish_date": null}