{"result_id": "363003", "URL": "https://plasma-laurentides.org/wp-content/uploads/2021/03/Leading-Edge_Chronicle2019.pdf", "timestamp": "2023-04-25 18:23:47 CEST+0200", "meta": {"description": "", "lang": null, "keywords": "", "favicon": "", "canonical": "https://plasma-laurentides.org/wp-content/uploads/2021/03/Leading-Edge_Chronicle2019.pdf", "encoding": null}, "image": null, "domain": "plasma-laurentides.org", "title": "", "cleaned_text": "", "opengraph": {}, "tags": [], "tweets": [], "movies": [], "links": [], "authors": [], "publish_date": null}