{"result_id": "365006", "URL": "https://drjoedispenza.com/", "timestamp": "2023-04-25 18:23:58 CEST+0200", "meta": {"description": "", "lang": "en", "keywords": "", "favicon": "//cdn.shopify.com/shopifycloud/shopify/assets/no-image-50-3d8cc48bd078edcd544c8d60f929ed2d8800a3fc52e0f602e84b1767e392bfcd_pico.gif", "canonical": "https://drjoedispenza.com/", "encoding": null}, "image": null, "domain": "drjoedispenza.com", "title": "The Official Website of Dr Joe Dispenza", "cleaned_text": "\u201cWhen we stop doubting, we start believing in our new life. We behave as if it's possible \u2013 and we ultimately become it.\u201d Our community members are the boldest, bravest, most open-hearted people we know. Here are just a few of their legendary Stories of Transformation.\n\nBelieving; behaving; becoming; breaking through. Whether you join us in person, online, or in your own sacred space at home \u2026 you, too, are part of the story.", "opengraph": {"site_name": "Unlimited with Dr Joe Dispenza ", "url": "https://drjoedispenza.com/", "title": "The Official Website of Dr Joe Dispenza", "type": "website", "description": "Dr Joe holds a Bachelor of Science degree and is a Doctor of Chiropractic. His post graduate training includes the fields of neuroscience and neuroplasticity, quantitative electroencephalogram (QEEG) measurements, epigenetics, mind-body medicine, and brain/heart coherence."}, "tags": [], "tweets": [], "movies": [], "links": [], "authors": [], "publish_date": null}