{"result_id": "366016", "URL": "https://nirogstreet.com/blog/coronavirus-updates/eu-signs-3rd-contract-with-biontech-pfizer-for-1.8bn-vax-doses", "timestamp": "2023-04-25 18:24:11 CEST+0200", "meta": {"description": "Brussels, May 21 (IANS) The European Union (EU) has signed a third contract with pharmaceutical companies BioNTech and Pfizer, securing an additional 1.8 billion Covid-19 vaccine doses between the end of 2021 and 2023.", "lang": "en", "keywords": "", "favicon": "/base/images/pharmacy.png", "canonical": "https://nirogstreet.com/blog/coronavirus-updates/eu-signs-3rd-contract-with-biontech-pfizer-for-1.8bn-vax-doses", "encoding": "utf-8"}, "image": null, "domain": "nirogstreet.com", "title": "EU signs 3rd contract with BioNTech-Pfizer for 1.8bn vax doses", "cleaned_text": "Brussels, May 21 (IANS) The European Union (EU) has signed a third contract with pharmaceutical companies BioNTech and Pfizer, securing an additional 1.8 billion Covid-19 vaccine doses between the end of 2021 and 2023.\n\nThe European Commission said in a statement on Thursday that the new contract requires that the vaccine production is based in the EU and those essential components are sourced within the bloc, reports Xinhua news agency.\n\nIt also stipulates that from the start of the supply in 2022, timely delivery to the EU is guaranteed.\n\nMember states can resell or donate doses to countries in need outside the EU or through the COVAX Facility, contributing to global and fair access to the vaccine across the world, according to the statement.\n\n\"Potential contracts with other manufacturers will follow the same model, to the benefit of all,\" said European Commission President Ursula von der Leyen.\n\nEuropean Commissioner for Health and Food Safety Stella Kyriakides added that the EU was prioritising \"technologies that have proven their worth\", like mRNA vaccines, but it was keeping its options open.\n\nThe EU has already signed contracts with AstraZeneca, Sanofi-GSK, Janssen Pharmaceutica NV, CureVac and Moderna for vaccine supplies.\n\nThe Commission has granted conditional marketing authorization for the vaccines developed by BioNTech and Pfizer, Moderna, AstraZeneca, as well as Johnson and Johnson.\n\nThis diversified portfolio ensures the EU has access to enough doses to immunise its whole population, including for the virus variants, the Commission said in the statement.", "opengraph": {"title": "EU signs 3rd contract with BioNTech-Pfizer for 1.8bn vax doses", "description": "Brussels, May 21 (IANS) The European Union (EU) has signed a third contract with pharmaceutical companies BioNTech and Pfizer, securing an additional 1.8 billion Covid-19 vaccine doses between the end of 2021 and 2023.", "type": "Website", "url": "https://nirogstreet.com/blog/coronavirus-updates/eu-signs-3rd-contract-with-biontech-pfizer-for-1.8bn-vax-doses", "image": "https://s3-ap-southeast-1.amazonaws.com/nirog/images/blogs/http://iansphoto.in/web/photoimages_new/400/2020/12/13/a75d2a99467f154ac51b9779e32d13da.jpg", "image:width": "500", "image:height": "500", "site_name": "NirogStreet"}, "tags": [], "tweets": [], "movies": [], "links": [], "authors": [], "publish_date": null}