{"result_id": "366041", "URL": "https://nirogstreet.com/blog/amp/coronavirus-updates/tn-should-take-over-hll-biotech-vaccine-unit-for-covid", "timestamp": "2023-04-25 18:24:26 CEST+0200", "meta": {"description": "", "lang": "en", "keywords": "", "favicon": "", "canonical": "https://nirogstreet.com/blog/coronavirus-updates/tn-should-take-over-hll-biotech-vaccine-unit-for-covid", "encoding": "utf-8"}, "image": null, "domain": "nirogstreet.com", "title": "'TN should take over HLL Biotech vaccine unit for Covid'", "cleaned_text": "Chennai, May 20 (IANS) The Tamil Nadu government should take over the HLL Biotech Ltd's integrated vaccine complex at Chengalpattu by bidding successfully and ask Bharat Biotech Ltd to fill and pack its Covaxin vaccine for Covid-19, suggests group of noted personalities including retired High Court judges, bureaucrats and others.\n\nAlternatively, they also suggested that the Central government provide funds for production of Covaxin using the Compulsory Licensing option.\n\nNoting that Covaxin was developed and tested with National Institute of Virology and Indian Council of Medical Research (ICMR) funding, they said the pandemic is a national disaster/emergency, and the vaccine should not be handed over to the private sector now.\n\nHLL Biotech has invited bids from interested parties to run the integrated vaccine complex.\n\nIn a letter to Chief Minister M.K.Stalin, the group said the state government should take control of the vaccine unit through a successful tender bid by one of its enterprises like TIDCO.\n\n\"This will be a pioneering initiative in bio-technology which will pave way for many more to come up,\" they said.\n\nAccording to them, Bharat Biotech can be asked to use the unit for filling and packing Covaxin alone and not to take over as proposed in the tender for 15 years.\n\nInterested state governments can be asked to place orders for Covid-19 vaccine and provide advance with which the vaccine production can start.\n\n\"The profit margin can be used to make the unit fully functional over a short period of time,\" they said.\n\nAccording to them, the Tamil Nadu government can finance partially and ask banks under a consortium to lend more with a concrete purchase order for vaccine.\n\nThe State Bank of India (SBI) has provided two term loans of Rs 100 crore and Rs 154 crore along with bank guarantee and letter of credit facilities.", "opengraph": {}, "tags": [], "tweets": [], "movies": [], "links": [], "authors": [], "publish_date": null}