{"result_id": "369025", "URL": "https://www.earthclinic.com/pets/vaccination_side_effects.html?toc=Parvo+Vaccine&ratingvalue=0&sortby=latest", "timestamp": "2023-04-25 18:26:49 CEST+0200", "meta": {"description": "Side effects from pet vaccinations are a serious matter and can sometimes result in death. Learn important facts to protect your pets' health!", "lang": "en", "keywords": "vaccinations, vaccine, side effects, dog vaccinations, cat vaccinations, rabies vaccine", "favicon": "/assets/images/774605510e7c65f6e12950ca622549ae_favicon.ico", "canonical": "https://www.earthclinic.com/pets/vaccination_side_effects.html?toc=Parvo+Vaccine&ratingvalue=0&sortby=latest", "encoding": "utf-8"}, "image": null, "domain": "www.earthclinic.com", "title": "Vaccination Side Effects in Pets", "cleaned_text": "Please note that we use cookies necessary for the functioning of our website, cookies that optimize the performance. To learn more about our cookies, how we use them and their benefits, please read our", "opengraph": {"image": "https://www.earthclinic.com/images/pages/pet-vaccination-side-effects.jpg", "type": "website", "url": "https://www.earthclinic.com/pets/vaccination_side_effects.html?toc=Parvo+Vaccine&ratingvalue=0&sortby=latest", "title": "Vaccination Side Effects in Pets", "description": "Side effects from pet vaccinations are a serious matter and can sometimes result in death. Learn important facts to protect your pets' health!"}, "tags": [], "tweets": [], "movies": [], "links": ["/privacy-policy.html"], "authors": [], "publish_date": null}