{"result_id": "369033", "URL": "https://www.earthclinic.com/pets/rabies-vaccine-side-effects-treatment.html?toc=Raw+Diet&ratingvalue=6&sortby=latest", "timestamp": "2023-04-25 18:26:56 CEST+0200", "meta": {"description": "Treatments for side effects from the Rabies Vaccine in dogs include homeopathic Thuja, Benadryl, goldenseal, colloidal silver, bentonite clay, and charcoal.", "lang": "en", "keywords": "treatment, rabies, vaccine, side effects, Thuja, Benadryl, colloidal silver, activated charcoal powder", "favicon": "/assets/images/774605510e7c65f6e12950ca622549ae_favicon.ico", "canonical": "https://www.earthclinic.com/pets/rabies-vaccine-side-effects-treatment.html?toc=Raw+Diet&ratingvalue=6&sortby=latest", "encoding": "utf-8"}, "image": null, "domain": "www.earthclinic.com", "title": "Treating Side Effects of Rabies Vaccine in Dogs", "cleaned_text": "Please note that we use cookies necessary for the functioning of our website, cookies that optimize the performance. To learn more about our cookies, how we use them and their benefits, please read our", "opengraph": {"image": "https://www.earthclinic.com/images/pages/fb-default.png", "type": "website", "url": "https://www.earthclinic.com/pets/rabies-vaccine-side-effects-treatment.html?toc=Raw+Diet&ratingvalue=6&sortby=latest", "title": "Treating Side Effects of Rabies Vaccine in Dogs", "description": "Treatments for side effects from the Rabies Vaccine in dogs include homeopathic Thuja, Benadryl, goldenseal, colloidal silver, bentonite clay, and charcoal."}, "tags": [], "tweets": [], "movies": [], "links": ["/privacy-policy.html"], "authors": [], "publish_date": null}