{"result_id": "370013", "URL": "https://www.drhomeo.com/autism/autism-treatment-testimonials/", "timestamp": "2023-04-25 18:27:26 CEST+0200", "meta": {"description": "Homeopathic treatment for autism - some testomonials that talk about the role of homeopathy in treating autism and other developmental issues.", "lang": "en", "keywords": "", "favicon": "https://drhomeo.wpenginepowered.com/wp-content/themes/news/images/favicon.ico", "canonical": "https://www.drhomeo.com/autism/autism-treatment-testimonials/", "encoding": "UTF-8"}, "image": null, "domain": "www.drhomeo.com", "title": "Autism Treatment Testimonials", "cleaned_text": "Legal Disclaimer -None of the medicines mentioned including services , mentioned at Drhomeo.com should be used without clearance from your physician or health care provider. We do not claim to cure any disease which is considered' incurable ' on the basis of scientific facts by modern medicine .The website\u2019s content is not a substitute for direct, personal, professional medical care and diagnosis. .", "opengraph": {"locale": "en_US", "type": "article", "title": "Autism Treatment Testimonials - Homeopathy at DrHomeo.com", "description": "Homeopathic treatment for autism - some testomonials that talk about the role of homeopathy in treating autism and other developmental issues.", "url": "https://www.drhomeo.com/autism/autism-treatment-testimonials/", "site_name": "Homeopathy at DrHomeo.com", "article:publisher": "https://www.facebook.com/pages/DrHomeo/292178394174737?", "article:section": "Autism", "article:published_time": "2016-05-25T05:08:33+00:00", "article:modified_time": "2018-08-17T13:06:16+00:00", "updated_time": "2018-08-17T13:06:16+00:00"}, "tags": [], "tweets": [], "movies": [], "links": [], "authors": [], "publish_date": "2016-05-25T05:08:33+00:00"}