{"result_id": "370029", "URL": "https://www.drhomeo.com/homeopathic-treatment/homeopathic-medicines-keloid/", "timestamp": "2023-04-25 18:27:46 CEST+0200", "meta": {"description": "Best Homeopathic medicines for keloids are silicea and thiosinaminum . Homeopathic remedies for keloid scars on chest are very effective, safe and natural .", "lang": "en", "keywords": "", "favicon": "https://drhomeo.wpenginepowered.com/wp-content/themes/news/images/favicon.ico", "canonical": "https://www.drhomeo.com/homeopathic-treatment/homeopathic-medicines-keloid/", "encoding": "UTF-8"}, "image": null, "domain": "www.drhomeo.com", "title": "6 Best Homeopathic Medicines For Keloids", "cleaned_text": "A thick, raised, firm and mostly irregular growth over a scar that is usually red or pink in colour is called Keloid. Any injury to the skin results in a scar forming as a part of the normal repair process of the body. In some cases, however, the amount of scar tissue exceeds what is required in a normal healing process. This results in formation of a thick, raised, firm growth over the scar area. Another term used for scars is Cicatrices. Keloids give a shining appearance and have a smooth surface. Itching and pain in Keloids may also occur. The cause behind scarring is injury to skin, including accidental traumatic injuries or surgical cuts, burns, vaccination site, acne, chicken pox, piercing of ear lobes. Keloids can be effectively treated with Homeopathic remedies. The Homeopathic treatment for keloids is based on natural medicines which are absolutely free from side effects. The time taken to completely treat Keloids with Homeopathic remedies varies from case to case, depending upon the size and duration of the presence of the firm growth on the skin.\n\nThe Top Homeopathic medicines for keloids are Thiosinaminum, Graphites, Silicea, Nitric Acid, Fluoric Acid, Causticum, Calendula and Thuja\n\nThiosinaminum: One of the Best Homeopathic treatment for Keloids\n\nThiosinaminum is one of the most effective Homeopathic medicines to treat Keloids. This natural Homeopathic remedy is very strong and powerful enough to dissolve the scar tissue. It can be prescribed for the treatment of all kinds of Keloids irrespective of the cause. The use of Homeopathic medicine Thiosinaminum is totally free from side effects.\n\nGraphites: One of the best Homeopathic Medicines for Keloids in early stage\n\nGraphites is a Homeopathic medicine of great help for the early stage of Keloid formation. Graphites acts very effectively in the very beginning of Keloid formation to absorb the scar tissue and dissolve the Keloid. Homeopathic remedy Graphites puts a halt in the progression of Keloid, followed by its complete disappearance.\n\nSilicea: One of the Best Homeopathic medicines for Keloids that are Painful\n\nSilicea is an excellent natural Homeopathic medicine to deal with Keloids that are painful. Silicea has a great power to decrease the pain and dissolve the unnecessary cicatricial tissue resulting in formation of Keloids. Silicea is one of the top Homeopathic medicines for keloids having an affinity for treating a variety of skin diseases. In addition to painful Keloids, excessive offensive sweat on feet and sensitivity towards cold air may be present.\n\nNitric Acid: One of the top Homeopathic medicines for Keloids with sharp, splinter-like pain\n\nA few patients having Keloids may also have sharp pains that feel like splinters and Nitric Acid is the most appropriate natural Homeopathic remedy for such patients. The Keloid looks irregular in shape and is often jagged in appearance. A very peculiar feature for using Homeopathic medicine Nitric Acid is highly offensive urine.\n\nFluoric Acid: One the Top Grade Homeopathic Medcines for Keloids with Itching\n\nHomeopathic medicine Fluoric Acid is the best natural mode of treatment for Keloids that itch. The itching disappears following the use of Fluoric Acid. Side by side, the Keloid also begins to shrink with the use of Homeopathic remedy Fluoric Acid. The itching may get worse by heat.\n\nCausticum: Best Homeopathic medicine for Keloid formation on scars due to burns\n\nCausticum ranks as the top natural Homeopathic medicine for Keloid formation following burns. It works well in treatment of both Keloid formation soon after burns and when old burn scars resurface and re-freshen, leading to Keloid formation.\n\nCalendula: Homeopathic medicine for Keloid formation after traumatic and surgical injuries\n\nCalendula is one of the top Homeopathic medicines in treating skin injury cases. This natural Homeopathic remedy can be used in all cases of Keloids that have formed following skin injuries either due to accidental trauma or cuts from surgical operations. Calendula can also act as a preventive Homeopathic medicine against Keloid formation with the application of Calendula tincture over the affected traumatic side as soon as possible. In such cases, Homeopathic remedy Calendula makes sure to heal the wound by first intention with least possible scar tissue formation. The scar disappears on its own and there is no chance of its overgrowth.\n\nAn ideal Homeopathic medicine for treating Keloids at vaccination sites is Thuja. This natural Homeopathic remedy is very beneficial as a treatment for Keloids that are formed at vaccination sites.", "opengraph": {"locale": "en_US", "type": "article", "title": "6 Best Homeopathic Medicines For Keloids", "description": "Best Homeopathic medicines for keloids are silicea and thiosinaminum . Homeopathic remedies for keloid scars on chest are very effective, safe and natural .", "url": "https://www.drhomeo.com/homeopathic-treatment/homeopathic-medicines-keloid/", "site_name": "Homeopathy at DrHomeo.com", "article:publisher": "https://www.facebook.com/pages/DrHomeo/292178394174737?", "article:section": "HOMEOPATHIC TREATMENT", "article:published_time": "2015-09-25T11:07:48+00:00", "article:modified_time": "2017-01-12T08:51:13+00:00", "updated_time": "2017-01-12T08:51:13+00:00"}, "tags": [], "tweets": [], "movies": [], "links": ["https://plus.google.com/share?url=https%3A%2F%2Fwww.drhomeo.com%2Fhomeopathic-treatment%2Fhomeopathic-medicines-keloid%2F&t=6%20Best%20Homeopathic%20Medicines%20For%20Keloids", "#", "http://www.linkedin.com/shareArticle?mini=true&url=https%3A%2F%2Fwww.drhomeo.com%2Fhomeopathic-treatment%2Fhomeopathic-medicines-keloid%2F&title=6%20Best%20Homeopathic%20Medicines%20For%20Keloids", "http://drhomeo.wpenginepowered.com/wp-content/uploads/2015/09/keloid_scar.jpg"], "authors": [], "publish_date": "2015-09-25T11:07:48+00:00"}