{"result_id": "371012", "URL": "https://www.planetayurveda.com/library/tag/lifestyle/page/13/", "timestamp": "2023-04-25 18:28:32 CEST+0200", "meta": {"description": "", "lang": "en", "keywords": "", "favicon": "https://www.planetayurveda.com/wp-content/uploads/2019/01/fav.png", "canonical": "https://www.planetayurveda.com/library/tag/lifestyle/page/13/", "encoding": "UTF-8"}, "image": null, "domain": "www.planetayurveda.com", "title": "Dengue Fever", "cleaned_text": "Ayurvedic Treatment of Agoraphobia Introduction Herbal Remedies About Agoraphobia Agoraphobia is being afraid to be in certain situation, where an individual finds it difficult to escape or individuals fear that no help will be available if anything goes wrong. An individual suffering from this condition is afraid of visiting shopping malls, travelling by public transport or even leaving their homes. It is basically defined as the anxiety disorder, where you are afraid of certain places and often avoid the situations,", "opengraph": {"locale": "en_US", "type": "article", "title": "Dengue Fever - Planet Ayurveda", "url": "https://www.planetayurveda.com/library/dengue-fever/", "site_name": "Planet Ayurveda", "image": "https://www.planetayurveda.com/wp-content/uploads/2020/04/dr-vikram-chauhan.jpg", "image:width": "413", "image:height": "413", "image:type": "image/jpeg"}, "tags": ["Newer posts", "Older posts"], "tweets": [], "movies": [], "links": ["https://www.planetayurveda.com/library/agoraphobia/"], "authors": [], "publish_date": "April 25, 2019"}